{"type":"FeatureCollection","metadata":{"extractedAt":"2026-08-10T09:44:14.276Z","source":"OpenStreetMap via Overpass API","license":"ODbL 1.0","attribution":"© OpenStreetMap contributors"},"features":[{"type":"Feature","properties":{"id":"way/28207144","kind":"overhead","voltageClass":"high","voltageKv":400,"name":"Línea de alta tensión Arcos de la Frontera - Don Rodrigo 1 y Arcos de la Frontera - Don Rodrigo 2","circuits":2,"cables":"6","source":"osm"},"geometry":{"type":"LineString","coordinates":[[-5.82048,36.67282],[-5.82023,36.67511],[-5.82118,36.67827],[-5.8223,36.68202],[-5.82332,36.68543],[-5.82442,36.68913],[-5.82544,36.69258],[-5.82655,36.69628],[-5.82765,36.69999],[-5.8291,36.70486],[-5.83108,36.71148],[-5.83227,36.71548],[-5.83317,36.71851],[-5.83418,36.72191],[-5.83555,36.7265],[-5.83652,36.72973],[-5.83828,36.73563],[-5.83926,36.73893],[-5.84032,36.74249],[-5.84199,36.74807],[-5.84312,36.75187],[-5.84399,36.75478],[-5.84578,36.7608],[-5.84679,36.76417],[-5.84624,36.76826],[-5.84571,36.77216],[-5.84525,36.7756],[-5.84478,36.77909],[-5.84426,36.78286],[-5.84376,36.78662],[-5.84321,36.79067],[-5.84268,36.79458],[-5.8423,36.79744],[-5.84146,36.80365],[-5.84099,36.80712],[-5.8402,36.81293],[-5.83992,36.81504],[-5.83917,36.82058],[-5.83886,36.82289],[-5.83849,36.82565],[-5.83781,36.83057],[-5.83738,36.8338],[-5.83683,36.83786],[-5.83634,36.84149],[-5.8358,36.8455],[-5.83532,36.84905],[-5.83491,36.85212],[-5.83428,36.85673],[-5.83392,36.85942],[-5.83348,36.86269],[-5.83296,36.86634],[-5.83223,36.87189],[-5.83173,36.87552],[-5.83129,36.87881],[-5.83098,36.88112],[-5.83073,36.88296],[-5.83005,36.88796],[-5.82919,36.89431],[-5.82891,36.89639],[-5.82826,36.90116],[-5.82762,36.90589],[-5.82698,36.91058],[-5.82657,36.91359],[-5.82623,36.91611],[-5.82554,36.92119],[-5.82511,36.92438],[-5.82414,36.92705],[-5.82286,36.93057],[-5.82164,36.93393],[-5.82058,36.93685],[-5.81908,36.94098],[-5.81804,36.94382],[-5.81684,36.94712],[-5.81573,36.9502],[-5.81433,36.95403],[-5.81344,36.95648],[-5.81186,36.96081],[-5.81087,36.96354],[-5.80921,36.96811],[-5.80767,36.97234],[-5.80681,36.9747],[-5.80543,36.97847],[-5.80404,36.98229],[-5.80279,36.98571],[-5.80091,36.99089],[-5.79924,36.99547],[-5.79754,37.00012],[-5.79639,37.00328],[-5.79485,37.0075],[-5.7936,37.01092],[-5.79242,37.01418],[-5.7911,37.01779],[-5.78976,37.02146],[-5.78853,37.02484],[-5.78703,37.02895],[-5.78803,37.03349],[-5.78874,37.03673],[-5.78959,37.04059],[-5.79037,37.04419],[-5.79126,37.04822],[-5.79202,37.05168],[-5.79296,37.05595],[-5.79393,37.06032],[-5.79455,37.06313],[-5.79522,37.06616],[-5.79578,37.06868],[-5.79643,37.07167],[-5.79719,37.0751],[-5.79796,37.07862],[-5.79874,37.08215],[-5.79956,37.08581],[-5.80038,37.08955],[-5.80117,37.09316],[-5.80209,37.09729],[-5.80321,37.10005],[-5.80453,37.10326],[-5.8057,37.10613],[-5.80743,37.11037],[-5.8091,37.11446],[-5.81043,37.11769],[-5.81186,37.12119],[-5.81339,37.12495],[-5.81515,37.12923],[-5.81676,37.13316],[-5.81825,37.13683],[-5.81973,37.14043],[-5.8212,37.14402],[-5.82269,37.14766],[-5.82421,37.15136],[-5.82518,37.15374],[-5.82695,37.15806],[-5.82854,37.16194],[-5.82972,37.16481],[-5.83089,37.16769],[-5.83134,37.17132],[-5.83178,37.17514],[-5.83223,37.17899],[-5.83268,37.18273],[-5.83313,37.18646],[-5.83356,37.19008],[-5.83399,37.19367],[-5.83435,37.19679],[-5.83475,37.20013],[-5.83519,37.20383],[-5.83559,37.2071],[-5.83602,37.21071],[-5.83642,37.21407],[-5.83679,37.21723],[-5.83721,37.2208],[-5.83769,37.22482],[-5.83813,37.22846],[-5.83859,37.23229],[-5.8391,37.23645],[-5.83959,37.24073],[-5.84004,37.24442]]}},{"type":"Feature","properties":{"id":"way/46897351","kind":"overhead","voltageClass":"high","voltageKv":400,"name":null,"circuits":2,"cables":"6","source":"osm"},"geometry":{"type":"LineString","coordinates":[[-6.09163,37.63954],[-6.08787,37.6423],[-6.08647,37.64475],[-6.08515,37.64707],[-6.082,37.6526],[-6.08142,37.65823],[-6.08116,37.66073],[-6.08061,37.66607],[-6.07998,37.67224],[-6.07958,37.67611],[-6.0791,37.68098],[-6.07833,37.68815],[-6.07791,37.69225],[-6.07756,37.69561],[-6.07735,37.69769],[-6.07624,37.70276],[-6.07409,37.71263],[-6.07259,37.71949],[-6.07161,37.72402],[-6.07058,37.72868],[-6.06965,37.73302],[-6.06873,37.73719],[-6.06757,37.74249],[-6.06646,37.74743],[-6.06551,37.7519],[-6.06445,37.75675],[-6.06385,37.75952],[-6.06295,37.76377],[-6.06212,37.76756],[-6.06129,37.77132],[-6.05993,37.77753],[-6.05946,37.7797],[-6.0585,37.78407],[-6.05732,37.78946],[-6.05678,37.79205],[-6.05598,37.79564],[-6.05526,37.7989],[-6.05404,37.80441],[-6.05337,37.80751],[-6.05252,37.81143],[-6.05154,37.81584],[-6.05011,37.82271],[-6.0493,37.82629],[-6.04856,37.82972],[-6.04756,37.83434],[-6.0467,37.83816],[-6.04606,37.84112],[-6.04488,37.84654],[-6.04444,37.84853],[-6.04392,37.85094],[-6.04239,37.85808],[-6.04093,37.86461],[-6.03937,37.87175],[-6.03867,37.87497],[-6.03786,37.87831],[-6.03718,37.88155],[-6.03673,37.88298],[-6.03465,37.8886],[-6.03251,37.89464],[-6.03172,37.89678],[-6.02982,37.90229],[-6.02857,37.90579],[-6.02611,37.91276],[-6.02362,37.91979],[-6.02168,37.92537],[-6.02065,37.92831],[-6.01875,37.9337],[-6.01671,37.93947],[-6.01531,37.94347],[-6.01367,37.94815],[-6.01188,37.95316],[-6.01005,37.95818],[-6.00801,37.96411],[-6.00635,37.96883],[-6.00491,37.97292],[-6.00224,37.98046],[-6.00136,37.98289],[-5.99894,37.98979],[-5.99719,37.9948],[-5.99599,37.9981],[-5.9949,38.0014],[-5.99294,38.00704],[-5.99156,38.01089],[-5.99012,38.01494],[-5.98893,38.01827],[-5.98822,38.02017],[-5.98639,38.02548],[-5.98506,38.02923],[-5.98374,38.03301],[-5.98179,38.03845],[-5.98055,38.04203],[-5.97931,38.04547],[-5.97761,38.05025],[-5.97598,38.05488],[-5.97407,38.06031],[-5.9728,38.06391],[-5.97123,38.06839],[-5.96948,38.07333],[-5.96856,38.07595],[-5.96676,38.08101],[-5.96486,38.08637],[-5.96358,38.09001],[-5.96223,38.09381],[-5.96105,38.09715],[-5.95921,38.10237],[-5.95705,38.10842],[-5.95597,38.11152],[-5.95413,38.11672],[-5.95294,38.12009],[-5.9507,38.12633],[-5.94864,38.13219],[-5.9478,38.13452],[-5.94646,38.13836],[-5.94546,38.14119],[-5.94415,38.14484],[-5.94259,38.14926],[-5.94087,38.15413],[-5.93961,38.15802],[-5.93817,38.16175],[-5.93665,38.16606],[-5.93469,38.1716],[-5.93338,38.17525],[-5.93237,38.1781],[-5.93156,38.18043],[-5.93065,38.18298],[-5.92937,38.18655],[-5.92803,38.19035],[-5.92675,38.19398],[-5.92543,38.19773],[-5.92407,38.20157],[-5.92272,38.20535],[-5.92136,38.20916],[-5.92003,38.21288],[-5.91888,38.21614],[-5.91739,38.22036],[-5.91586,38.22463],[-5.91443,38.22866],[-5.91311,38.23239],[-5.91151,38.23688],[-5.91021,38.24056],[-5.90913,38.24359],[-5.90789,38.24708],[-5.90669,38.25045],[-5.90523,38.25454],[-5.90428,38.25722],[-5.903,38.26083],[-5.90163,38.26462],[-5.90058,38.26759],[-5.89945,38.27077],[-5.89812,38.27454],[-5.89678,38.27832],[-5.89549,38.28193],[-5.89432,38.28522],[-5.89295,38.28906],[-5.89159,38.29287],[-5.89027,38.29658],[-5.88878,38.30076],[-5.8874,38.30463],[-5.88587,38.30893],[-5.88454,38.31267],[-5.88303,38.3169],[-5.882,38.31978],[-5.88094,38.32277],[-5.8796,38.3265],[-5.87835,38.33002],[-5.87719,38.33328],[-5.87591,38.33685],[-5.87464,38.34043],[-5.87303,38.34494],[-5.87138,38.34957],[-5.87011,38.35312],[-5.86875,38.35693],[-5.86718,38.36133],[-5.86565,38.36563],[-5.86479,38.36802],[-5.86364,38.37125],[-5.86162,38.37692],[-5.86016,38.38102],[-5.85869,38.38512],[-5.85662,38.39094],[-5.8549,38.39574],[-5.8539,38.39855],[-5.8515,38.40526],[-5.84976,38.41016],[-5.84872,38.41306],[-5.84705,38.41775],[-5.84627,38.41993],[-5.84461,38.42459],[-5.84314,38.4287],[-5.84192,38.4321],[-5.84067,38.4356],[-5.83934,38.43933],[-5.83735,38.44491],[-5.83615,38.44828],[-5.83476,38.45217],[-5.83382,38.45496],[-5.83236,38.45888],[-5.83144,38.46144],[-5.8303,38.46463],[-5.82909,38.46802],[-5.82802,38.47103],[-5.82687,38.47424],[-5.82547,38.47817],[-5.82451,38.48085],[-5.82302,38.48509],[-5.82196,38.48804],[-5.821,38.49076],[-5.81973,38.49429],[-5.81857,38.49758],[-5.81766,38.50016],[-5.8167,38.50286],[-5.81586,38.50518],[-5.81483,38.50801],[-5.81403,38.5103],[-5.81244,38.51477],[-5.8112,38.51817],[-5.81001,38.52142],[-5.80868,38.52514],[-5.80765,38.52798],[-5.80633,38.53185],[-5.80457,38.5367],[-5.80309,38.54085],[-5.80204,38.54377],[-5.80085,38.5471],[-5.79945,38.55096],[-5.79844,38.55375],[-5.79699,38.55787],[-5.79554,38.56191],[-5.7942,38.56563],[-5.79286,38.56938],[-5.79099,38.57461],[-5.78991,38.57762],[-5.78806,38.58274],[-5.78667,38.5866],[-5.78485,38.59168],[-5.78375,38.59474],[-5.78198,38.59968],[-5.78055,38.60367],[-5.77957,38.60641],[-5.77839,38.60969],[-5.7776,38.61179],[-5.77565,38.61639],[-5.77453,38.61904],[-5.77247,38.62388],[-5.77084,38.6277],[-5.769,38.63201],[-5.7674,38.63574],[-5.7658,38.63948],[-5.76413,38.64338],[-5.76217,38.64798],[-5.76031,38.65231],[-5.75866,38.65615],[-5.75708,38.65985],[-5.7555,38.66358],[-5.75369,38.66784],[-5.75214,38.67146],[-5.75037,38.67559],[-5.74856,38.67984],[-5.74657,38.68451],[-5.74498,38.68821],[-5.74224,38.69341],[-5.73962,38.69839],[-5.73785,38.70175],[-5.73565,38.70591],[-5.73362,38.70983],[-5.73155,38.71374],[-5.72991,38.71682],[-5.72717,38.722],[-5.72551,38.72516],[-5.72347,38.72901],[-5.72163,38.73252],[-5.71954,38.73648],[-5.7172,38.74091],[-5.71547,38.74419],[-5.71363,38.74768],[-5.71145,38.75183],[-5.70951,38.75551],[-5.70755,38.75921],[-5.7057,38.76273],[-5.70386,38.7662],[-5.70203,38.76968],[-5.70018,38.77319],[-5.69824,38.77687],[-5.69614,38.78085],[-5.6943,38.78434],[-5.69248,38.78778],[-5.69062,38.79132],[-5.68828,38.79574],[-5.68603,38.8],[-5.68413,38.80359],[-5.68237,38.80691],[-5.68069,38.81008],[-5.67912,38.81305],[-5.67755,38.81601],[-5.67613,38.81871],[-5.67381,38.82309],[-5.6712,38.82804],[-5.66947,38.83131],[-5.66753,38.83498],[-5.66624,38.83742],[-5.66521,38.83938],[-5.66336,38.84288],[-5.66079,38.84773],[-5.6588,38.85149],[-5.65697,38.85495],[-5.65499,38.85871],[-5.65266,38.8631],[-5.65089,38.86646],[-5.64905,38.86994],[-5.64716,38.87355],[-5.64537,38.87687],[-5.6433,38.88078],[-5.64114,38.88485],[-5.6394,38.88811],[-5.63798,38.89073],[-5.63639,38.89384],[-5.63464,38.89715],[-5.63296,38.90032],[-5.6312,38.90347],[-5.62975,38.90628],[-5.62784,38.90986],[-5.6257,38.91389],[-5.62406,38.91699],[-5.62202,38.92097],[-5.62029,38.92416],[-5.61857,38.92746],[-5.61659,38.93123],[-5.61435,38.93544],[-5.6118,38.94025],[-5.60918,38.94519],[-5.60757,38.94819],[-5.60588,38.95127],[-5.60412,38.95473],[-5.60241,38.95809],[-5.60034,38.96213],[-5.59806,38.96637],[-5.59608,38.97033],[-5.5933,38.97519],[-5.59153,38.97852],[-5.58977,38.98188],[-5.58761,38.98588],[-5.58578,38.98958],[-5.58456,38.99171],[-5.58212,38.99625],[-5.57966,39.00079],[-5.57799,39.00398],[-5.57564,39.00838],[-5.57452,39.01051],[-5.57236,39.01366],[-5.56961,39.01756],[-5.56649,39.02203],[-5.56379,39.02592],[-5.56144,39.02932],[-5.55924,39.03246],[-5.55653,39.0364],[-5.55371,39.04045],[-5.55101,39.04432],[-5.5483,39.04821],[-5.54573,39.0519],[-5.5432,39.05554],[-5.54083,39.05887],[-5.53827,39.06254],[-5.53621,39.06553],[-5.53368,39.06807],[-5.52964,39.07179],[-5.52606,39.07503],[-5.52278,39.07816],[-5.51971,39.08099],[-5.516,39.08439],[-5.51283,39.08736],[-5.50895,39.0909],[-5.50545,39.09419],[-5.50202,39.09736],[-5.49866,39.10047],[-5.49562,39.10323],[-5.49238,39.10629],[-5.48882,39.10957],[-5.48596,39.11224],[-5.4829,39.11507],[-5.47977,39.11798],[-5.4766,39.12088],[-5.47394,39.12338],[-5.47105,39.12604],[-5.46737,39.12944],[-5.4639,39.13275],[-5.46053,39.13584],[-5.45757,39.13858],[-5.4546,39.14137],[-5.4513,39.14442],[-5.44782,39.14763],[-5.44497,39.15025],[-5.44187,39.15314],[-5.43858,39.15614],[-5.43519,39.15927],[-5.43183,39.16239],[-5.42875,39.16523],[-5.42574,39.16798],[-5.42228,39.17121],[-5.41894,39.17424],[-5.41658,39.17644],[-5.41322,39.17947],[-5.41021,39.18222],[-5.40695,39.18513],[-5.40323,39.18854],[-5.40018,39.19127],[-5.39686,39.1943],[-5.39365,39.19723],[-5.3902,39.20038],[-5.3871,39.20317],[-5.3841,39.20594],[-5.38094,39.20878],[-5.37771,39.21169],[-5.3744,39.21471],[-5.37038,39.2184],[-5.36723,39.22119],[-5.36365,39.22445],[-5.35912,39.22613],[-5.35325,39.22828],[-5.34855,39.23002],[-5.34425,39.23156],[-5.34008,39.23313],[-5.33545,39.23483],[-5.32958,39.23703],[-5.3252,39.23861],[-5.32032,39.24044],[-5.31519,39.24231],[-5.31026,39.24414],[-5.30576,39.24573],[-5.30112,39.24748],[-5.29565,39.24948],[-5.29083,39.25126],[-5.28601,39.25301],[-5.28118,39.25479],[-5.27664,39.25647],[-5.27217,39.25813],[-5.26614,39.26032],[-5.26062,39.26235],[-5.25556,39.26419],[-5.24754,39.26708],[-5.24407,39.26836],[-5.23896,39.27024],[-5.23575,39.27144],[-5.23157,39.273],[-5.22619,39.27499],[-5.22157,39.27667],[-5.21674,39.27845],[-5.21165,39.28035],[-5.20656,39.28217],[-5.20229,39.28377],[-5.19835,39.28526],[-5.19391,39.28685],[-5.18907,39.28871],[-5.1838,39.29052]]}},{"type":"Feature","properties":{"id":"way/144775942","kind":"overhead","voltageClass":"high","voltageKv":220,"name":null,"circuits":1,"cables":"3","source":"osm"},"geometry":{"type":"LineString","coordinates":[[-6.34416,38.89509],[-6.34438,38.8931],[-6.34446,38.89087],[-6.34445,38.88754],[-6.34476,38.88509],[-6.34527,38.88098],[-6.34567,38.87785],[-6.34608,38.87458],[-6.3465,38.87125],[-6.34683,38.86866],[-6.34725,38.86534],[-6.34792,38.8602],[-6.34828,38.85739],[-6.34866,38.85449],[-6.34909,38.85114],[-6.34967,38.84672],[-6.35024,38.84233],[-6.35064,38.83928],[-6.35106,38.836],[-6.35149,38.83247],[-6.35203,38.82857],[-6.35246,38.82524],[-6.35295,38.82143],[-6.35341,38.8179],[-6.35337,38.81555],[-6.35328,38.81178],[-6.35326,38.80767],[-6.3531,38.80402],[-6.35316,38.80014],[-6.3531,38.79633],[-6.35305,38.79289],[-6.35299,38.78922],[-6.35294,38.78544],[-6.35289,38.78206],[-6.35283,38.77843],[-6.35279,38.77532],[-6.35275,38.77237],[-6.35234,38.7698],[-6.3517,38.7659],[-6.35118,38.76265],[-6.35072,38.75978],[-6.35008,38.75573],[-6.34955,38.75234],[-6.34906,38.74917],[-6.34849,38.74542],[-6.348,38.74215],[-6.34744,38.73837],[-6.34691,38.7347],[-6.34642,38.73133],[-6.3459,38.72772],[-6.34536,38.72388],[-6.34491,38.72071],[-6.34443,38.71727],[-6.34387,38.7134],[-6.34332,38.70935],[-6.34264,38.70463],[-6.34215,38.70099],[-6.34171,38.69777],[-6.34132,38.69493],[-6.3409,38.69185],[-6.34037,38.68799],[-6.33989,38.6845],[-6.33939,38.68086],[-6.33888,38.67711],[-6.3383,38.67321],[-6.33773,38.6687],[-6.33725,38.66523],[-6.33674,38.66162],[-6.33619,38.6581],[-6.33564,38.65402],[-6.33519,38.65058],[-6.3348,38.64747],[-6.33423,38.64343],[-6.33376,38.64003],[-6.33325,38.63642],[-6.33278,38.63294],[-6.33231,38.62947],[-6.33184,38.62606],[-6.33141,38.62253],[-6.33086,38.61879],[-6.33039,38.61539],[-6.32988,38.61165],[-6.32942,38.60814],[-6.32901,38.60492],[-6.3286,38.60173],[-6.32809,38.5982],[-6.32763,38.59466],[-6.32714,38.59096],[-6.32665,38.5874],[-6.32619,38.58407],[-6.32571,38.58032],[-6.32529,38.57699],[-6.32493,38.57431],[-6.32453,38.57129],[-6.32409,38.56784],[-6.32347,38.5658],[-6.32262,38.56298],[-6.32173,38.56007],[-6.32073,38.55672],[-6.3197,38.55331],[-6.31899,38.55091],[-6.31827,38.54848],[-6.31719,38.54488],[-6.31667,38.54311],[-6.31552,38.5393],[-6.31453,38.53598],[-6.31346,38.53236],[-6.31246,38.52897],[-6.31147,38.52562],[-6.31037,38.52187],[-6.30942,38.51862],[-6.30843,38.51524],[-6.30739,38.5117],[-6.30657,38.50849],[-6.30575,38.5053],[-6.30484,38.50173],[-6.30407,38.49867],[-6.30311,38.49486],[-6.30232,38.49168],[-6.30151,38.48846],[-6.30069,38.4851],[-6.29971,38.4811],[-6.29884,38.47757],[-6.29802,38.47424],[-6.29696,38.46989],[-6.29632,38.46725],[-6.29538,38.46344],[-6.29463,38.46039],[-6.29365,38.45638],[-6.29279,38.45287],[-6.29191,38.44931],[-6.29106,38.44585],[-6.29013,38.44202],[-6.28916,38.43804],[-6.28838,38.43486],[-6.28747,38.43117],[-6.28631,38.42787],[-6.28513,38.42453],[-6.28391,38.42107],[-6.28276,38.41779],[-6.28154,38.41432],[-6.28028,38.41069],[-6.27896,38.40688],[-6.27781,38.40361],[-6.27653,38.39995],[-6.27532,38.3965],[-6.27409,38.39295],[-6.2729,38.38956],[-6.27163,38.38593],[-6.27035,38.38225],[-6.26928,38.37914],[-6.26824,38.37575],[-6.26709,38.37247],[-6.26588,38.36902],[-6.26492,38.3663],[-6.26364,38.36264],[-6.26253,38.35947],[-6.26132,38.35591],[-6.26017,38.3526],[-6.2589,38.34901],[-6.25745,38.34494],[-6.25581,38.34029],[-6.25456,38.33675],[-6.25351,38.33377],[-6.25227,38.33026],[-6.25117,38.32716],[-6.24981,38.32331],[-6.24876,38.32034],[-6.24744,38.31661],[-6.24627,38.31329],[-6.24503,38.30979],[-6.2437,38.30603],[-6.24248,38.30257],[-6.24125,38.29908],[-6.24003,38.29562],[-6.23876,38.29203],[-6.23796,38.28975],[-6.23682,38.28652],[-6.23576,38.28351],[-6.23452,38.27999],[-6.23365,38.27754],[-6.23276,38.27502],[-6.23158,38.27168],[-6.22977,38.26656],[-6.22913,38.26478],[-6.22807,38.26174],[-6.22685,38.25828],[-6.22561,38.25477],[-6.22455,38.25175],[-6.22334,38.24833],[-6.22215,38.24494],[-6.22099,38.24165],[-6.21963,38.23779],[-6.2185,38.23457],[-6.21677,38.22967],[-6.21578,38.22685],[-6.21464,38.22363],[-6.21369,38.22093],[-6.21272,38.21817],[-6.21125,38.214],[-6.21037,38.21149],[-6.20951,38.20905],[-6.20865,38.20659],[-6.20752,38.20337],[-6.2063,38.19991],[-6.20502,38.19627],[-6.20413,38.19374],[-6.20285,38.1901],[-6.2013,38.18568],[-6.19971,38.1812],[-6.19815,38.17677],[-6.1972,38.17407],[-6.19626,38.17143],[-6.19565,38.16971],[-6.19425,38.16576],[-6.19321,38.16281],[-6.19245,38.16065],[-6.19123,38.15721],[-6.19033,38.15465],[-6.18953,38.15238],[-6.18871,38.15005],[-6.1877,38.14721],[-6.18683,38.14474],[-6.18551,38.14096],[-6.18381,38.13613],[-6.18162,38.1299],[-6.18115,38.12858],[-6.17914,38.12285],[-6.17754,38.11829],[-6.17641,38.11509],[-6.17585,38.11351],[-6.17551,38.11105],[-6.17485,38.10654],[-6.17418,38.10187],[-6.1736,38.09785],[-6.17303,38.09392],[-6.17264,38.0912],[-6.17234,38.08909],[-6.17203,38.08694],[-6.17171,38.08473],[-6.17123,38.08156],[-6.17089,38.07935],[-6.17154,38.07656],[-6.17205,38.07437],[-6.17275,38.07138],[-6.17359,38.06781],[-6.17433,38.06463],[-6.17474,38.06287],[-6.17564,38.05904],[-6.17665,38.05469],[-6.17723,38.0522],[-6.17879,38.04553],[-6.17941,38.04287],[-6.1803,38.03906],[-6.1807,38.03737],[-6.18118,38.03531],[-6.18231,38.03038],[-6.18231,38.02941],[-6.1818,38.02812],[-6.18158,38.02769],[-6.17785,38.02053],[-6.17593,38.01685],[-6.17536,38.01576],[-6.17285,38.01094],[-6.1711,38.00758],[-6.17003,38.00553],[-6.16862,38.00284],[-6.16646,37.99868],[-6.16504,37.99593],[-6.16407,37.99409],[-6.16208,37.99027],[-6.16015,37.98657],[-6.15926,37.98488],[-6.15829,37.98301],[-6.15728,37.98107],[-6.15573,37.97808],[-6.15378,37.97432],[-6.15217,37.97125],[-6.15097,37.96895],[-6.14928,37.96571],[-6.14768,37.96265],[-6.14604,37.95948],[-6.14369,37.95502],[-6.14181,37.95145],[-6.13929,37.94669],[-6.13786,37.94404],[-6.13616,37.9409],[-6.13296,37.93495],[-6.1322,37.93354],[-6.13115,37.9316],[-6.12949,37.92853],[-6.12827,37.92627],[-6.12732,37.9245],[-6.12609,37.92221],[-6.1242,37.9187],[-6.12224,37.91506],[-6.12126,37.90951],[-6.1202,37.90291],[-6.11947,37.89825],[-6.11888,37.89451],[-6.11783,37.8879],[-6.11737,37.88499],[-6.11628,37.87821],[-6.11562,37.87392],[-6.11545,37.87289],[-6.11486,37.8691],[-6.11424,37.865],[-6.11375,37.86185],[-6.1135,37.86025],[-6.11294,37.85669],[-6.11225,37.8522],[-6.11149,37.84733],[-6.11101,37.84422],[-6.11049,37.84087],[-6.10991,37.8371],[-6.10944,37.83409],[-6.10894,37.83082],[-6.10812,37.82549],[-6.10774,37.823],[-6.10717,37.81929],[-6.10633,37.81396],[-6.10403,37.80977],[-6.10249,37.80702],[-6.10044,37.80332],[-6.09733,37.79762],[-6.09564,37.79455],[-6.09343,37.79049],[-6.09144,37.78685],[-6.08948,37.78326],[-6.08805,37.78064],[-6.08626,37.77735],[-6.08535,37.77569],[-6.08395,37.77312],[-6.08122,37.76811],[-6.07993,37.76576],[-6.07828,37.76275],[-6.07695,37.76032],[-6.07541,37.75747],[-6.0716,37.7505],[-6.06909,37.74591],[-6.06722,37.74247],[-6.06438,37.73713],[-6.06251,37.73359],[-6.06117,37.73102],[-6.05932,37.72751],[-6.05757,37.72415],[-6.05543,37.72007],[-6.05406,37.71746],[-6.05252,37.71451],[-6.0506,37.71086],[-6.0493,37.70842],[-6.0477,37.70538],[-6.04596,37.70206],[-6.04438,37.69906],[-6.04143,37.69354],[-6.04039,37.69156],[-6.03802,37.68715],[-6.03697,37.68515],[-6.03579,37.68295],[-6.0323,37.67665],[-6.03163,37.6754],[-6.02821,37.669],[-6.02769,37.6671],[-6.02937,37.66638]]}},{"type":"Feature","properties":{"id":"way/144776493","kind":"overhead","voltageClass":"high","voltageKv":400,"name":null,"circuits":1,"cables":"3","source":"osm"},"geometry":{"type":"LineString","coordinates":[[-6.19756,38.31674],[-6.19746,38.31629],[-6.19529,38.31389],[-6.19367,38.30951],[-6.19204,38.3051],[-6.19057,38.30113],[-6.18904,38.29702],[-6.1874,38.2926],[-6.18591,38.28858],[-6.18446,38.28468],[-6.18241,38.27914],[-6.18181,38.27394],[-6.18141,38.27053],[-6.18084,38.26558],[-6.18039,38.26177],[-6.17994,38.25787],[-6.17932,38.25264],[-6.17887,38.24889],[-6.17834,38.24444],[-6.1777,38.23905],[-6.17717,38.23454],[-6.17657,38.2295],[-6.17602,38.2247],[-6.1754,38.21942],[-6.17478,38.21422],[-6.17449,38.21173],[-6.17407,38.20825],[-6.17352,38.20347],[-6.17303,38.19929],[-6.17248,38.19465],[-6.17193,38.18991],[-6.17139,38.18536],[-6.17076,38.17996],[-6.17038,38.17674],[-6.16991,38.17268],[-6.16925,38.16707],[-6.16879,38.16313],[-6.1682,38.15806],[-6.16756,38.15261],[-6.16695,38.14755],[-6.16653,38.14391],[-6.16604,38.13975],[-6.16564,38.13629],[-6.16527,38.13309],[-6.16487,38.12969],[-6.16454,38.12681],[-6.164,38.12426],[-6.16334,38.12099],[-6.16251,38.11698],[-6.16174,38.11326],[-6.161,38.10968],[-6.16013,38.10553],[-6.15942,38.10206],[-6.15871,38.09858],[-6.15781,38.09427],[-6.1568,38.08935],[-6.15562,38.08363],[-6.15506,38.08095],[-6.15353,38.07351],[-6.15235,38.06775],[-6.15136,38.06296],[-6.15066,38.05956],[-6.14977,38.05528],[-6.14882,38.05064],[-6.14802,38.04678],[-6.1468,38.04089],[-6.14618,38.03787],[-6.14522,38.03321],[-6.14417,38.0281],[-6.14346,38.02468],[-6.14229,38.019],[-6.14138,38.01457],[-6.14032,38.00938],[-6.13962,38.00598],[-6.13908,38.00338],[-6.13931,37.99923],[-6.13952,37.99537],[-6.1398,37.99077],[-6.13999,37.98759],[-6.14018,37.98456],[-6.13966,37.97918],[-6.13927,37.97493],[-6.13892,37.97127],[-6.13849,37.96675],[-6.13802,37.96175],[-6.13768,37.9581],[-6.13721,37.95313],[-6.13695,37.95043],[-6.1365,37.94758],[-6.13602,37.94444],[-6.13549,37.94102],[-6.13471,37.93595],[-6.13397,37.9313],[-6.13339,37.92738],[-6.13304,37.9251],[-6.132,37.91839],[-6.13103,37.91219],[-6.13067,37.90983],[-6.12963,37.90309],[-6.12863,37.89658],[-6.12809,37.89306],[-6.12748,37.88918],[-6.12669,37.88386],[-6.1257,37.87766],[-6.12511,37.87389],[-6.12453,37.87013],[-6.12267,37.86275],[-6.12201,37.86015],[-6.12113,37.85676],[-6.1204,37.85388],[-6.11896,37.84832],[-6.11791,37.84425],[-6.11632,37.83804],[-6.11513,37.83337],[-6.11403,37.82907],[-6.11313,37.82556],[-6.11215,37.82172],[-6.11076,37.81627],[-6.1097,37.81214],[-6.10806,37.80576],[-6.1072,37.80241],[-6.10591,37.79739],[-6.10484,37.79317],[-6.10334,37.78725],[-6.10257,37.78433],[-6.10127,37.77916],[-6.10009,37.77456],[-6.09944,37.77203],[-6.09851,37.76833],[-6.09681,37.7618],[-6.09609,37.75901],[-6.09502,37.75469],[-6.0935,37.74876],[-6.09207,37.74318],[-6.091,37.73899],[-6.08985,37.7345],[-6.08902,37.73128],[-6.08811,37.7277],[-6.08726,37.72438],[-6.08627,37.72049],[-6.08558,37.71783],[-6.08425,37.71258],[-6.08313,37.70823],[-6.08215,37.70438],[-6.08414,37.69881],[-6.08556,37.69485],[-6.08703,37.69074],[-6.08864,37.68613],[-6.09197,37.67688],[-6.09372,37.67197],[-6.09576,37.66628],[-6.09715,37.6624],[-6.09857,37.65841],[-6.09959,37.65553],[-6.10217,37.6483],[-6.10096,37.64394],[-6.09885,37.63957],[-6.09779,37.6374]]}},{"type":"Feature","properties":{"id":"way/144787733","kind":"overhead","voltageClass":"high","voltageKv":220,"name":null,"circuits":2,"cables":"6","source":"osm"},"geometry":{"type":"LineString","coordinates":[[-5.70131,37.43862],[-5.70003,37.43605],[-5.69843,37.43284],[-5.6969,37.42978],[-5.69543,37.42683],[-5.69388,37.42372],[-5.69169,37.41931],[-5.69196,37.41586],[-5.69232,37.41136],[-5.6926,37.40784],[-5.69293,37.40371],[-5.69321,37.40018],[-5.69352,37.39635],[-5.69384,37.39232],[-5.69415,37.38844],[-5.69448,37.38438],[-5.69478,37.38065],[-5.69509,37.37679],[-5.69817,37.37362],[-5.7003,37.37144],[-5.70319,37.36849],[-5.70575,37.36589],[-5.70834,37.36315],[-5.7112,37.36022],[-5.714,37.3573],[-5.7166,37.3546],[-5.71905,37.35213],[-5.72214,37.34896],[-5.72524,37.34579],[-5.72803,37.34288],[-5.73138,37.33946],[-5.73425,37.3365],[-5.73804,37.33509],[-5.74156,37.33382],[-5.74488,37.33255],[-5.74889,37.33102],[-5.75289,37.32953],[-5.75755,37.32782],[-5.76203,37.32614],[-5.76657,37.32445],[-5.77097,37.32277],[-5.77559,37.32106],[-5.78017,37.31935],[-5.78477,37.31757],[-5.78925,37.3159],[-5.79354,37.31431],[-5.7984,37.31249],[-5.80321,37.31066],[-5.80593,37.30964],[-5.80934,37.30839],[-5.81306,37.30698],[-5.81632,37.30527],[-5.82012,37.30332],[-5.8239,37.30136],[-5.82808,37.2992],[-5.83205,37.29714],[-5.83657,37.2948],[-5.83855,37.29376]]}},{"type":"Feature","properties":{"id":"way/144787734","kind":"overhead","voltageClass":"high","voltageKv":220,"name":"Línea de alta tensión Alcores - Carmona 1 y Alcores - Don Rodrigo","circuits":2,"cables":"6","source":"osm"},"geometry":{"type":"LineString","coordinates":[[-5.85389,37.38709],[-5.84953,37.3873],[-5.84448,37.38754],[-5.83996,37.38775],[-5.83546,37.38796],[-5.83122,37.38868],[-5.82664,37.38946],[-5.82211,37.39127],[-5.81787,37.39295],[-5.814,37.39449],[-5.81125,37.39558],[-5.80794,37.39688],[-5.80448,37.39825],[-5.8,37.40002],[-5.79529,37.40187],[-5.79127,37.40346],[-5.78674,37.40524],[-5.78211,37.40707],[-5.7777,37.4088],[-5.77361,37.41041],[-5.76842,37.41246],[-5.76483,37.41386],[-5.76094,37.41538],[-5.75674,37.41702],[-5.75261,37.41863],[-5.74843,37.42026],[-5.74433,37.42186],[-5.74,37.42355],[-5.73611,37.42506],[-5.73133,37.42693],[-5.72758,37.42839],[-5.72361,37.42994],[-5.71928,37.43162],[-5.71464,37.43343],[-5.71021,37.43515],[-5.70633,37.43666],[-5.7017,37.43847],[-5.70131,37.43862]]}},{"type":"Feature","properties":{"id":"way/144787738","kind":"overhead","voltageClass":"high","voltageKv":400,"name":"Línea de alta tensión Carmona - Don Rodrigo y Don Rodrigo - Guillena","circuits":null,"cables":"6","source":"osm"},"geometry":{"type":"LineString","coordinates":[[-5.84255,37.24725],[-5.84033,37.24838],[-5.83673,37.25049],[-5.83295,37.25273],[-5.8292,37.25494],[-5.82552,37.25711],[-5.82248,37.25888],[-5.81881,37.26105],[-5.81513,37.26323],[-5.81156,37.26533],[-5.80789,37.26748],[-5.80433,37.26961],[-5.8005,37.27182],[-5.79676,37.27402],[-5.79311,37.27619],[-5.79028,37.27892],[-5.78739,37.28184],[-5.78449,37.28473],[-5.78145,37.28777],[-5.77879,37.29036],[-5.77578,37.29336],[-5.77295,37.29618],[-5.77012,37.29897],[-5.76716,37.30192],[-5.7647,37.30438],[-5.76238,37.30665],[-5.75914,37.30982],[-5.75647,37.31251],[-5.75392,37.31505],[-5.75079,37.31815],[-5.74792,37.321],[-5.74483,37.32404],[-5.7415,37.32732],[-5.73837,37.33041],[-5.73538,37.33339],[-5.73277,37.33603],[-5.73,37.3387],[-5.7266,37.34206],[-5.72304,37.34555],[-5.71992,37.34867],[-5.71696,37.35158],[-5.71385,37.35466],[-5.71109,37.3574],[-5.70814,37.36035],[-5.70518,37.36327],[-5.7023,37.3661],[-5.69918,37.36918],[-5.69627,37.37204],[-5.69355,37.37477],[-5.69325,37.3785],[-5.69296,37.38218],[-5.6927,37.38541],[-5.69241,37.38898],[-5.69213,37.39256],[-5.69182,37.39645],[-5.69152,37.40022],[-5.69124,37.40377],[-5.69091,37.40782],[-5.69063,37.41138],[-5.69032,37.41532],[-5.69018,37.41708],[-5.69109,37.41939],[-5.69237,37.42262],[-5.6933,37.42495],[-5.69465,37.42834],[-5.6956,37.43076],[-5.69709,37.43453],[-5.69845,37.43795],[-5.69981,37.44132],[-5.70101,37.44437],[-5.70252,37.44819],[-5.70391,37.45169],[-5.70536,37.45531],[-5.70667,37.45865],[-5.70795,37.46185],[-5.70939,37.4654],[-5.71065,37.46861],[-5.7121,37.47226],[-5.71343,37.4757],[-5.71595,37.47889],[-5.71821,37.48175],[-5.72057,37.48476],[-5.72303,37.48786],[-5.72538,37.49089],[-5.72747,37.49352],[-5.72994,37.49669],[-5.73218,37.49955],[-5.73478,37.50287],[-5.7361,37.50544],[-5.73778,37.50875],[-5.7395,37.51214],[-5.74121,37.51553],[-5.74285,37.51876],[-5.74453,37.52205],[-5.74615,37.52515],[-5.74787,37.52854],[-5.74966,37.53205],[-5.75153,37.53573],[-5.75323,37.5391],[-5.75526,37.54317],[-5.75731,37.54715],[-5.75951,37.55134],[-5.76151,37.55526],[-5.76225,37.55678]]}},{"type":"Feature","properties":{"id":"way/144787739","kind":"overhead","voltageClass":"high","voltageKv":400,"name":"Línea de alta tensión Arcos de la Frontera - Don Rodrigo 2","circuits":1,"cables":"3","source":"osm"},"geometry":{"type":"LineString","coordinates":[[-5.84004,37.24442],[-5.84209,37.24693],[-5.84229,37.24659]]}},{"type":"Feature","properties":{"id":"way/144787740","kind":"overhead","voltageClass":"high","voltageKv":220,"name":"Línea de alta tensión Alcores - Gazules","circuits":2,"cables":"6","source":"osm"},"geometry":{"type":"LineString","coordinates":[[-5.85382,37.3868],[-5.84952,37.38712],[-5.84601,37.38525],[-5.84181,37.38302],[-5.83733,37.38064],[-5.83325,37.37848],[-5.82839,37.37589],[-5.8239,37.37352],[-5.81893,37.37416]]}},{"type":"Feature","properties":{"id":"way/144787741","kind":"overhead","voltageClass":"high","voltageKv":400,"name":"Línea de alta tensión Arcos de la Frontera - Don Rodrigo 1","circuits":1,"cables":"3","source":"osm"},"geometry":{"type":"LineString","coordinates":[[-5.84004,37.24442],[-5.84215,37.24718],[-5.8425,37.24666]]}},{"type":"Feature","properties":{"id":"way/144787742","kind":"overhead","voltageClass":"medium","voltageKv":132,"name":null,"circuits":1,"cables":"3","source":"osm"},"geometry":{"type":"LineString","coordinates":[[-5.80351,37.34653],[-5.80133,37.34321],[-5.8024,37.34051],[-5.8036,37.33747],[-5.80411,37.33579]]}},{"type":"Feature","properties":{"id":"way/144787743","kind":"overhead","voltageClass":"high","voltageKv":220,"name":"Línea de alta tensión Alcores - Gazules","circuits":1,"cables":"3","source":"osm"},"geometry":{"type":"LineString","coordinates":[[-5.85173,37.27919],[-5.84923,37.2806],[-5.84507,37.28311],[-5.84147,37.28529],[-5.83761,37.28764],[-5.83563,37.28885],[-5.83365,37.29004],[-5.82931,37.29267],[-5.82604,37.29466],[-5.82261,37.29674],[-5.81963,37.29854],[-5.81778,37.30209],[-5.81631,37.30484],[-5.81473,37.30783],[-5.81369,37.30978],[-5.81201,37.31297],[-5.81126,37.31528],[-5.81036,37.31806],[-5.80956,37.32054],[-5.80857,37.32362],[-5.80768,37.32637],[-5.80686,37.32889],[-5.80573,37.33232],[-5.80505,37.33444],[-5.80386,37.3381],[-5.80294,37.34095],[-5.80198,37.34385],[-5.80351,37.34653]]}},{"type":"Feature","properties":{"id":"way/144787745","kind":"overhead","voltageClass":"high","voltageKv":220,"name":null,"circuits":2,"cables":"6","source":"osm"},"geometry":{"type":"LineString","coordinates":[[-5.70131,37.43862],[-5.70329,37.44216],[-5.70524,37.44558],[-5.70712,37.44894],[-5.70931,37.45282],[-5.71133,37.45629],[-5.71368,37.46042],[-5.71537,37.46336],[-5.71727,37.46672],[-5.71931,37.47031],[-5.721,37.47336],[-5.72313,37.47705],[-5.72504,37.48042],[-5.72696,37.48382],[-5.72882,37.48708],[-5.73076,37.49046],[-5.73275,37.49389],[-5.7348,37.4975],[-5.73678,37.50118],[-5.73865,37.50469],[-5.74051,37.50814],[-5.74226,37.51138],[-5.744,37.51468],[-5.74606,37.51845],[-5.74802,37.52201],[-5.75013,37.52582],[-5.75191,37.52905],[-5.7538,37.5325],[-5.75565,37.53589],[-5.75744,37.53916],[-5.75943,37.54275],[-5.76131,37.54616],[-5.7629,37.54905],[-5.76359,37.55029],[-5.76241,37.5507],[-5.75834,37.55212],[-5.75782,37.55405],[-5.75832,37.55574],[-5.75854,37.55655]]}},{"type":"Feature","properties":{"id":"way/144787746","kind":"overhead","voltageClass":"high","voltageKv":220,"name":null,"circuits":2,"cables":"6","source":"osm"},"geometry":{"type":"LineString","coordinates":[[-5.75885,37.55649],[-5.75861,37.55568],[-5.75827,37.55451],[-5.75883,37.55245],[-5.76279,37.55107],[-5.76382,37.55071],[-5.76575,37.55428],[-5.76628,37.55524],[-5.77124,37.55638],[-5.77655,37.55765],[-5.78176,37.55889],[-5.78622,37.55996],[-5.78999,37.56086],[-5.794,37.56182],[-5.79879,37.56296],[-5.80412,37.56423],[-5.80913,37.56543],[-5.81345,37.56647],[-5.817,37.56733],[-5.82005,37.56807],[-5.82427,37.56909],[-5.82656,37.56964],[-5.83057,37.57061],[-5.83426,37.5715],[-5.83866,37.57256],[-5.84413,37.57388],[-5.84833,37.5749],[-5.85204,37.57576],[-5.8565,37.57687],[-5.8609,37.57797],[-5.86518,37.57903],[-5.86894,37.57997],[-5.87296,37.58097],[-5.87683,37.58193],[-5.88155,37.58311],[-5.88629,37.58429],[-5.89116,37.5855],[-5.89528,37.58651],[-5.90045,37.58781],[-5.90499,37.58895],[-5.91088,37.5904],[-5.91521,37.59148],[-5.9186,37.59233],[-5.92335,37.59351],[-5.92851,37.59479],[-5.93412,37.59618],[-5.94357,37.59852],[-5.94925,37.59994],[-5.9521,37.60065],[-5.95534,37.60145],[-5.96035,37.6027],[-5.9646,37.60376],[-5.96969,37.60502],[-5.97413,37.60612],[-5.97812,37.6071],[-5.98319,37.60834],[-5.98778,37.60949],[-5.99232,37.61061],[-5.99758,37.61191],[-6.00175,37.61295],[-6.0056,37.61389],[-6.01032,37.61501],[-6.01517,37.61618],[-6.0196,37.61726],[-6.02359,37.61822],[-6.0266,37.61894],[-6.03005,37.61977],[-6.03353,37.62061],[-6.03838,37.62179],[-6.04434,37.62322],[-6.04871,37.62423],[-6.05729,37.62629],[-6.06162,37.62732],[-6.06535,37.62822],[-6.07101,37.62958],[-6.07383,37.63026],[-6.0776,37.63115],[-6.08189,37.63219],[-6.08585,37.63313],[-6.08943,37.63399]]}},{"type":"Feature","properties":{"id":"way/144787748","kind":"overhead","voltageClass":"high","voltageKv":220,"name":"Línea de alta tensión Águila - Calonge y Alcores - Gazules","circuits":2,"cables":"6","source":"osm"},"geometry":{"type":"LineString","coordinates":[[-5.81893,37.37416],[-5.81742,37.37145],[-5.8161,37.36911],[-5.81403,37.36542],[-5.81219,37.36213],[-5.80996,37.35812],[-5.80768,37.35404],[-5.8057,37.35051],[-5.80351,37.34653]]}},{"type":"Feature","properties":{"id":"way/144798099","kind":"overhead","voltageClass":"high","voltageKv":220,"name":"Línea de alta tensión Aljarafe - Don Rodrigo y Don Rodrigo - Quintos","circuits":2,"cables":"6","source":"osm"},"geometry":{"type":"LineString","coordinates":[[-5.96644,37.27412],[-5.96325,37.26441],[-5.96026,37.26263],[-5.95758,37.26104],[-5.95474,37.25935],[-5.95158,37.25663],[-5.94818,37.25371],[-5.9446,37.25063],[-5.941,37.24754],[-5.93759,37.24461],[-5.93384,37.24139],[-5.93017,37.23824],[-5.92475,37.23767],[-5.91916,37.23708],[-5.91411,37.23654],[-5.90982,37.23609],[-5.90537,37.23562],[-5.90041,37.2351],[-5.89624,37.23581],[-5.88944,37.23693],[-5.8842,37.23779],[-5.87864,37.2387],[-5.8734,37.23957],[-5.86795,37.24046],[-5.8618,37.24148],[-5.85577,37.24247],[-5.85184,37.24312],[-5.84519,37.24443]]}},{"type":"Feature","properties":{"id":"way/144798278","kind":"overhead","voltageClass":"high","voltageKv":220,"name":null,"circuits":1,"cables":"3","source":"osm"},"geometry":{"type":"LineString","coordinates":[[-5.93943,37.29624],[-5.94243,37.29424],[-5.9456,37.29224],[-5.94958,37.28967],[-5.95124,37.28861],[-5.95409,37.28564],[-5.95707,37.28251],[-5.95951,37.27996],[-5.96299,37.27631],[-5.96644,37.27412]]}},{"type":"Feature","properties":{"id":"way/144798619","kind":"overhead","voltageClass":"high","voltageKv":220,"name":null,"circuits":null,"cables":"3","source":"osm"},"geometry":{"type":"LineString","coordinates":[[-5.96644,37.27412],[-5.96987,37.27198],[-5.97136,37.27104],[-5.97395,37.2694],[-5.97653,37.26935],[-5.98056,37.26877],[-5.98504,37.26813],[-5.99004,37.26742],[-5.9945,37.26677],[-5.9991,37.26611],[-6.00255,37.26562],[-6.00739,37.26492],[-6.01218,37.26356],[-6.01746,37.26207],[-6.02184,37.26082],[-6.02612,37.2596],[-6.03102,37.25904],[-6.0358,37.25849],[-6.04057,37.25793],[-6.04882,37.25557],[-6.05226,37.25459],[-6.0557,37.25361],[-6.05909,37.2537]]}},{"type":"Feature","properties":{"id":"way/144798624","kind":"overhead","voltageClass":"high","voltageKv":220,"name":null,"circuits":1,"cables":"3","source":"osm"},"geometry":{"type":"LineString","coordinates":[[-6.05909,37.2537],[-6.05571,37.25345]]}},{"type":"Feature","properties":{"id":"way/144798625","kind":"overhead","voltageClass":"high","voltageKv":220,"name":null,"circuits":null,"cables":"6","source":"osm"},"geometry":{"type":"LineString","coordinates":[[-6.05909,37.2537],[-6.06361,37.25394]]}},{"type":"Feature","properties":{"id":"way/144799206","kind":"overhead","voltageClass":"high","voltageKv":220,"name":"Línea de alta tensión Don Rodrigo - Quintos y Entrenúcleos - Quintos","circuits":null,"cables":"6","source":"osm"},"geometry":{"type":"LineString","coordinates":[[-5.94192,37.31412],[-5.94144,37.31606],[-5.9421,37.32007],[-5.94495,37.32345],[-5.94681,37.32569],[-5.95043,37.32749],[-5.95302,37.33073],[-5.95558,37.33391],[-5.95757,37.3364],[-5.95941,37.33869],[-5.95747,37.34176],[-5.95592,37.34421],[-5.95436,37.34668],[-5.95311,37.34864],[-5.95257,37.34919]]}},{"type":"Feature","properties":{"id":"way/144799211","kind":"overhead","voltageClass":"high","voltageKv":220,"name":null,"circuits":null,"cables":"3","source":"osm"},"geometry":{"type":"LineString","coordinates":[[-5.93025,37.30224],[-5.93396,37.30078],[-5.93647,37.29867],[-5.93943,37.29624]]}},{"type":"Feature","properties":{"id":"way/144801452","kind":"overhead","voltageClass":"high","voltageKv":220,"name":null,"circuits":2,"cables":"6","source":"osm"},"geometry":{"type":"LineString","coordinates":[[-5.83855,37.29376],[-5.84054,37.2927],[-5.84515,37.29034],[-5.84903,37.28834],[-5.85346,37.28881],[-5.85786,37.28927],[-5.86295,37.28981]]}},{"type":"Feature","properties":{"id":"way/144801453","kind":"overhead","voltageClass":"high","voltageKv":220,"name":"Línea de alta tensión Cartuja - Don Rodrigo y Don Rodrigo - Dos Hermanas 2","circuits":2,"cables":"6","source":"osm"},"geometry":{"type":"LineString","coordinates":[[-5.84515,37.24471],[-5.84864,37.24603],[-5.85209,37.24731],[-5.85664,37.24902],[-5.86042,37.25043]]}},{"type":"Feature","properties":{"id":"way/144801454","kind":"overhead","voltageClass":"high","voltageKv":220,"name":"Línea de alta tensión Alcores - Don Rodrigo y Don Rodrigo - Dos Hermanas 1","circuits":2,"cables":"6","source":"osm"},"geometry":{"type":"LineString","coordinates":[[-5.84493,37.24531],[-5.84361,37.24804],[-5.84202,37.25143],[-5.84036,37.25495],[-5.83875,37.25837],[-5.83698,37.2621],[-5.83406,37.26822],[-5.83254,37.27146],[-5.83103,37.2747],[-5.82964,37.27763],[-5.83135,37.28071],[-5.83335,37.28431],[-5.83463,37.28663],[-5.83546,37.28812],[-5.83666,37.29035],[-5.83855,37.29376]]}},{"type":"Feature","properties":{"id":"way/144812112","kind":"overhead","voltageClass":"high","voltageKv":220,"name":null,"circuits":3,"cables":"9","source":"osm"},"geometry":{"type":"LineString","coordinates":[[-5.86295,37.28981],[-5.86768,37.2893],[-5.87099,37.28962],[-5.87527,37.29003],[-5.88,37.29045],[-5.88192,37.2906],[-5.88542,37.29203],[-5.88877,37.29339],[-5.89233,37.29431],[-5.89489,37.29497],[-5.898,37.29578],[-5.9017,37.29672],[-5.90395,37.29821]]}},{"type":"Feature","properties":{"id":"way/144812114","kind":"overhead","voltageClass":"high","voltageKv":220,"name":"Línea de alta tensión Alcores - Gazules y Don Rodrigo - Dos Hermanas 2","circuits":2,"cables":"6","source":"osm"},"geometry":{"type":"LineString","coordinates":[[-5.85173,37.27919],[-5.85274,37.27584],[-5.8538,37.27235],[-5.85487,37.26879],[-5.85605,37.26493],[-5.8571,37.26144],[-5.85821,37.25775],[-5.85909,37.25481],[-5.86009,37.25157],[-5.86042,37.25043]]}},{"type":"Feature","properties":{"id":"way/144812117","kind":"overhead","voltageClass":"medium","voltageKv":132,"name":null,"circuits":2,"cables":"6","source":"osm"},"geometry":{"type":"LineString","coordinates":[[-5.90556,37.29777],[-5.90502,37.29699],[-5.90255,37.2959],[-5.89593,37.29297],[-5.89325,37.2918],[-5.89093,37.29076],[-5.88851,37.29051],[-5.88597,37.29026],[-5.88308,37.28993],[-5.88069,37.28992],[-5.87816,37.28991]]}},{"type":"Feature","properties":{"id":"way/144812119","kind":"overhead","voltageClass":"medium","voltageKv":132,"name":null,"circuits":1,"cables":"3","source":"osm"},"geometry":{"type":"LineString","coordinates":[[-5.87294,37.35705],[-5.87268,37.35714]]}},{"type":"Feature","properties":{"id":"way/144812120","kind":"overhead","voltageClass":"medium","voltageKv":132,"name":null,"circuits":1,"cables":"3","source":"osm"},"geometry":{"type":"LineString","coordinates":[[-5.87294,37.35705],[-5.87303,37.35531],[-5.8731,37.35288],[-5.87321,37.35062],[-5.87327,37.34911],[-5.87335,37.34733],[-5.87352,37.34326],[-5.87368,37.33986],[-5.8738,37.33702],[-5.87389,37.33481],[-5.87399,37.33228],[-5.87415,37.32923],[-5.87426,37.32646],[-5.87437,37.32367],[-5.8745,37.32086],[-5.87464,37.31827],[-5.87474,37.31539],[-5.87487,37.31269],[-5.87499,37.31025],[-5.87514,37.30715],[-5.87526,37.30417],[-5.87537,37.30174],[-5.87549,37.29919],[-5.87576,37.29365],[-5.87759,37.29174],[-5.88081,37.29029]]}},{"type":"Feature","properties":{"id":"way/144812121","kind":"overhead","voltageClass":"high","voltageKv":220,"name":null,"circuits":null,"cables":"3","source":"osm"},"geometry":{"type":"LineString","coordinates":[[-5.90707,37.30015],[-5.90585,37.30138],[-5.90349,37.30384],[-5.90136,37.30604],[-5.89955,37.30798],[-5.90019,37.30983],[-5.90136,37.31308],[-5.90195,37.31469],[-5.90114,37.31686],[-5.90034,37.31902],[-5.89635,37.32099],[-5.89642,37.32432],[-5.89646,37.32638],[-5.89652,37.32932],[-5.89656,37.3312],[-5.8966,37.33373],[-5.89665,37.33629],[-5.8967,37.33862],[-5.89676,37.34203],[-5.89681,37.34457],[-5.89688,37.34787],[-5.8954,37.3503],[-5.89373,37.35304],[-5.89244,37.35515],[-5.89059,37.35819],[-5.88958,37.35984],[-5.88836,37.3613],[-5.8876,37.36167]]}},{"type":"Feature","properties":{"id":"way/144812124","kind":"overhead","voltageClass":"high","voltageKv":220,"name":null,"circuits":null,"cables":"3","source":"osm"},"geometry":{"type":"LineString","coordinates":[[-5.90395,37.29821],[-5.90553,37.29984],[-5.9064,37.29949],[-5.90624,37.299],[-5.90574,37.29829]]}},{"type":"Feature","properties":{"id":"way/144812125","kind":"overhead","voltageClass":"high","voltageKv":220,"name":null,"circuits":null,"cables":"3","source":"osm"},"geometry":{"type":"LineString","coordinates":[[-5.90395,37.29821],[-5.90554,37.29972],[-5.90622,37.29944],[-5.90609,37.29907],[-5.90558,37.29837]]}},{"type":"Feature","properties":{"id":"way/144812129","kind":"overhead","voltageClass":"high","voltageKv":220,"name":null,"circuits":null,"cables":"3","source":"osm"},"geometry":{"type":"LineString","coordinates":[[-5.9055,37.29855],[-5.90593,37.29913],[-5.90611,37.29941],[-5.90557,37.29961],[-5.90395,37.29821]]}},{"type":"Feature","properties":{"id":"way/144812132","kind":"overhead","voltageClass":"medium","voltageKv":132,"name":"Línea de alta tensión Alcalá de Guadaíra - Alcores","circuits":1,"cables":"3","source":"osm"},"geometry":{"type":"LineString","coordinates":[[-5.87294,37.35705],[-5.8729,37.35795],[-5.87285,37.35902],[-5.87263,37.36515],[-5.87248,37.36762],[-5.87016,37.37008],[-5.86811,37.37226],[-5.86607,37.37444],[-5.86403,37.37663],[-5.8624,37.37837],[-5.86128,37.37955],[-5.85882,37.38216],[-5.85787,37.38313],[-5.85763,37.38538],[-5.85722,37.38549]]}},{"type":"Feature","properties":{"id":"way/144812134","kind":"overhead","voltageClass":"high","voltageKv":220,"name":"Línea de alta tensión Don Rodrigo - Dos Hermanas 2","circuits":null,"cables":"3","source":"osm"},"geometry":{"type":"LineString","coordinates":[[-5.85173,37.27919],[-5.85409,37.28236],[-5.85652,37.28564],[-5.85842,37.2882],[-5.86295,37.28981]]}},{"type":"Feature","properties":{"id":"way/144812136","kind":"overhead","voltageClass":"medium","voltageKv":132,"name":null,"circuits":2,"cables":"6","source":"osm"},"geometry":{"type":"LineString","coordinates":[[-5.90525,37.29792],[-5.90485,37.29735],[-5.9031,37.29691],[-5.90034,37.29605],[-5.89722,37.29508],[-5.89478,37.29433],[-5.89183,37.2934],[-5.889,37.29252],[-5.88629,37.29167],[-5.88291,37.29061],[-5.88081,37.29029]]}},{"type":"Feature","properties":{"id":"way/144812139","kind":"overhead","voltageClass":"high","voltageKv":220,"name":null,"circuits":null,"cables":"6","source":"osm"},"geometry":{"type":"LineString","coordinates":[[-5.90639,37.29877],[-5.90707,37.30015]]}},{"type":"Feature","properties":{"id":"way/144813616","kind":"overhead","voltageClass":"high","voltageKv":220,"name":"Línea de alta tensión Aljarafe - Don Rodrigo","circuits":1,"cables":"3","source":"osm"},"geometry":{"type":"LineString","coordinates":[[-6.09403,37.34461],[-6.09382,37.34359],[-6.0938,37.34017],[-6.0938,37.33701],[-6.09379,37.33356],[-6.09334,37.33078],[-6.09285,37.32772],[-6.0923,37.32446],[-6.09192,37.32229],[-6.09147,37.31932],[-6.09088,37.31584],[-6.09035,37.31265],[-6.08816,37.30925],[-6.08548,37.30508],[-6.08299,37.30121],[-6.08336,37.29731],[-6.08371,37.29347],[-6.08398,37.29061],[-6.08429,37.28709],[-6.08467,37.28312],[-6.08504,37.27906],[-6.0854,37.27513],[-6.08571,37.2719],[-6.08312,37.2679],[-6.08074,37.26404],[-6.07805,37.26117],[-6.07526,37.25808],[-6.07159,37.25631],[-6.06726,37.25423],[-6.06361,37.25394]]}},{"type":"Feature","properties":{"id":"way/144816057","kind":"overhead","voltageClass":"high","voltageKv":220,"name":"Línea de alta tensión Aljarafe - Santiponce","circuits":1,"cables":"3","source":"osm"},"geometry":{"type":"LineString","coordinates":[[-6.09409,37.34482],[-6.09408,37.3454],[-6.09465,37.34783],[-6.09548,37.35229],[-6.09568,37.35329],[-6.09619,37.35593],[-6.09781,37.35943],[-6.09784,37.36318],[-6.09785,37.36662],[-6.09785,37.3675],[-6.09806,37.36802],[-6.09892,37.37014],[-6.09933,37.37115],[-6.10097,37.37499],[-6.10206,37.3776],[-6.10502,37.38414],[-6.10483,37.38515],[-6.10466,37.38639],[-6.10206,37.38886],[-6.09952,37.3897],[-6.09761,37.39033],[-6.09613,37.39082],[-6.09279,37.39192],[-6.08878,37.39323],[-6.08481,37.39607],[-6.08141,37.39848],[-6.0782,37.40074],[-6.07428,37.40354],[-6.07069,37.40613],[-6.06689,37.40882],[-6.06405,37.41084],[-6.05954,37.4137],[-6.05561,37.41619],[-6.0517,37.41867],[-6.04774,37.42116],[-6.04402,37.42352],[-6.04175,37.42494],[-6.04008,37.42507],[-6.03964,37.42511]]}},{"type":"Feature","properties":{"id":"way/144820508","kind":"overhead","voltageClass":"high","voltageKv":220,"name":null,"circuits":null,"cables":"3","source":"osm"},"geometry":{"type":"LineString","coordinates":[[-6.03977,37.426],[-6.04024,37.42596],[-6.04114,37.42586],[-6.04577,37.42588],[-6.04932,37.42588],[-6.05088,37.4265],[-6.05221,37.42911],[-6.05397,37.43261],[-6.0557,37.43602],[-6.05735,37.43928],[-6.05672,37.44287],[-6.05603,37.44676],[-6.05551,37.44964],[-6.05503,37.45241],[-6.05447,37.45561],[-6.05443,37.45587],[-6.05394,37.45869],[-6.05121,37.4613],[-6.04888,37.46354],[-6.04618,37.46615],[-6.0439,37.46834],[-6.04257,37.46961],[-6.0398,37.47226],[-6.03649,37.47545],[-6.03329,37.47851],[-6.03061,37.4811],[-6.02773,37.48386],[-6.0246,37.48686],[-6.0219,37.48954],[-6.01927,37.49204],[-6.01613,37.49505],[-6.01354,37.49754],[-6.01093,37.50005],[-6.00795,37.50292],[-6.00439,37.50634],[-6.00086,37.50975],[-5.99755,37.51297],[-5.9936,37.51673],[-5.99038,37.51983],[-5.9872,37.5229],[-5.98402,37.52598],[-5.98143,37.52745],[-5.97923,37.52865],[-5.97667,37.53011],[-5.97266,37.53038],[-5.96781,37.5307],[-5.96433,37.53093],[-5.95966,37.53125],[-5.95476,37.53159],[-5.94966,37.53194],[-5.94464,37.53228],[-5.94018,37.53258],[-5.93521,37.53292],[-5.9305,37.53324],[-5.92614,37.53354],[-5.92287,37.53376],[-5.9192,37.534],[-5.91471,37.53369],[-5.90908,37.53329],[-5.90397,37.53293],[-5.9005,37.53269],[-5.89687,37.53243],[-5.89199,37.53208],[-5.88722,37.53309],[-5.88196,37.5342],[-5.87704,37.53523],[-5.87184,37.53633],[-5.86656,37.53744],[-5.8621,37.53842],[-5.85733,37.53919],[-5.85324,37.53985],[-5.84908,37.54054],[-5.84445,37.5413],[-5.84056,37.54194],[-5.83617,37.54266],[-5.83165,37.54341],[-5.82688,37.5442],[-5.82258,37.54491],[-5.81817,37.54563],[-5.81367,37.54638],[-5.80898,37.54715],[-5.80395,37.54798],[-5.79913,37.54878],[-5.79505,37.54945],[-5.79007,37.55027],[-5.786,37.55095],[-5.78109,37.55176],[-5.77631,37.55255],[-5.77186,37.55328],[-5.76787,37.55394],[-5.76575,37.55428],[-5.76379,37.55462],[-5.75874,37.55547],[-5.75906,37.55644]]}},{"type":"Feature","properties":{"id":"way/144820510","kind":"overhead","voltageClass":"high","voltageKv":220,"name":null,"circuits":null,"cables":"3","source":"osm"},"geometry":{"type":"LineString","coordinates":[[-6.09966,37.6361],[-6.09955,37.63601],[-6.09945,37.63592],[-6.09919,37.63568],[-6.09869,37.63515]]}},{"type":"Feature","properties":{"id":"way/144820513","kind":"overhead","voltageClass":"high","voltageKv":220,"name":null,"circuits":null,"cables":"6","source":"osm"},"geometry":{"type":"LineString","coordinates":[[-6.03968,37.42538],[-6.04055,37.42531],[-6.04377,37.42501]]}},{"type":"Feature","properties":{"id":"way/144827705","kind":"overhead","voltageClass":"high","voltageKv":220,"name":"Línea de alta tensión Casaquemada - Onuba y Casaquemada - Guillena","circuits":null,"cables":"6","source":"osm"},"geometry":{"type":"LineString","coordinates":[[-6.26633,37.44029],[-6.26636,37.43929]]}},{"type":"Feature","properties":{"id":"way/144827706","kind":"overhead","voltageClass":"high","voltageKv":220,"name":"Línea de alta tensión Colón - Santiponce 1","circuits":null,"cables":"3","source":"osm"},"geometry":{"type":"LineString","coordinates":[[-6.04377,37.42501],[-6.0477,37.42488],[-6.05209,37.42446],[-6.05774,37.42393],[-6.06201,37.42354],[-6.06763,37.42302],[-6.07164,37.42265],[-6.07642,37.42214],[-6.0808,37.42171],[-6.08531,37.42186],[-6.08843,37.42196],[-6.09533,37.42218],[-6.10018,37.42235],[-6.10429,37.42249],[-6.10857,37.42262],[-6.11364,37.4228],[-6.1163,37.42315],[-6.1167,37.42321],[-6.11993,37.42363],[-6.12512,37.42434],[-6.13016,37.42502],[-6.135,37.42566],[-6.13983,37.42631],[-6.14488,37.42698],[-6.1497,37.42762],[-6.15578,37.42844],[-6.15808,37.42875],[-6.16304,37.42943],[-6.16544,37.42975],[-6.16952,37.43029],[-6.175,37.43105],[-6.17995,37.43171],[-6.18464,37.43235],[-6.18968,37.43305],[-6.19389,37.43363],[-6.19865,37.43421],[-6.2035,37.4348],[-6.20635,37.43515],[-6.20946,37.43552],[-6.21425,37.4361],[-6.21898,37.43668],[-6.22315,37.43717],[-6.22818,37.43703],[-6.23251,37.43679],[-6.2372,37.43655],[-6.24101,37.43634],[-6.24431,37.43617],[-6.24887,37.43593],[-6.25362,37.43568],[-6.25824,37.43545],[-6.26318,37.43518],[-6.26825,37.43493],[-6.27262,37.4347],[-6.27696,37.43448],[-6.28206,37.43421],[-6.28723,37.43394],[-6.29183,37.43371],[-6.29651,37.43346],[-6.301,37.43323],[-6.30566,37.43299],[-6.31039,37.43269],[-6.31509,37.43239],[-6.31981,37.4321],[-6.32464,37.43181],[-6.32918,37.43154],[-6.33396,37.43123],[-6.33804,37.43098],[-6.33994,37.43087],[-6.34372,37.43071],[-6.34957,37.43049],[-6.35449,37.43029],[-6.35748,37.43018],[-6.36222,37.42999],[-6.36701,37.4298],[-6.37002,37.42969],[-6.37331,37.42957],[-6.3795,37.42935],[-6.38248,37.42925],[-6.38695,37.42909],[-6.39202,37.42891],[-6.39631,37.42875],[-6.40114,37.42857],[-6.40533,37.42843],[-6.40979,37.42826],[-6.41227,37.42817],[-6.41752,37.42798],[-6.42307,37.42778],[-6.42605,37.42766],[-6.43183,37.42745],[-6.4377,37.42725],[-6.44333,37.42703],[-6.44901,37.42681],[-6.45373,37.42663],[-6.45715,37.4265],[-6.45983,37.42639],[-6.46477,37.4262],[-6.47015,37.42599],[-6.47446,37.42583],[-6.47801,37.42521],[-6.48104,37.42468],[-6.48481,37.42402],[-6.48891,37.4233],[-6.49288,37.4226],[-6.49653,37.42197],[-6.49998,37.42137],[-6.5032,37.4208],[-6.50614,37.42028],[-6.51012,37.41958],[-6.51494,37.41873],[-6.52002,37.41784],[-6.52529,37.41691],[-6.52996,37.41609],[-6.53482,37.41523],[-6.53947,37.4144],[-6.54399,37.41361],[-6.54831,37.41285],[-6.55324,37.41199],[-6.55767,37.41119],[-6.56254,37.41033],[-6.56685,37.40958],[-6.5716,37.40874],[-6.577,37.40779],[-6.58058,37.40716],[-6.58432,37.4065],[-6.58796,37.40585],[-6.59154,37.40522],[-6.59444,37.40471],[-6.59896,37.40391],[-6.6026,37.40327],[-6.60752,37.4024],[-6.61247,37.40151],[-6.61645,37.40081],[-6.62034,37.39951],[-6.62546,37.3978],[-6.62976,37.39637],[-6.63418,37.3949],[-6.63872,37.39339],[-6.64352,37.39192],[-6.64853,37.3903],[-6.65262,37.38897],[-6.65662,37.38767],[-6.66065,37.38636],[-6.66574,37.3847],[-6.67032,37.3832],[-6.67431,37.3819],[-6.67825,37.38061],[-6.6816,37.37952],[-6.68382,37.37882],[-6.68601,37.37808],[-6.68885,37.37716],[-6.69302,37.37574],[-6.69648,37.37459],[-6.70198,37.37275],[-6.70603,37.3714],[-6.71017,37.37001],[-6.71528,37.3683],[-6.71873,37.36714],[-6.72163,37.36625],[-6.72745,37.36446],[-6.73117,37.36331],[-6.73439,37.36231],[-6.74008,37.36055],[-6.74493,37.35904],[-6.7499,37.3575],[-6.75409,37.3562],[-6.75851,37.35483],[-6.76281,37.35349],[-6.76741,37.35207],[-6.77167,37.35078],[-6.77606,37.34943],[-6.78029,37.34813],[-6.78493,37.34673],[-6.78893,37.3455],[-6.79294,37.34427],[-6.79859,37.34256],[-6.80309,37.34098],[-6.80786,37.33932],[-6.81214,37.33783],[-6.8165,37.33632],[-6.81991,37.33513],[-6.82449,37.33353],[-6.82874,37.33205],[-6.83281,37.33063],[-6.83776,37.3289],[-6.84193,37.32745],[-6.84681,37.32574],[-6.85183,37.32399],[-6.85601,37.32253],[-6.86069,37.3209],[-6.8649,37.31942],[-6.86888,37.31803],[-6.87304,37.31658],[-6.87746,37.31503],[-6.88211,37.31341],[-6.88582,37.31211],[-6.888,37.31022],[-6.88943,37.30897],[-6.89204,37.30672],[-6.8953,37.30389],[-6.8984,37.30119],[-6.9016,37.29843],[-6.90247,37.29459],[-6.90318,37.29143],[-6.90388,37.28832],[-6.90477,37.28444],[-6.90627,37.28064],[-6.90773,37.27694],[-6.90861,37.27468]]}},{"type":"Feature","properties":{"id":"way/144827707","kind":"overhead","voltageClass":"high","voltageKv":220,"name":"Línea de alta tensión Casaquemada - Onuba","circuits":null,"cables":"3","source":"osm"},"geometry":{"type":"LineString","coordinates":[[-6.26636,37.43929],[-6.26853,37.43931],[-6.27201,37.43918],[-6.27593,37.43904],[-6.28087,37.43887],[-6.28586,37.4387],[-6.29013,37.43856],[-6.29479,37.4384],[-6.30028,37.43821],[-6.3045,37.43807],[-6.30902,37.43792],[-6.31354,37.43777],[-6.31803,37.43763],[-6.32278,37.43747],[-6.32783,37.43732],[-6.33237,37.43716],[-6.33613,37.43705],[-6.34081,37.4369],[-6.34464,37.43678],[-6.34967,37.43662],[-6.35334,37.43651],[-6.35913,37.43632],[-6.36391,37.43618],[-6.36824,37.43604],[-6.37214,37.4359],[-6.37702,37.43571],[-6.38154,37.43558],[-6.38651,37.43537],[-6.39065,37.43522],[-6.39532,37.43505],[-6.40002,37.43488],[-6.40493,37.43469],[-6.40981,37.43451],[-6.41512,37.43431],[-6.41994,37.43413],[-6.42335,37.43399],[-6.42687,37.43386],[-6.43192,37.43367],[-6.43775,37.43287],[-6.4423,37.43224],[-6.44655,37.43165],[-6.44883,37.43134],[-6.4531,37.43075],[-6.45776,37.4301],[-6.46228,37.42948],[-6.46643,37.42891],[-6.47056,37.42834],[-6.47483,37.42775],[-6.47909,37.42732],[-6.48393,37.42686],[-6.48881,37.42636],[-6.49356,37.42589],[-6.49854,37.4254],[-6.50351,37.42492],[-6.50841,37.42444],[-6.51331,37.42397],[-6.51662,37.42364],[-6.52017,37.42329],[-6.52568,37.42275],[-6.53024,37.42231],[-6.53451,37.42189],[-6.53886,37.42146],[-6.54254,37.4211],[-6.54674,37.42069],[-6.55015,37.42035],[-6.55425,37.41995],[-6.55744,37.41964],[-6.56315,37.41842],[-6.56815,37.41737],[-6.57195,37.41658],[-6.57662,37.4156],[-6.58159,37.41455],[-6.58638,37.41355],[-6.59104,37.41257],[-6.59558,37.41162],[-6.6002,37.41065],[-6.60342,37.40998],[-6.60741,37.40914],[-6.61154,37.40826],[-6.61592,37.40734],[-6.62058,37.40636],[-6.6253,37.40537],[-6.62991,37.40441],[-6.63434,37.40348],[-6.63907,37.40248],[-6.64378,37.40149],[-6.64801,37.39987],[-6.65245,37.39816],[-6.6571,37.39638],[-6.66111,37.3948],[-6.66541,37.39313],[-6.66994,37.39136],[-6.67348,37.38997],[-6.67659,37.38876],[-6.67961,37.38759],[-6.68226,37.38659],[-6.6863,37.38576],[-6.69041,37.38491],[-6.69265,37.38444],[-6.69595,37.38375],[-6.70101,37.3827],[-6.70556,37.38175],[-6.70998,37.38083],[-6.71447,37.37989],[-6.71863,37.37902],[-6.72442,37.37781],[-6.72952,37.37675],[-6.73252,37.37612],[-6.73797,37.37499],[-6.74327,37.37388],[-6.7475,37.373],[-6.75184,37.37209],[-6.75687,37.37104],[-6.76033,37.37032],[-6.76392,37.36957],[-6.76811,37.3687],[-6.77162,37.36704],[-6.7767,37.36463],[-6.7808,37.36269],[-6.78509,37.36066],[-6.78917,37.35873],[-6.79302,37.35693],[-6.79693,37.35507],[-6.80162,37.35284],[-6.80561,37.35096],[-6.80947,37.34913],[-6.81369,37.34713],[-6.81804,37.34507],[-6.81977,37.34426],[-6.82174,37.34333],[-6.82522,37.34168],[-6.82934,37.3397],[-6.83366,37.33766],[-6.83792,37.33565],[-6.84148,37.33397],[-6.84605,37.3318],[-6.85011,37.32988],[-6.85513,37.32759],[-6.85883,37.32592],[-6.86278,37.32412],[-6.86722,37.32209],[-6.87094,37.3204],[-6.87494,37.31858],[-6.87904,37.31673],[-6.88275,37.31504],[-6.88582,37.31365],[-6.88748,37.31253],[-6.88906,37.31109],[-6.89117,37.30924],[-6.89369,37.30701],[-6.89632,37.30468],[-6.89983,37.30154],[-6.90368,37.29811],[-6.90558,37.29701],[-6.90817,37.29552]]}},{"type":"Feature","properties":{"id":"way/144827708","kind":"overhead","voltageClass":"high","voltageKv":220,"name":"Línea de alta tensión Guillena - Santiponce 4","circuits":null,"cables":"3","source":"osm"},"geometry":{"type":"LineString","coordinates":[[-6.16869,37.43195],[-6.16765,37.43559],[-6.1665,37.4396],[-6.16554,37.44297],[-6.16458,37.44633],[-6.16362,37.44969],[-6.16272,37.45282],[-6.16166,37.45655],[-6.16034,37.46119],[-6.15944,37.4643],[-6.1583,37.46829],[-6.15759,37.4708],[-6.15632,37.47524],[-6.15515,37.47932],[-6.15387,37.48382],[-6.15263,37.48813],[-6.15111,37.4934],[-6.14989,37.49769],[-6.14883,37.5014],[-6.14753,37.50595],[-6.14642,37.50987],[-6.14536,37.51356],[-6.14461,37.5162],[-6.14361,37.51966],[-6.14281,37.52248],[-6.14168,37.5264],[-6.14111,37.52843],[-6.13991,37.53258],[-6.139,37.53576],[-6.13777,37.5401],[-6.13703,37.54269],[-6.13616,37.54571],[-6.13524,37.54895],[-6.13462,37.55112],[-6.1335,37.55502],[-6.13312,37.55637],[-6.13069,37.56483],[-6.12692,37.57795],[-6.12591,37.58146],[-6.12407,37.58457],[-6.12183,37.58831],[-6.1201,37.59118],[-6.11139,37.6057],[-6.10985,37.60828],[-6.10915,37.60944],[-6.10735,37.61246],[-6.10548,37.61558],[-6.10234,37.62081],[-6.10032,37.62417],[-6.0979,37.62812],[-6.09729,37.63287],[-6.09857,37.63464],[-6.09944,37.63549],[-6.09972,37.63573],[-6.09982,37.63581],[-6.09992,37.63591]]}},{"type":"Feature","properties":{"id":"way/144827710","kind":"overhead","voltageClass":"high","voltageKv":220,"name":"Línea de alta tensión Casaquemada - Guillena","circuits":null,"cables":"3","source":"osm"},"geometry":{"type":"LineString","coordinates":[[-6.26636,37.43929],[-6.26434,37.43929],[-6.25981,37.43927],[-6.25525,37.43925],[-6.25011,37.43926],[-6.24547,37.43925],[-6.24083,37.43924],[-6.23619,37.43925],[-6.23142,37.43925],[-6.22701,37.43926],[-6.22295,37.43927],[-6.21957,37.43927],[-6.21384,37.43928],[-6.20853,37.43929],[-6.20425,37.4385],[-6.19979,37.43768],[-6.19524,37.43685],[-6.18999,37.4359],[-6.18555,37.43509],[-6.18137,37.43431],[-6.17734,37.43354],[-6.17261,37.43267],[-6.16869,37.43195],[-6.16409,37.43113],[-6.16083,37.43051],[-6.15564,37.42956],[-6.14963,37.42881],[-6.14517,37.42826],[-6.14024,37.42766],[-6.13553,37.42708],[-6.13072,37.42649],[-6.1258,37.42588],[-6.12156,37.42537],[-6.11857,37.42501],[-6.11515,37.42482],[-6.11149,37.4247],[-6.10723,37.42456],[-6.10508,37.42457],[-6.09979,37.42463],[-6.09461,37.42466],[-6.08884,37.42471],[-6.08357,37.42476],[-6.0814,37.42476],[-6.07683,37.42482],[-6.07417,37.42485],[-6.06928,37.4249],[-6.06191,37.42499],[-6.05647,37.42505],[-6.05188,37.42511],[-6.04879,37.42514],[-6.04377,37.42501]]}},{"type":"Feature","properties":{"id":"way/144829168","kind":"overhead","voltageClass":"high","voltageKv":220,"name":null,"circuits":1,"cables":"3","source":"osm"},"geometry":{"type":"LineString","coordinates":[[-6.01276,37.39187],[-6.01516,37.3925],[-6.01853,37.39338],[-6.02035,37.39388],[-6.02109,37.39754],[-6.02159,37.40004],[-6.02234,37.40381],[-6.02289,37.40651],[-6.02365,37.41019],[-6.02416,37.41283],[-6.02482,37.41607],[-6.02517,37.41787],[-6.02771,37.42147],[-6.02952,37.42401],[-6.03038,37.42526],[-6.03136,37.42664],[-6.03375,37.42705],[-6.0372,37.42616],[-6.03825,37.42588],[-6.03932,37.4257],[-6.03972,37.42566]]}},{"type":"Feature","properties":{"id":"way/144829169","kind":"overhead","voltageClass":"high","voltageKv":220,"name":null,"circuits":null,"cables":"3","source":"osm"},"geometry":{"type":"LineString","coordinates":[[-6.02937,37.66638],[-6.02758,37.66693],[-6.02634,37.66544],[-6.02325,37.65957],[-6.02144,37.65609],[-6.02015,37.65366],[-6.01805,37.64971],[-6.01678,37.64726],[-6.01555,37.64491],[-6.01364,37.64131],[-6.01173,37.63767],[-6.00963,37.63368],[-6.00652,37.62778],[-6.00552,37.62583],[-6.00424,37.62338],[-6.00295,37.61872],[-6.00161,37.61393],[-6.00047,37.60985],[-5.99935,37.60586],[-5.99866,37.60336],[-5.99747,37.59914],[-5.9966,37.5961],[-5.9958,37.59312],[-5.9951,37.59069],[-5.9942,37.58725],[-5.99445,37.58522],[-5.99507,37.58103],[-5.9955,37.57805],[-5.99602,37.57456],[-5.99654,37.57089],[-5.99706,37.56717],[-5.9976,37.56357],[-5.99798,37.56089],[-5.99859,37.55682],[-5.99911,37.55334],[-5.99955,37.55015],[-5.99997,37.54714],[-6.0005,37.54356],[-6.00102,37.54003],[-6.00154,37.53635],[-6.00207,37.53279],[-6.00253,37.52958],[-6.003,37.52626],[-6.00354,37.52257],[-6.00438,37.51902],[-6.00521,37.51551],[-6.00601,37.51216],[-6.00681,37.50876],[-6.00755,37.50574],[-6.00836,37.50225],[-6.00922,37.49869],[-6.01001,37.4953],[-6.01077,37.49191],[-6.01162,37.48827],[-6.01244,37.48468],[-6.01318,37.48137],[-6.01383,37.47846],[-6.01441,37.47589],[-6.0152,37.47238],[-6.01607,37.46862],[-6.01686,37.46508],[-6.01751,37.46215],[-6.01821,37.45911],[-6.01892,37.45601],[-6.01963,37.45289],[-6.02044,37.44949],[-6.0212,37.44622],[-6.02204,37.4426],[-6.02274,37.43961],[-6.02486,37.43564],[-6.02659,37.43246],[-6.02552,37.4297],[-6.02435,37.42668],[-6.02364,37.42481],[-6.02276,37.42238],[-6.02139,37.41897],[-6.02123,37.41634],[-6.02101,37.41289],[-6.02078,37.40935],[-6.0206,37.40649],[-6.02041,37.40349],[-6.02016,37.39957],[-6.02004,37.39766],[-6.01982,37.39423],[-6.01838,37.39386],[-6.01503,37.39297],[-6.01264,37.39235]]}},{"type":"Feature","properties":{"id":"way/144830549","kind":"overhead","voltageClass":"high","voltageKv":220,"name":"Línea de alta tensión Dos Hermanas - Mirabal","circuits":1,"cables":"3","source":"osm"},"geometry":{"type":"LineString","coordinates":[[-5.90642,37.29838],[-5.90662,37.29866],[-5.90725,37.29947],[-5.90912,37.29805],[-5.90781,37.29507],[-5.90497,37.29334],[-5.90449,37.29136],[-5.90387,37.2886],[-5.90306,37.28498],[-5.90223,37.28138],[-5.90169,37.27907],[-5.90089,37.27556],[-5.90001,37.27176],[-5.89926,37.26848],[-5.89848,37.26511],[-5.89773,37.26185],[-5.89713,37.25914],[-5.89706,37.25506],[-5.89701,37.25129],[-5.89695,37.2475],[-5.8969,37.24384],[-5.89684,37.24],[-5.89678,37.23619],[-5.89673,37.23207],[-5.89667,37.22818],[-5.8966,37.22403],[-5.89654,37.21997],[-5.89649,37.21615],[-5.89642,37.21165],[-5.89637,37.20769],[-5.89632,37.20387],[-5.89627,37.19996],[-5.8962,37.1958],[-5.89614,37.19206],[-5.89608,37.18801],[-5.89602,37.18422],[-5.89595,37.18022],[-5.89589,37.17613],[-5.89614,37.17219],[-5.89638,37.16828],[-5.89659,37.16499],[-5.89685,37.16097],[-5.89709,37.15713],[-5.89733,37.15335],[-5.89757,37.14962],[-5.8978,37.14599],[-5.898,37.14262],[-5.89822,37.13927],[-5.89845,37.13551],[-5.89869,37.13162],[-5.8989,37.12827],[-5.89912,37.1246],[-5.89935,37.12085],[-5.89959,37.11706],[-5.8998,37.11369],[-5.90001,37.11034],[-5.90023,37.10653],[-5.90047,37.10267],[-5.9007,37.09885],[-5.90093,37.09499],[-5.90114,37.09121],[-5.90138,37.08732],[-5.90159,37.08384],[-5.90176,37.08086],[-5.90197,37.07745],[-5.90219,37.0737],[-5.90242,37.06989],[-5.90263,37.06617],[-5.90286,37.06246],[-5.90307,37.05873],[-5.90322,37.05624],[-5.90337,37.05373],[-5.90354,37.05084],[-5.90372,37.04766],[-5.90451,37.04543],[-5.90582,37.04169],[-5.90712,37.038],[-5.90837,37.03443],[-5.90968,37.0307],[-5.91093,37.02713],[-5.91222,37.02346],[-5.91336,37.0202],[-5.91439,37.01725],[-5.91555,37.01393],[-5.91686,37.01018],[-5.91814,37.00654],[-5.91934,37.00308],[-5.92021,37.00062],[-5.92108,36.99814],[-5.92233,36.99456],[-5.9234,36.9915],[-5.92444,36.98844],[-5.92566,36.98489],[-5.92701,36.98095],[-5.92839,36.97691],[-5.92955,36.97351],[-5.93092,36.96954],[-5.93214,36.96602],[-5.93323,36.96284],[-5.93396,36.95944],[-5.93472,36.9559],[-5.93535,36.95295],[-5.93626,36.94864],[-5.93724,36.94408],[-5.93778,36.94155],[-5.93856,36.9379],[-5.93954,36.93334],[-5.94044,36.92913],[-5.94112,36.92593],[-5.94194,36.92208],[-5.94275,36.91831],[-5.9434,36.91522],[-5.94423,36.91133],[-5.94485,36.90842],[-5.94548,36.90546],[-5.94682,36.90252],[-5.94873,36.89834],[-5.9501,36.89532],[-5.95243,36.89022],[-5.95378,36.88725],[-5.95555,36.88336],[-5.95778,36.87845],[-5.95892,36.87595],[-5.96043,36.87264],[-5.96158,36.87011],[-5.96316,36.86664],[-5.96523,36.86204],[-5.96668,36.85886],[-5.96834,36.8552],[-5.96971,36.85218],[-5.97149,36.84827],[-5.97296,36.84501],[-5.97477,36.84103],[-5.97667,36.83682],[-5.97826,36.83333],[-5.97952,36.83052],[-5.98115,36.82689],[-5.98263,36.82359],[-5.98441,36.81964],[-5.98609,36.81588],[-5.98771,36.81224],[-5.98926,36.8088],[-5.99082,36.80533],[-5.9924,36.80182],[-5.9942,36.7978],[-5.99571,36.79443],[-5.99696,36.79017],[-5.99785,36.78714],[-5.99898,36.78331],[-6.00001,36.7798],[-6.00081,36.77708],[-6.00173,36.77387],[-6.00281,36.77019],[-6.00403,36.76611],[-6.00493,36.76304],[-6.00615,36.75886],[-6.0085,36.75447],[-6.01,36.7517],[-6.01183,36.7483],[-6.01189,36.74524],[-6.01195,36.74242],[-6.012,36.73956],[-6.01306,36.736],[-6.01437,36.73157],[-6.01561,36.72741],[-6.01677,36.72349],[-6.01773,36.72028],[-6.01895,36.71615],[-6.01988,36.71299],[-6.02084,36.70978],[-6.02153,36.70745],[-6.02261,36.70373],[-6.02414,36.69856],[-6.02481,36.69633],[-6.02558,36.69373],[-6.0264,36.69199],[-6.02723,36.69022]]}},{"type":"Feature","properties":{"id":"way/144831340","kind":"overhead","voltageClass":"high","voltageKv":220,"name":null,"circuits":null,"cables":"3","source":"osm"},"geometry":{"type":"LineString","coordinates":[[-5.90707,37.30015],[-5.90872,37.30099],[-5.91172,37.30134],[-5.91654,37.30189],[-5.92171,37.30247],[-5.92558,37.30292],[-5.93025,37.30224]]}},{"type":"Feature","properties":{"id":"way/145456407","kind":"overhead","voltageClass":"high","voltageKv":220,"name":"Línea de alta tensión Almodóvar del Río - Casillas y Casillas - Lancha","circuits":2,"cables":"6","source":"osm"},"geometry":{"type":"LineString","coordinates":[[-4.80343,37.82604],[-4.80457,37.83007],[-4.80528,37.83256],[-4.80634,37.83629],[-4.80755,37.84054],[-4.80848,37.84383],[-4.80893,37.84538],[-4.81056,37.85107],[-4.81404,37.853],[-4.81362,37.85487],[-4.81294,37.85696]]}},{"type":"Feature","properties":{"id":"way/145456409","kind":"overhead","voltageClass":"high","voltageKv":220,"name":"Línea de alta tensión Casillas - Lancha","circuits":1,"cables":"3","source":"osm"},"geometry":{"type":"LineString","coordinates":[[-4.80343,37.82604],[-4.8003,37.8266],[-4.79744,37.82712],[-4.79457,37.82839],[-4.79034,37.8284],[-4.78622,37.82915],[-4.78319,37.8297],[-4.7792,37.83042],[-4.77517,37.83232],[-4.77129,37.83415],[-4.76836,37.83675],[-4.76552,37.83926],[-4.76178,37.84258],[-4.75904,37.845],[-4.75458,37.84896],[-4.75162,37.85158],[-4.74708,37.85561],[-4.74431,37.85806],[-4.74141,37.86063],[-4.73891,37.86285],[-4.73519,37.86615],[-4.73215,37.86884],[-4.72978,37.87267],[-4.72882,37.87421],[-4.72699,37.87716],[-4.72497,37.88039],[-4.72325,37.88317],[-4.72163,37.88578],[-4.72027,37.88797],[-4.71864,37.89058],[-4.71628,37.89438],[-4.71486,37.89666],[-4.71319,37.89936],[-4.71158,37.90194],[-4.71257,37.90569],[-4.71367,37.9099],[-4.71432,37.91258]]}},{"type":"Feature","properties":{"id":"way/145456415","kind":"overhead","voltageClass":"high","voltageKv":220,"name":null,"circuits":null,"cables":"6","source":"osm"},"geometry":{"type":"LineString","coordinates":[[-4.71267,37.91788],[-4.71369,37.91463],[-4.71432,37.91258]]}},{"type":"Feature","properties":{"id":"way/145456416","kind":"overhead","voltageClass":"high","voltageKv":220,"name":null,"circuits":null,"cables":"3","source":"osm"},"geometry":{"type":"LineString","coordinates":[[-4.71018,37.91787],[-4.71173,37.91889],[-4.71267,37.91788]]}},{"type":"Feature","properties":{"id":"way/145456419","kind":"overhead","voltageClass":"high","voltageKv":220,"name":null,"circuits":null,"cables":"6","source":"osm"},"geometry":{"type":"LineString","coordinates":[[-4.53468,38.12187],[-4.5362,38.12016],[-4.5387,38.11726],[-4.54058,38.11504],[-4.5427,38.11261],[-4.54632,38.10819],[-4.54824,38.10598],[-4.55309,38.10289],[-4.55603,38.10101],[-4.56291,38.09662],[-4.56508,38.09524],[-4.57066,38.09168],[-4.57515,38.0888],[-4.57986,38.08579],[-4.58423,38.08299],[-4.58637,38.08164],[-4.58948,38.07965],[-4.59713,38.07478],[-4.60104,38.07227],[-4.60421,38.07025],[-4.60731,38.06826],[-4.61086,38.06591],[-4.61642,38.06241],[-4.62249,38.05851],[-4.62672,38.05581],[-4.6293,38.05416],[-4.63614,38.04979],[-4.64018,38.04721],[-4.64899,38.04156],[-4.65583,38.03718],[-4.65722,38.03495],[-4.65972,38.03093],[-4.66375,38.02452],[-4.66705,38.01924],[-4.67055,38.01362],[-4.67224,38.0109],[-4.6757,38.00544],[-4.67741,38.00274],[-4.67999,37.99866],[-4.68258,37.9945],[-4.6858,37.98935],[-4.68717,37.98717],[-4.68995,37.98273],[-4.69103,37.981],[-4.69356,37.97697],[-4.69617,37.97277],[-4.69744,37.97074],[-4.70053,37.96544],[-4.70375,37.96065],[-4.70479,37.95897],[-4.70617,37.95674],[-4.70819,37.95348],[-4.71163,37.94804],[-4.71269,37.94634],[-4.71443,37.94354],[-4.71382,37.93933],[-4.7134,37.93642],[-4.71304,37.93399],[-4.71239,37.92941]]}},{"type":"Feature","properties":{"id":"way/145643797","kind":"overhead","voltageClass":"medium","voltageKv":132,"name":null,"circuits":2,"cables":"6","source":"osm"},"geometry":{"type":"LineString","coordinates":[[-5.98441,37.41777],[-5.98501,37.41783],[-5.98721,37.41874],[-5.98988,37.42011],[-5.9927,37.42375]]}},{"type":"Feature","properties":{"id":"way/151492679","kind":"overhead","voltageClass":"medium","voltageKv":132,"name":"Línea de alta tensión Aeropuerto de Sevilla - Cross San Jerónimo","circuits":1,"cables":"3","source":"osm"},"geometry":{"type":"LineString","coordinates":[[-5.96229,37.45194],[-5.96006,37.45262],[-5.95853,37.45338],[-5.95687,37.4542],[-5.95363,37.45582],[-5.95045,37.45741],[-5.94748,37.4589],[-5.94528,37.46068],[-5.9432,37.46238],[-5.94153,37.46374],[-5.93931,37.46553],[-5.93704,37.4674],[-5.93473,37.46927],[-5.93159,37.46908],[-5.92844,37.46888],[-5.92545,37.46869],[-5.92271,37.46723],[-5.91996,37.46576],[-5.91723,37.46429],[-5.91451,37.46284],[-5.91188,37.46144],[-5.90929,37.46005],[-5.90617,37.4591],[-5.90308,37.45815],[-5.90002,37.45723],[-5.89677,37.45622],[-5.89363,37.45528],[-5.89055,37.45434],[-5.88743,37.45339],[-5.88436,37.45246],[-5.88119,37.45149],[-5.87811,37.45055],[-5.87505,37.44961],[-5.87211,37.44872],[-5.87026,37.44679]]}},{"type":"Feature","properties":{"id":"way/151492680","kind":"overhead","voltageClass":"medium","voltageKv":132,"name":"Línea de alta tensión Itálica - Santiponce","circuits":1,"cables":"3","source":"osm"},"geometry":{"type":"LineString","coordinates":[[-6.06549,37.46186],[-6.06464,37.45881],[-6.06384,37.45594],[-6.06292,37.4527],[-6.06201,37.44943],[-6.06134,37.44706],[-6.06155,37.44427],[-6.06174,37.44147],[-6.06203,37.43753],[-6.06223,37.43475],[-6.0625,37.43109],[-6.06271,37.42799],[-6.06219,37.42497],[-6.06188,37.42354],[-6.06053,37.42266],[-6.05721,37.42305],[-6.05312,37.42354],[-6.04848,37.42389],[-6.04456,37.42416],[-6.04043,37.42453],[-6.03956,37.42462]]}},{"type":"Feature","properties":{"id":"way/164823723","kind":"overhead","voltageClass":"high","voltageKv":220,"name":null,"circuits":2,"cables":"6","source":"osm"},"geometry":{"type":"LineString","coordinates":[[-6.0635,37.4806],[-6.06521,37.48089],[-6.0665,37.4811],[-6.06913,37.48154]]}},{"type":"Feature","properties":{"id":"way/169768406","kind":"overhead","voltageClass":"low","voltageKv":66,"name":null,"circuits":1,"cables":"3","source":"osm"},"geometry":{"type":"LineString","coordinates":[[-4.97561,37.83528],[-4.97557,37.83541]]}},{"type":"Feature","properties":{"id":"way/169768409","kind":"overhead","voltageClass":"medium","voltageKv":132,"name":"Línea de alta tensión Casillas - Lancha 2 y Lancha - Rivero","circuits":2,"cables":"6","source":"osm"},"geometry":{"type":"LineString","coordinates":[[-4.70926,37.91564],[-4.70849,37.91076],[-4.708,37.90811],[-4.70756,37.90543],[-4.70706,37.90277],[-4.70803,37.90116],[-4.70919,37.89925],[-4.71044,37.8972],[-4.71162,37.89525],[-4.7128,37.89324],[-4.71423,37.89085],[-4.71519,37.88925],[-4.71718,37.8859],[-4.71866,37.88348],[-4.72,37.88121],[-4.72161,37.87987],[-4.72392,37.87789],[-4.72638,37.87581],[-4.72884,37.87374],[-4.73129,37.87167],[-4.73371,37.86962],[-4.73516,37.86838],[-4.73688,37.86693],[-4.73915,37.86502],[-4.74257,37.86213],[-4.74452,37.86048],[-4.7469,37.85845],[-4.74933,37.85641],[-4.75173,37.85439],[-4.75363,37.85277],[-4.75589,37.85252],[-4.75852,37.85226],[-4.7613,37.85198],[-4.76414,37.8517],[-4.76645,37.85145],[-4.76935,37.85116],[-4.77232,37.85086],[-4.77505,37.85057],[-4.77817,37.85027],[-4.78143,37.84993],[-4.7858,37.84928],[-4.78768,37.85008],[-4.79055,37.85062],[-4.79328,37.85115],[-4.79616,37.85169],[-4.79952,37.85233],[-4.80295,37.85297],[-4.80684,37.85371],[-4.81012,37.85434],[-4.81313,37.8549]]}},{"type":"Feature","properties":{"id":"way/169768415","kind":"overhead","voltageClass":"low","voltageKv":66,"name":"Línea de alta tensión Casillas - Santuario y Lancha - Torrecillas","circuits":2,"cables":"6","source":"osm"},"geometry":{"type":"LineString","coordinates":[[-4.74072,37.86612],[-4.74336,37.86321],[-4.74788,37.86099],[-4.74859,37.85904],[-4.75057,37.85709],[-4.75172,37.8561],[-4.75322,37.8548],[-4.75497,37.85328],[-4.75661,37.85312],[-4.75933,37.85283],[-4.76225,37.85253],[-4.76505,37.85223],[-4.7678,37.85195],[-4.77024,37.8517],[-4.77284,37.85143],[-4.77517,37.85118],[-4.7778,37.85091],[-4.7804,37.85064],[-4.7827,37.85106]]}},{"type":"Feature","properties":{"id":"way/169768416","kind":"overhead","voltageClass":"medium","voltageKv":132,"name":"Línea de alta tensión Lancha - Rivero y Posadas - Puente Nuevo","circuits":2,"cables":"6","source":"osm"},"geometry":{"type":"LineString","coordinates":[[-5.09993,37.8122],[-5.09701,37.81267],[-5.09515,37.81295],[-5.09176,37.81343],[-5.08887,37.81386],[-5.08536,37.8144],[-5.08183,37.81492],[-5.07844,37.81544],[-5.07508,37.81594],[-5.0715,37.81648],[-5.06579,37.81732],[-5.06345,37.81767],[-5.06038,37.81813],[-5.0576,37.81856],[-5.05521,37.81891],[-5.05255,37.8193],[-5.04685,37.82017],[-5.04524,37.82042],[-5.0417,37.82095],[-5.0382,37.82148],[-5.03559,37.82187],[-5.03276,37.8223],[-5.02971,37.82277],[-5.02658,37.82323],[-5.0236,37.8239],[-5.02079,37.82453],[-5.01777,37.82521],[-5.01436,37.82598],[-5.01147,37.82663],[-5.00818,37.82737],[-5.0033,37.82846],[-5.00087,37.82901],[-4.99761,37.82974],[-4.99417,37.83053],[-4.99073,37.83129],[-4.98733,37.83207],[-4.98394,37.83283],[-4.98071,37.83355],[-4.97764,37.83425],[-4.97458,37.83493],[-4.97124,37.83568],[-4.96779,37.83645],[-4.96431,37.83726],[-4.96262,37.83784],[-4.95943,37.83899],[-4.95625,37.84012],[-4.95313,37.84124],[-4.95005,37.84234],[-4.94693,37.84346],[-4.94381,37.84458],[-4.9407,37.84569],[-4.9376,37.84679],[-4.9345,37.84789],[-4.93142,37.84898],[-4.92821,37.85011],[-4.92512,37.85123],[-4.92206,37.85231],[-4.91899,37.85341],[-4.91586,37.85451],[-4.91284,37.85558],[-4.90974,37.85668],[-4.90662,37.85778],[-4.90543,37.85843]]}},{"type":"Feature","properties":{"id":"way/169768424","kind":"overhead","voltageClass":"medium","voltageKv":132,"name":"Línea de alta tensión Casillas - Puente Nuevo y Posadas - Puente Nuevo","circuits":2,"cables":"6","source":"osm"},"geometry":{"type":"LineString","coordinates":[[-4.90543,37.85843],[-4.90648,37.86054],[-4.90769,37.86295],[-4.90887,37.86534],[-4.91006,37.86772],[-4.91126,37.87012],[-4.91298,37.87358],[-4.91414,37.8759],[-4.91502,37.87767],[-4.91636,37.88035],[-4.91891,37.88545],[-4.92013,37.8879],[-4.92151,37.89065],[-4.92302,37.89367],[-4.92537,37.89833],[-4.92662,37.90082],[-4.92959,37.90675],[-4.93126,37.91006],[-4.93317,37.91385],[-4.93446,37.91644],[-4.93695,37.92139],[-4.93776,37.92298],[-4.93923,37.92587],[-4.9383,37.92898],[-4.93764,37.93119],[-4.93668,37.93442],[-4.9353,37.93898],[-4.93398,37.94339],[-4.93334,37.94551],[-4.93197,37.95008],[-4.93113,37.95287],[-4.92942,37.95856],[-4.9267,37.96762],[-4.92572,37.97085],[-4.92354,37.97813],[-4.92284,37.98046],[-4.92231,37.98221],[-4.92121,37.98589],[-4.92041,37.98855],[-4.91887,37.99365],[-4.91825,37.99572],[-4.91711,37.99953],[-4.91498,38.00656],[-4.91453,38.00805],[-4.91349,38.01154],[-4.91253,38.01471],[-4.91139,38.01847],[-4.91025,38.02226],[-4.90923,38.02565],[-4.90797,38.02985],[-4.90637,38.03516],[-4.90538,38.03844],[-4.90489,38.04006],[-4.90419,38.04241],[-4.90377,38.04381],[-4.90232,38.0486],[-4.90058,38.05437],[-4.89922,38.05892],[-4.89829,38.06197],[-4.89664,38.06748],[-4.89587,38.06999],[-4.89525,38.07203],[-4.89451,38.07445],[-4.89256,38.081],[-4.89073,38.0832],[-4.89091,38.08497],[-4.89331,38.08765],[-4.89708,38.0919],[-4.90151,38.09689],[-4.90588,38.09943],[-4.90831,38.10084],[-4.91068,38.10222],[-4.91366,38.10395],[-4.91639,38.10554],[-4.91777,38.10679],[-4.92087,38.10959],[-4.92369,38.11214],[-4.92756,38.11229],[-4.93152,38.11246],[-4.93276,38.1119],[-4.93348,38.11108]]}},{"type":"Feature","properties":{"id":"way/169768425","kind":"overhead","voltageClass":"low","voltageKv":66,"name":"Línea de alta tensión Mochos - Posadas y Mochos - Villarrubia","circuits":2,"cables":"6","source":"osm"},"geometry":{"type":"LineString","coordinates":[[-4.97557,37.83541],[-4.97585,37.83647],[-4.97568,37.83773]]}},{"type":"Feature","properties":{"id":"way/169768428","kind":"overhead","voltageClass":"low","voltageKv":66,"name":"Línea de alta tensión Casillas - Villarrubia y Mochos - Villarrubia","circuits":2,"cables":"6","source":"osm"},"geometry":{"type":"LineString","coordinates":[[-4.91326,37.8511],[-4.91421,37.85285],[-4.9153,37.85418],[-4.91646,37.85557]]}},{"type":"Feature","properties":{"id":"way/169768431","kind":"overhead","voltageClass":"low","voltageKv":66,"name":"Línea de alta tensión Mochos - Posadas","circuits":1,"cables":"3","source":"osm"},"geometry":{"type":"LineString","coordinates":[[-5.1,37.80799],[-5.10066,37.80924],[-5.1006,37.81066],[-5.09958,37.81129],[-5.09742,37.81192],[-5.09542,37.81244],[-5.09164,37.81297],[-5.08943,37.81329],[-5.08825,37.81404],[-5.08629,37.81517],[-5.08284,37.81569],[-5.07871,37.81631],[-5.07588,37.81673],[-5.07178,37.81734],[-5.06646,37.81815],[-5.06293,37.81869],[-5.06037,37.81909],[-5.05759,37.81951],[-5.05554,37.81982],[-5.05332,37.82017],[-5.05136,37.82046],[-5.04573,37.82132],[-5.04175,37.82193],[-5.03866,37.8224],[-5.0359,37.82282],[-5.03292,37.82328],[-5.02982,37.82375],[-5.02668,37.82423],[-5.02439,37.82475],[-5.02098,37.82552],[-5.01824,37.82614],[-5.01554,37.82675],[-5.00861,37.82833],[-5.00507,37.82914],[-5.0018,37.82986],[-4.99866,37.8308],[-4.99527,37.83183],[-4.99222,37.83275],[-4.98904,37.83371],[-4.98673,37.83441],[-4.98279,37.83557],[-4.97981,37.8365],[-4.97568,37.83773]]}},{"type":"Feature","properties":{"id":"way/169768450","kind":"overhead","voltageClass":"low","voltageKv":66,"name":null,"circuits":1,"cables":"3","source":"osm"},"geometry":{"type":"LineString","coordinates":[[-4.97557,37.83541],[-4.97568,37.83533]]}},{"type":"Feature","properties":{"id":"way/169926840","kind":"overhead","voltageClass":"low","voltageKv":66,"name":null,"circuits":1,"cables":"3","source":"osm"},"geometry":{"type":"LineString","coordinates":[[-4.80285,37.8464],[-4.80107,37.84466],[-4.79938,37.84293],[-4.79747,37.84098],[-4.79642,37.83988],[-4.79487,37.83829],[-4.79311,37.83648],[-4.79125,37.83543],[-4.78995,37.83488],[-4.78884,37.83441],[-4.78699,37.83365],[-4.78473,37.8327],[-4.78236,37.83171],[-4.78062,37.83098],[-4.77953,37.83053],[-4.77876,37.82983],[-4.77757,37.82876],[-4.7759,37.82724],[-4.77508,37.82556],[-4.77431,37.82396],[-4.7744,37.82255],[-4.77449,37.82133],[-4.77458,37.82006],[-4.77468,37.8185],[-4.77483,37.81642],[-4.77497,37.8145],[-4.77509,37.81272],[-4.77509,37.8106],[-4.77508,37.80888],[-4.7751,37.80713],[-4.7741,37.80571],[-4.77274,37.80378],[-4.77149,37.802],[-4.76971,37.80013],[-4.76808,37.79842],[-4.76632,37.79658],[-4.76469,37.79487],[-4.76298,37.79306],[-4.76134,37.79013],[-4.76038,37.78839],[-4.75926,37.78638],[-4.75847,37.78496],[-4.75762,37.78342],[-4.75689,37.78212],[-4.75612,37.78073],[-4.75527,37.77919],[-4.75432,37.77748],[-4.75264,37.77571],[-4.75162,37.77465],[-4.75061,37.77358],[-4.74974,37.77267],[-4.74833,37.77118],[-4.74489,37.76756],[-4.74216,37.76469],[-4.74027,37.76268],[-4.73816,37.76047],[-4.73651,37.75873],[-4.73515,37.75729],[-4.73346,37.75552],[-4.73203,37.75401],[-4.73031,37.75219],[-4.72947,37.75131],[-4.72779,37.74953],[-4.72666,37.74835],[-4.72501,37.7466],[-4.72385,37.74539],[-4.72168,37.74309],[-4.7198,37.74111],[-4.71832,37.73955],[-4.7169,37.73805],[-4.71583,37.73693],[-4.71429,37.73585],[-4.71273,37.73474],[-4.71106,37.73356],[-4.70931,37.73234],[-4.70687,37.73061],[-4.70548,37.72964],[-4.7034,37.72818],[-4.70087,37.72639],[-4.69869,37.72485],[-4.69638,37.72323],[-4.6946,37.72198],[-4.69286,37.72075],[-4.69088,37.71936],[-4.68902,37.71805],[-4.68741,37.71691],[-4.68564,37.71567],[-4.68385,37.7144],[-4.68173,37.71289],[-4.67945,37.7113],[-4.67815,37.71038],[-4.67596,37.70884],[-4.67414,37.70756],[-4.67218,37.70618],[-4.67082,37.70521],[-4.66906,37.70397],[-4.66708,37.70262],[-4.66712,37.70231]]}},{"type":"Feature","properties":{"id":"way/169926841","kind":"overhead","voltageClass":"low","voltageKv":66,"name":"Línea de alta tensión Casillas - Santuario","circuits":1,"cables":"3","source":"osm"},"geometry":{"type":"LineString","coordinates":[[-4.75461,37.87989],[-4.75477,37.88015]]}},{"type":"Feature","properties":{"id":"way/169926847","kind":"overhead","voltageClass":"low","voltageKv":66,"name":"Línea de alta tensión Lancha - Santuario","circuits":1,"cables":"3","source":"osm"},"geometry":{"type":"LineString","coordinates":[[-4.75464,37.88018],[-4.75461,37.87989]]}},{"type":"Feature","properties":{"id":"way/169926848","kind":"overhead","voltageClass":"low","voltageKv":66,"name":null,"circuits":1,"cables":"3","source":"osm"},"geometry":{"type":"LineString","coordinates":[[-4.80285,37.8464],[-4.80502,37.84946],[-4.8083,37.85025],[-4.80925,37.85272],[-4.80996,37.85443],[-4.81065,37.85555],[-4.8116,37.85659],[-4.81211,37.8576],[-4.81207,37.85839]]}},{"type":"Feature","properties":{"id":"way/169926852","kind":"overhead","voltageClass":"low","voltageKv":66,"name":"Línea de alta tensión Casillas - Santuario y Lancha - Santuario","circuits":2,"cables":"6","source":"osm"},"geometry":{"type":"LineString","coordinates":[[-4.74072,37.86612],[-4.74198,37.86682],[-4.74424,37.86806],[-4.74684,37.86949],[-4.7494,37.8709],[-4.7504,37.87283],[-4.75162,37.87521],[-4.75313,37.87812],[-4.75461,37.87989]]}},{"type":"Feature","properties":{"id":"way/169987497","kind":"overhead","voltageClass":"medium","voltageKv":132,"name":"Línea de alta tensión Espejo - Lancha y Lancha - Lucena 1","circuits":2,"cables":"6","source":"osm"},"geometry":{"type":"LineString","coordinates":[[-4.57724,37.65038],[-4.57836,37.65394],[-4.57934,37.65695],[-4.58044,37.66029],[-4.58137,37.66314],[-4.5826,37.66686],[-4.58341,37.66936],[-4.58474,37.67336],[-4.5853,37.67508],[-4.58642,37.67852],[-4.58753,37.68186],[-4.5884,37.68454],[-4.59,37.68935],[-4.59086,37.69112],[-4.59267,37.69477],[-4.59422,37.69791],[-4.59602,37.70154],[-4.59714,37.7038],[-4.599,37.70757],[-4.59996,37.7095],[-4.60116,37.71191],[-4.60294,37.71553],[-4.60424,37.71816],[-4.60569,37.72109],[-4.60677,37.72326],[-4.60736,37.72446],[-4.60984,37.72947],[-4.61118,37.73214],[-4.61279,37.73539],[-4.61403,37.73792],[-4.61554,37.74096],[-4.61628,37.74246],[-4.61788,37.74569],[-4.61903,37.74799],[-4.62123,37.75246],[-4.62302,37.75607],[-4.62428,37.75861],[-4.62536,37.76077],[-4.62638,37.76284],[-4.62796,37.76605],[-4.62866,37.76744],[-4.62994,37.77001],[-4.63252,37.77522],[-4.63352,37.77725],[-4.63467,37.77955],[-4.6367,37.78363],[-4.63793,37.78613],[-4.63936,37.78898],[-4.64129,37.79288],[-4.64347,37.79728],[-4.64505,37.80045],[-4.64608,37.80251],[-4.64675,37.80388],[-4.64902,37.80843],[-4.65063,37.81166],[-4.65144,37.81329],[-4.65322,37.81686],[-4.65464,37.81973],[-4.65575,37.82196],[-4.6573,37.82507],[-4.65869,37.82787],[-4.65995,37.8304],[-4.66133,37.83316],[-4.66216,37.83509],[-4.66407,37.83945],[-4.66502,37.84169],[-4.66598,37.8439],[-4.66696,37.84617],[-4.668,37.84859],[-4.66933,37.85165],[-4.67066,37.85475],[-4.67186,37.85754],[-4.6735,37.86131],[-4.6745,37.86362],[-4.67516,37.86515],[-4.67761,37.87081],[-4.67873,37.87334],[-4.67975,37.87575],[-4.68325,37.87982],[-4.68498,37.88185],[-4.68725,37.88447],[-4.68955,37.88712],[-4.69182,37.88978],[-4.69399,37.89231],[-4.69625,37.89492],[-4.69802,37.89698],[-4.70025,37.89958],[-4.70248,37.90215],[-4.70503,37.90513],[-4.70634,37.90663],[-4.70749,37.90798],[-4.7084,37.91147],[-4.7091,37.91572]]}},{"type":"Feature","properties":{"id":"way/169987500","kind":"overhead","voltageClass":"medium","voltageKv":132,"name":"Línea de alta tensión Lancha - Pabellón","circuits":2,"cables":"6","source":"osm"},"geometry":{"type":"LineString","coordinates":[[-4.70878,37.9159],[-4.70625,37.91462],[-4.70346,37.91343],[-4.70147,37.91404],[-4.69931,37.91558],[-4.69717,37.91712],[-4.6949,37.91872],[-4.69267,37.92034],[-4.69064,37.92179],[-4.6884,37.9234],[-4.68612,37.92504],[-4.68529,37.92647],[-4.68439,37.92802],[-4.68323,37.93002],[-4.68228,37.93169],[-4.68146,37.93305],[-4.68017,37.93529],[-4.68011,37.93539],[-4.67866,37.93794],[-4.67688,37.93921],[-4.6735,37.94022],[-4.67052,37.94109],[-4.66798,37.9419],[-4.6648,37.94281],[-4.66188,37.94368],[-4.65851,37.94467],[-4.65557,37.94553],[-4.65255,37.94642],[-4.64968,37.94728],[-4.64646,37.94824],[-4.64316,37.94923],[-4.63819,37.95071],[-4.63329,37.95215],[-4.63119,37.9528],[-4.62724,37.95398],[-4.62058,37.95597],[-4.61886,37.95647],[-4.61602,37.9573],[-4.61337,37.95777],[-4.61173,37.95806],[-4.60941,37.95846],[-4.606,37.95906],[-4.60262,37.95965],[-4.59757,37.96056],[-4.59251,37.96141],[-4.59018,37.96184],[-4.58804,37.96222],[-4.58479,37.96278],[-4.58046,37.96356],[-4.57601,37.96432],[-4.57348,37.96475],[-4.57108,37.96518],[-4.56713,37.96587],[-4.56328,37.96654],[-4.55676,37.96767],[-4.55128,37.96864],[-4.54844,37.96914],[-4.54499,37.96975],[-4.54147,37.96963],[-4.53834,37.96954],[-4.53461,37.96945],[-4.52968,37.96937],[-4.52734,37.96926],[-4.52422,37.96915],[-4.52007,37.96904],[-4.51747,37.96899],[-4.51482,37.96891],[-4.51199,37.96882],[-4.50834,37.96869],[-4.50435,37.96857],[-4.50094,37.96793],[-4.49782,37.96737],[-4.49522,37.96685],[-4.492,37.96626],[-4.489,37.9657],[-4.48567,37.96508]]}},{"type":"Feature","properties":{"id":"way/169993788","kind":"overhead","voltageClass":"high","voltageKv":220,"name":null,"circuits":null,"cables":"6","source":"osm"},"geometry":{"type":"LineString","coordinates":[[-4.69611,37.92539],[-4.70135,37.92444],[-4.70354,37.92544],[-4.70729,37.92713],[-4.71057,37.92861],[-4.71239,37.92941]]}},{"type":"Feature","properties":{"id":"way/169993789","kind":"overhead","voltageClass":"high","voltageKv":220,"name":null,"circuits":null,"cables":"3","source":"osm"},"geometry":{"type":"LineString","coordinates":[[-4.69217,37.92566],[-4.69231,37.92601],[-4.69611,37.92539]]}},{"type":"Feature","properties":{"id":"way/169993791","kind":"overhead","voltageClass":"high","voltageKv":220,"name":null,"circuits":null,"cables":"6","source":"osm"},"geometry":{"type":"LineString","coordinates":[[-4.71239,37.92941],[-4.71205,37.92727],[-4.71184,37.92594],[-4.71123,37.92183],[-4.7108,37.91895],[-4.70998,37.91799]]}},{"type":"Feature","properties":{"id":"way/169993792","kind":"overhead","voltageClass":"low","voltageKv":66,"name":"Línea de alta tensión Lancha - Montilla","circuits":1,"cables":"3","source":"osm"},"geometry":{"type":"LineString","coordinates":[[-4.6781,37.60556],[-4.67825,37.60626],[-4.67824,37.60775],[-4.67825,37.60954],[-4.67826,37.61129],[-4.67827,37.61263],[-4.67829,37.61447],[-4.6783,37.61614],[-4.67832,37.61828],[-4.67836,37.62212],[-4.67838,37.62393],[-4.6784,37.62585],[-4.67841,37.62757],[-4.67844,37.63013],[-4.67846,37.63246],[-4.67848,37.63412],[-4.67852,37.63621],[-4.67851,37.63775],[-4.67853,37.63913],[-4.67855,37.64176],[-4.67856,37.64306],[-4.67857,37.64403],[-4.67858,37.64563],[-4.67861,37.6484],[-4.67863,37.64979],[-4.67864,37.6512],[-4.67865,37.65219],[-4.67868,37.65395],[-4.6787,37.65625],[-4.67872,37.65751],[-4.67874,37.65904],[-4.67876,37.6604],[-4.67878,37.66224],[-4.67881,37.66525],[-4.67883,37.6668],[-4.67886,37.66932],[-4.67888,37.67121],[-4.6789,37.67303],[-4.67893,37.67486],[-4.67895,37.67682],[-4.67897,37.67837],[-4.679,37.68065],[-4.67901,37.68242],[-4.67904,37.6847],[-4.67906,37.68592],[-4.67908,37.68879],[-4.67911,37.6902],[-4.67913,37.69163],[-4.67914,37.69324],[-4.67916,37.69453],[-4.67917,37.69593],[-4.67919,37.69753],[-4.67921,37.6998],[-4.67924,37.70184],[-4.67925,37.70367],[-4.67927,37.70547],[-4.6793,37.70755],[-4.67931,37.70916],[-4.67934,37.71077],[-4.67935,37.71251],[-4.67937,37.71422],[-4.6794,37.71567],[-4.68,37.71758],[-4.68063,37.71953],[-4.68127,37.72156],[-4.68183,37.72332],[-4.68248,37.72539],[-4.68308,37.72725],[-4.68352,37.72863],[-4.68412,37.73051],[-4.6846,37.732],[-4.68536,37.7344],[-4.68599,37.73635],[-4.6865,37.73796],[-4.68706,37.73972],[-4.68764,37.74155],[-4.68836,37.74381],[-4.68889,37.74544],[-4.68943,37.74713],[-4.68991,37.74866],[-4.69038,37.75011],[-4.69118,37.75269],[-4.69213,37.75566],[-4.69261,37.75716],[-4.69338,37.75962],[-4.69398,37.76146],[-4.69476,37.76392],[-4.69541,37.766],[-4.69618,37.76838],[-4.69665,37.76989],[-4.69707,37.77123],[-4.69775,37.77331],[-4.69837,37.77528],[-4.69895,37.77709],[-4.69947,37.77874],[-4.70129,37.78126],[-4.70129,37.78446],[-4.7019,37.7864],[-4.70236,37.78782],[-4.70289,37.7895],[-4.70356,37.79163],[-4.70412,37.79337],[-4.70483,37.79561],[-4.70521,37.7968],[-4.70604,37.79942],[-4.70667,37.8014],[-4.70735,37.80352],[-4.70819,37.8062],[-4.70901,37.80878],[-4.70995,37.81177],[-4.71035,37.81301],[-4.71107,37.8142],[-4.71208,37.81583],[-4.71369,37.81846],[-4.71447,37.81972],[-4.71614,37.82244],[-4.717,37.82383],[-4.71784,37.8252],[-4.71893,37.82702],[-4.71973,37.82829],[-4.72099,37.83031],[-4.72228,37.83239],[-4.72353,37.83443],[-4.7244,37.83583],[-4.72525,37.83722],[-4.72639,37.83898],[-4.72739,37.84061],[-4.7287,37.84282],[-4.72971,37.84444],[-4.73068,37.84604],[-4.73159,37.84749],[-4.73246,37.84892],[-4.73363,37.85084],[-4.7345,37.85223],[-4.73536,37.85361],[-4.73598,37.85461],[-4.73719,37.85659],[-4.738,37.85791],[-4.73921,37.85986],[-4.73982,37.86086],[-4.7407,37.86226],[-4.74102,37.86358],[-4.74002,37.86529],[-4.73896,37.86622],[-4.73754,37.8675],[-4.73639,37.86853],[-4.73556,37.86928],[-4.73394,37.87072],[-4.73313,37.87147],[-4.73214,37.87234],[-4.73051,37.87379],[-4.72884,37.8753],[-4.72717,37.8768],[-4.72545,37.87833],[-4.72377,37.87983],[-4.72216,37.88128],[-4.721,37.88232],[-4.71977,37.88342],[-4.7188,37.88532],[-4.71762,37.88759],[-4.71645,37.8899],[-4.71501,37.89273],[-4.71459,37.89436],[-4.71414,37.89662],[-4.71236,37.89948],[-4.71087,37.90181],[-4.7116,37.90441],[-4.71229,37.90703],[-4.71297,37.90959],[-4.71311,37.91151],[-4.71325,37.9136],[-4.71309,37.91502],[-4.71201,37.91628],[-4.71094,37.91712],[-4.71069,37.91686]]}},{"type":"Feature","properties":{"id":"way/169993794","kind":"overhead","voltageClass":"low","voltageKv":66,"name":null,"circuits":2,"cables":"6","source":"osm"},"geometry":{"type":"LineString","coordinates":[[-4.71008,37.91721],[-4.71047,37.9175],[-4.71125,37.91839],[-4.71107,37.919],[-4.71026,37.9227],[-4.7093,37.92366],[-4.70552,37.92462],[-4.70166,37.92562],[-4.69807,37.92694],[-4.69546,37.9279],[-4.69204,37.92915],[-4.68903,37.93025],[-4.6865,37.93117],[-4.68288,37.93252],[-4.68042,37.93382],[-4.67813,37.93537],[-4.67597,37.93683],[-4.67164,37.93744],[-4.66721,37.93871],[-4.66347,37.93976],[-4.66039,37.94043],[-4.65647,37.94177],[-4.6522,37.94298],[-4.65008,37.94358],[-4.64679,37.94477],[-4.64209,37.94645],[-4.63908,37.94751],[-4.63397,37.94935],[-4.62822,37.95145],[-4.62419,37.95287],[-4.62053,37.95418],[-4.61824,37.95501],[-4.61533,37.95606],[-4.60963,37.95736],[-4.60524,37.95837],[-4.60232,37.95904],[-4.59953,37.95959],[-4.59879,37.95984],[-4.59722,37.96013],[-4.58985,37.9614],[-4.58502,37.96222],[-4.58077,37.96296],[-4.57494,37.96398],[-4.57125,37.96462],[-4.56711,37.96532],[-4.56433,37.96579],[-4.56142,37.96628],[-4.55623,37.96649],[-4.55206,37.96667],[-4.54946,37.96676],[-4.54381,37.96713],[-4.53904,37.96724],[-4.53525,37.96745],[-4.53229,37.96763],[-4.52782,37.96793],[-4.52405,37.96814],[-4.51969,37.96811],[-4.51537,37.96809],[-4.51271,37.96808],[-4.50749,37.96805],[-4.50527,37.9672],[-4.50295,37.96629],[-4.50175,37.96582]]}},{"type":"Feature","properties":{"id":"way/169993799","kind":"overhead","voltageClass":"low","voltageKv":66,"name":null,"circuits":null,"cables":"3","source":"osm"},"geometry":{"type":"LineString","coordinates":[[-4.70677,37.93082],[-4.70759,37.92878],[-4.70852,37.92647],[-4.70922,37.9247],[-4.71049,37.92275],[-4.71097,37.92057],[-4.7113,37.91898],[-4.71125,37.91839]]}},{"type":"Feature","properties":{"id":"way/169993800","kind":"overhead","voltageClass":"low","voltageKv":66,"name":"Línea de alta tensión Lancha - Santuario y Lancha - Torrecillas","circuits":2,"cables":"6","source":"osm"},"geometry":{"type":"LineString","coordinates":[[-4.74072,37.86612],[-4.73916,37.86698],[-4.73763,37.86829],[-4.73654,37.86923],[-4.73488,37.87066],[-4.73317,37.87214],[-4.73136,37.87369],[-4.7294,37.8754],[-4.72782,37.87676],[-4.72583,37.87847],[-4.72394,37.88012],[-4.72203,37.88175],[-4.71998,37.88352],[-4.71909,37.88536],[-4.71787,37.88786],[-4.7168,37.89008],[-4.71557,37.89259],[-4.71504,37.89444],[-4.71442,37.89657],[-4.71263,37.89943],[-4.71115,37.90183],[-4.71184,37.90444],[-4.7125,37.90695],[-4.71317,37.90947],[-4.71327,37.91144],[-4.71339,37.91353],[-4.71321,37.91503],[-4.71243,37.91654],[-4.71097,37.91723]]}},{"type":"Feature","properties":{"id":"way/170424448","kind":"overhead","voltageClass":"high","voltageKv":220,"name":null,"circuits":null,"cables":"3","source":"osm"},"geometry":{"type":"LineString","coordinates":[[-6.08943,37.63399],[-6.09323,37.6345],[-6.0972,37.63492],[-6.09856,37.63614]]}},{"type":"Feature","properties":{"id":"way/170424449","kind":"overhead","voltageClass":"high","voltageKv":220,"name":null,"circuits":null,"cables":"3","source":"osm"},"geometry":{"type":"LineString","coordinates":[[-6.09582,37.64002],[-6.09828,37.63869],[-6.09943,37.63729],[-6.09902,37.63695],[-6.09877,37.63674],[-6.09867,37.63664],[-6.09857,37.63655]]}},{"type":"Feature","properties":{"id":"way/170424450","kind":"overhead","voltageClass":"high","voltageKv":220,"name":null,"circuits":null,"cables":"3","source":"osm"},"geometry":{"type":"LineString","coordinates":[[-6.09582,37.64002],[-6.09811,37.63856],[-6.09916,37.63744],[-6.09876,37.63713],[-6.09852,37.63691],[-6.09842,37.63682],[-6.09832,37.63673]]}},{"type":"Feature","properties":{"id":"way/170424451","kind":"overhead","voltageClass":"high","voltageKv":220,"name":null,"circuits":null,"cables":"3","source":"osm"},"geometry":{"type":"LineString","coordinates":[[-6.08943,37.63399],[-6.09327,37.63429],[-6.09733,37.63471],[-6.09881,37.63594]]}},{"type":"Feature","properties":{"id":"way/170424452","kind":"overhead","voltageClass":"high","voltageKv":220,"name":null,"circuits":2,"cables":"6","source":"osm"},"geometry":{"type":"LineString","coordinates":[[-6.02937,37.66638],[-6.03367,37.66478],[-6.03916,37.66269],[-6.04401,37.66085],[-6.05007,37.65857],[-6.05275,37.65755],[-6.05467,37.65684],[-6.05962,37.65497],[-6.06254,37.65388],[-6.06707,37.65207],[-6.06986,37.65095],[-6.07142,37.65033],[-6.07619,37.64841],[-6.08277,37.64577],[-6.08623,37.64439],[-6.08932,37.64315],[-6.09293,37.64171],[-6.09582,37.64002]]}},{"type":"Feature","properties":{"id":"way/170424453","kind":"overhead","voltageClass":"high","voltageKv":400,"name":"Línea de alta tensión Guillena - Puebla de Guzmán","circuits":2,"cables":"6","source":"osm"},"geometry":{"type":"LineString","coordinates":[[-7.23973,37.54816],[-7.2383,37.54868],[-7.23324,37.54852],[-7.22933,37.54674],[-7.22461,37.54458],[-7.21964,37.54232],[-7.21543,37.5404],[-7.21091,37.53832],[-7.20628,37.53719],[-7.20215,37.53617],[-7.19797,37.53514],[-7.19424,37.53423],[-7.19152,37.53233],[-7.18757,37.52962],[-7.18354,37.52681],[-7.17982,37.52425],[-7.17683,37.52215],[-7.17466,37.52066],[-7.17162,37.51987],[-7.16771,37.51885],[-7.16231,37.51744],[-7.1585,37.51644],[-7.15542,37.51619],[-7.15151,37.51586],[-7.1466,37.51543],[-7.14158,37.515],[-7.13703,37.51461],[-7.13359,37.5136],[-7.12704,37.51165],[-7.12247,37.508],[-7.11884,37.50517],[-7.1167,37.50194],[-7.11484,37.49903],[-7.11238,37.49534],[-7.10982,37.4915],[-7.10805,37.48883],[-7.10547,37.48498],[-7.10332,37.48168],[-7.10058,37.47756],[-7.09861,37.4746],[-7.09682,37.47191],[-7.09447,37.46837],[-7.09245,37.46535],[-7.08784,37.46416],[-7.08333,37.46299],[-7.07977,37.46209],[-7.076,37.46111],[-7.07033,37.45967],[-7.06566,37.45846],[-7.06187,37.45751],[-7.05903,37.45512],[-7.05541,37.45216],[-7.0521,37.44941],[-7.0476,37.44576],[-7.04346,37.4423],[-7.04023,37.43963],[-7.03685,37.43686],[-7.03383,37.43437],[-7.0307,37.43181],[-7.02764,37.42929],[-7.02265,37.42816],[-7.01883,37.42729],[-7.01439,37.42632],[-7.00981,37.4253],[-7.00565,37.42436],[-7.00084,37.42325],[-6.99568,37.42209],[-6.99224,37.42132],[-6.98785,37.42033],[-6.98386,37.41944],[-6.97878,37.41829],[-6.97326,37.41705],[-6.96703,37.41564],[-6.96231,37.41457],[-6.95748,37.41346],[-6.95283,37.41244],[-6.9481,37.41135],[-6.94366,37.41035],[-6.94005,37.40954],[-6.93618,37.40867],[-6.93157,37.40664],[-6.92686,37.40457],[-6.92181,37.40235],[-6.91675,37.40015],[-6.91301,37.39847],[-6.90798,37.39629],[-6.90379,37.39445],[-6.90089,37.39313],[-6.8984,37.38989],[-6.89584,37.38654],[-6.89348,37.38334],[-6.8905,37.37946],[-6.88838,37.37667],[-6.88602,37.37354],[-6.88337,37.36994],[-6.87927,37.36791],[-6.87607,37.36629],[-6.8736,37.36497],[-6.86915,37.36371],[-6.86449,37.36239],[-6.8598,37.36101],[-6.85486,37.35958],[-6.85161,37.3586],[-6.84658,37.35845],[-6.84042,37.35827],[-6.83558,37.35813],[-6.83012,37.35795],[-6.82627,37.35824],[-6.82301,37.35886],[-6.81827,37.3597],[-6.81289,37.36062],[-6.80828,37.3614],[-6.80384,37.36216],[-6.79876,37.36302],[-6.79417,37.36426],[-6.79009,37.36511],[-6.78622,37.36709],[-6.78338,37.36854],[-6.77999,37.3703],[-6.7756,37.37055],[-6.77054,37.37084],[-6.76497,37.37116],[-6.75952,37.37208],[-6.75418,37.37299],[-6.74994,37.37497],[-6.74412,37.37557],[-6.74038,37.37596],[-6.73552,37.37746],[-6.73134,37.37878],[-6.72699,37.38016],[-6.72263,37.38152],[-6.71797,37.38299],[-6.71268,37.38465],[-6.70835,37.38602],[-6.7029,37.38773],[-6.69813,37.38923],[-6.69469,37.39032],[-6.68862,37.39138],[-6.68448,37.39211],[-6.68055,37.3928],[-6.67725,37.39338],[-6.67364,37.39559],[-6.67003,37.39785],[-6.66633,37.40014],[-6.66201,37.40282],[-6.65913,37.40461],[-6.65484,37.40727],[-6.65043,37.41],[-6.64727,37.41196],[-6.64329,37.41446],[-6.64034,37.41628],[-6.63765,37.41795],[-6.63279,37.41926],[-6.62767,37.42063],[-6.62367,37.42168],[-6.61922,37.42076],[-6.61518,37.4199],[-6.60947,37.41864],[-6.60469,37.41934],[-6.59968,37.42007],[-6.5944,37.42083],[-6.58896,37.42162],[-6.58509,37.42216],[-6.58015,37.42288],[-6.57521,37.42359],[-6.56963,37.4244],[-6.56556,37.42499],[-6.56162,37.42554],[-6.55636,37.42675],[-6.55168,37.42782],[-6.54692,37.42891],[-6.54258,37.42991],[-6.53725,37.43114],[-6.53197,37.43235],[-6.52688,37.43351],[-6.52188,37.43467],[-6.51737,37.43568],[-6.51234,37.43647],[-6.50728,37.43724],[-6.50224,37.43801],[-6.49713,37.43878],[-6.49184,37.4396],[-6.48643,37.44042],[-6.48128,37.4412],[-6.47553,37.44207],[-6.47166,37.44266],[-6.4656,37.44358],[-6.46052,37.44435],[-6.45617,37.44501],[-6.45155,37.44571],[-6.44723,37.44636],[-6.44338,37.44694],[-6.43893,37.44762],[-6.43318,37.44849],[-6.4284,37.44921],[-6.42314,37.45001],[-6.41782,37.45082],[-6.41365,37.45145],[-6.41071,37.45189],[-6.40743,37.45279],[-6.40301,37.45401],[-6.39758,37.45549],[-6.39233,37.45694],[-6.38802,37.45812],[-6.38455,37.45907],[-6.38003,37.46031],[-6.37626,37.46135],[-6.3722,37.46247],[-6.36776,37.46369],[-6.36267,37.46509],[-6.35866,37.46631],[-6.35415,37.46768],[-6.34998,37.46895],[-6.34429,37.47068],[-6.33969,37.47208],[-6.33393,37.47383],[-6.33305,37.47604],[-6.3315,37.47984],[-6.32979,37.48406],[-6.32835,37.48763],[-6.32699,37.49094],[-6.32569,37.49413],[-6.32403,37.49818],[-6.32296,37.50086],[-6.32185,37.50361],[-6.32167,37.50684],[-6.32145,37.51069],[-6.32121,37.5139],[-6.32108,37.51692],[-6.32087,37.52097],[-6.32072,37.5235],[-6.32053,37.52693],[-6.31728,37.53085],[-6.31253,37.53659],[-6.30864,37.5414],[-6.30222,37.54601],[-6.29696,37.54869],[-6.29464,37.54987],[-6.29075,37.55191],[-6.28791,37.55434],[-6.28413,37.55764],[-6.27866,37.56071],[-6.27509,37.56278],[-6.27152,37.56412],[-6.26781,37.5655],[-6.26117,37.56798],[-6.2565,37.56973],[-6.25192,37.57144],[-6.24567,37.57379],[-6.23946,37.5761],[-6.23506,37.57773],[-6.22995,37.57969],[-6.22382,37.58124],[-6.21783,37.58277],[-6.21274,37.58409],[-6.20862,37.58516],[-6.20022,37.58736],[-6.196,37.58845],[-6.19213,37.58944],[-6.1867,37.59083],[-6.18394,37.59153],[-6.17902,37.59279],[-6.17515,37.59381],[-6.17223,37.59458],[-6.16679,37.59528],[-6.16277,37.5958],[-6.15812,37.5964],[-6.15366,37.59697],[-6.14922,37.59754],[-6.14594,37.59796],[-6.14036,37.5987],[-6.13688,37.59916],[-6.13458,37.60155],[-6.13169,37.60469],[-6.12855,37.60794],[-6.12578,37.61085],[-6.123,37.61374],[-6.11979,37.6169],[-6.1175,37.61928],[-6.11394,37.6231],[-6.1119,37.62524],[-6.10855,37.62877],[-6.10586,37.63143],[-6.10528,37.63146],[-6.10037,37.63156],[-6.09671,37.63249]]}},{"type":"Feature","properties":{"id":"way/170425856","kind":"overhead","voltageClass":"high","voltageKv":220,"name":null,"circuits":2,"cables":"6","source":"osm"},"geometry":{"type":"LineString","coordinates":[[-6.0635,37.4806],[-6.06292,37.47571],[-6.06253,37.47244],[-6.0621,37.46875],[-6.06147,37.46347],[-6.06099,37.45935],[-6.06053,37.45551],[-6.05992,37.45034],[-6.05946,37.44648],[-6.05897,37.44231],[-6.05851,37.43849],[-6.05812,37.43515],[-6.05775,37.43199],[-6.05493,37.42952],[-6.05125,37.42631],[-6.04909,37.42554],[-6.04428,37.42558],[-6.04109,37.42561],[-6.04019,37.42564]]}},{"type":"Feature","properties":{"id":"way/170954486","kind":"overhead","voltageClass":"high","voltageKv":400,"name":"Línea de alta tensión Arcos de la Frontera - Cabra y Cabra - La Roda de Andalucía","circuits":2,"cables":"6","source":"osm"},"geometry":{"type":"LineString","coordinates":[[-4.5036,37.4548],[-4.50995,37.45517],[-4.51607,37.45553],[-4.5231,37.45594],[-4.52698,37.45616],[-4.53215,37.45394],[-4.53825,37.45132],[-4.54349,37.44907],[-4.54864,37.44685],[-4.55378,37.44466],[-4.55573,37.4412],[-4.55741,37.43826],[-4.55958,37.43446],[-4.56207,37.43007],[-4.56498,37.425],[-4.56806,37.41958],[-4.57204,37.41793],[-4.5784,37.41526],[-4.58352,37.41311],[-4.58819,37.40788],[-4.59094,37.40477],[-4.59442,37.40086],[-4.59703,37.39792],[-4.60201,37.39231],[-4.61088,37.3891],[-4.61553,37.3874],[-4.62188,37.3851],[-4.62552,37.38378],[-4.62756,37.38128],[-4.63108,37.37698],[-4.63552,37.37156],[-4.63568,37.36578],[-4.63578,37.36169],[-4.63594,37.35527],[-4.63607,37.3501],[-4.63623,37.34438],[-4.6364,37.3374],[-4.63597,37.33447],[-4.63539,37.33063],[-4.63461,37.32536],[-4.63397,37.32105],[-4.63353,37.31817],[-4.63249,37.31119],[-4.63185,37.3069],[-4.63138,37.30376],[-4.63075,37.29957],[-4.62998,37.29444],[-4.62956,37.29159],[-4.62974,37.2894],[-4.63022,37.28372],[-4.63062,37.2791],[-4.63347,37.27501],[-4.63648,37.27065],[-4.63978,37.2659],[-4.64433,37.2638],[-4.64923,37.26524],[-4.65715,37.2676],[-4.66063,37.26746],[-4.6651,37.26579],[-4.67137,37.26345],[-4.67462,37.26223],[-4.68137,37.25971],[-4.68627,37.25787],[-4.69292,37.25834],[-4.69947,37.2588],[-4.70537,37.2592],[-4.71201,37.25967],[-4.71845,37.26012],[-4.72505,37.25998],[-4.73033,37.25987],[-4.73569,37.25914],[-4.74281,37.25797],[-4.74993,37.25678],[-4.75564,37.25585],[-4.76258,37.2547],[-4.77114,37.25329],[-4.77493,37.25269]]}},{"type":"Feature","properties":{"id":"way/170961289","kind":"overhead","voltageClass":"high","voltageKv":400,"name":"Línea de alta tensión Arcos de la Frontera - Cabra y Arcos de la Frontera - La Roda de Andalucía","circuits":2,"cables":"6","source":"osm"},"geometry":{"type":"LineString","coordinates":[[-4.77493,37.25269],[-4.77624,37.25119],[-4.77807,37.24914],[-4.78114,37.24571],[-4.78476,37.24165],[-4.78765,37.23842],[-4.78849,37.23479],[-4.78941,37.23084],[-4.79039,37.22658],[-4.79132,37.22259],[-4.79213,37.21902],[-4.7954,37.21706],[-4.79944,37.21462],[-4.8041,37.21179],[-4.8078,37.20956],[-4.81177,37.20714],[-4.81611,37.20696],[-4.82037,37.20679],[-4.82581,37.20656],[-4.83077,37.20636],[-4.83722,37.20609],[-4.84175,37.20589],[-4.84735,37.20567],[-4.85335,37.20541],[-4.85849,37.2052],[-4.8624,37.20347],[-4.86774,37.2011],[-4.87249,37.19899],[-4.87716,37.19693],[-4.88088,37.19528],[-4.88591,37.19305],[-4.89047,37.19103],[-4.89647,37.18836],[-4.90097,37.18637],[-4.90602,37.18412],[-4.91247,37.18126],[-4.91913,37.1783],[-4.92529,37.17832],[-4.93315,37.17832],[-4.94125,37.17832],[-4.94744,37.17833],[-4.95202,37.17932],[-4.95755,37.18052],[-4.96253,37.18161],[-4.9696,37.18314],[-4.9752,37.18436],[-4.9859,37.18669],[-4.99026,37.18764],[-4.9938,37.18729],[-4.99955,37.18671],[-5.0059,37.18607],[-5.01351,37.18532],[-5.01867,37.18481],[-5.02213,37.18446],[-5.02891,37.18378],[-5.03356,37.18437],[-5.03896,37.18506],[-5.04321,37.1856],[-5.04994,37.18645],[-5.0568,37.18734],[-5.06111,37.18787],[-5.06693,37.18861],[-5.07297,37.18938],[-5.07903,37.19015],[-5.08493,37.1909],[-5.09057,37.19162],[-5.09484,37.19068],[-5.10061,37.18942],[-5.10652,37.18813],[-5.11081,37.18717],[-5.11752,37.18793],[-5.12404,37.18865],[-5.1295,37.18925],[-5.13599,37.18996],[-5.13991,37.1904],[-5.14657,37.19113],[-5.15238,37.19176],[-5.15862,37.19245],[-5.16175,37.19281],[-5.16686,37.19238],[-5.17254,37.1919],[-5.177,37.19152],[-5.1825,37.19105],[-5.18938,37.19047],[-5.19881,37.18968],[-5.20522,37.18913],[-5.2103,37.18871],[-5.21556,37.18826],[-5.22015,37.18787],[-5.22463,37.18809],[-5.23048,37.18838],[-5.23466,37.18858],[-5.24119,37.1889],[-5.24713,37.18918],[-5.25128,37.18939],[-5.25683,37.18966],[-5.26259,37.18994],[-5.26503,37.18928],[-5.27063,37.18776],[-5.27661,37.18616],[-5.28266,37.18454],[-5.28718,37.18331],[-5.29399,37.18148],[-5.29919,37.18007],[-5.30311,37.17901],[-5.30607,37.17822],[-5.31224,37.17703],[-5.31697,37.17613],[-5.32307,37.17495],[-5.32799,37.17401],[-5.33466,37.17272],[-5.34147,37.17141],[-5.34869,37.17002],[-5.35326,37.16914],[-5.35798,37.1663],[-5.36384,37.16275],[-5.36995,37.15906],[-5.37699,37.15483],[-5.38301,37.1512],[-5.38803,37.14816],[-5.39237,37.14555],[-5.39455,37.14303],[-5.39855,37.13845],[-5.40115,37.13546],[-5.40174,37.13197],[-5.40247,37.12775],[-5.40325,37.12316],[-5.40386,37.11946],[-5.40491,37.11346],[-5.40573,37.10872],[-5.4062,37.10594],[-5.40886,37.10277],[-5.41331,37.09748],[-5.41692,37.09317],[-5.42008,37.0894],[-5.4227,37.08628],[-5.42602,37.08232],[-5.42943,37.07825],[-5.43238,37.07474],[-5.43517,37.07322],[-5.43864,37.07131],[-5.44385,37.06843],[-5.44716,37.0666],[-5.45058,37.06472],[-5.45445,37.06259],[-5.4585,37.06036],[-5.46367,37.05975],[-5.46832,37.05924],[-5.47555,37.05842],[-5.4816,37.05773],[-5.48663,37.05715],[-5.49267,37.05646],[-5.49804,37.05585],[-5.50254,37.05534],[-5.50708,37.05481],[-5.51056,37.05525],[-5.51477,37.05578],[-5.52041,37.05649],[-5.52499,37.05707],[-5.5305,37.05776],[-5.53672,37.05854],[-5.54338,37.05939],[-5.54774,37.05993],[-5.55189,37.06044],[-5.55534,37.06087],[-5.55909,37.05929],[-5.56322,37.05754],[-5.56771,37.05564],[-5.57193,37.05384],[-5.57706,37.05167],[-5.58261,37.04931],[-5.58725,37.04734],[-5.59304,37.04488],[-5.59793,37.04281],[-5.60297,37.04067],[-5.6079,37.03858],[-5.61148,37.03706],[-5.61623,37.03505],[-5.61864,37.03173],[-5.62078,37.02879],[-5.62339,37.0252],[-5.62543,37.0224],[-5.62827,37.01849],[-5.63109,37.01461],[-5.63407,37.01052],[-5.63716,37.00627],[-5.64032,37.00192],[-5.64213,36.99941],[-5.64403,36.9968],[-5.64864,36.99044],[-5.65054,36.98784],[-5.65357,36.98647],[-5.65908,36.98398],[-5.66536,36.98114],[-5.67123,36.97849],[-5.67427,36.97712],[-5.68078,36.97418],[-5.68549,36.97399],[-5.68828,36.97387],[-5.69734,36.9735],[-5.70218,36.97331],[-5.70809,36.97307],[-5.71387,36.97282],[-5.72002,36.97257],[-5.7243,36.97239],[-5.72767,36.97226],[-5.73195,36.97208],[-5.7392,36.97178],[-5.7469,36.97239],[-5.75389,36.97294],[-5.76076,36.97349],[-5.76857,36.9741],[-5.77622,36.97471],[-5.78306,36.97525],[-5.78732,36.97558],[-5.79121,36.97429],[-5.79632,36.97257],[-5.80031,36.97124],[-5.80432,36.96989],[-5.80617,36.96634],[-5.80825,36.96236],[-5.81077,36.95752],[-5.81338,36.95251],[-5.81521,36.95007],[-5.81665,36.9489],[-5.81808,36.94772],[-5.81978,36.94288],[-5.82125,36.93869],[-5.82277,36.93436],[-5.82447,36.92951],[-5.82583,36.92564],[-5.82718,36.92175],[-5.82898,36.9166],[-5.83068,36.91178],[-5.83225,36.90727],[-5.83388,36.9026],[-5.83538,36.89832],[-5.83694,36.89388],[-5.83655,36.89021],[-5.83602,36.88521],[-5.83571,36.88237],[-5.8353,36.8784],[-5.83481,36.87389],[-5.83436,36.86971],[-5.83416,36.86779],[-5.83771,36.86299],[-5.84188,36.85742],[-5.84445,36.85396],[-5.84731,36.85011],[-5.85031,36.84608],[-5.85267,36.84291],[-5.85541,36.83922],[-5.85644,36.83433],[-5.85741,36.82972],[-5.8554,36.82653],[-5.85167,36.82061],[-5.84877,36.816],[-5.84581,36.8113],[-5.84537,36.80776],[-5.84482,36.80342],[-5.84423,36.79868],[-5.84383,36.7955],[-5.84503,36.79163],[-5.84643,36.78709],[-5.84767,36.78305],[-5.8493,36.7778],[-5.85068,36.77332],[-5.84936,36.76888],[-5.84764,36.76317],[-5.84708,36.76131],[-5.84552,36.75605],[-5.84489,36.75394],[-5.84322,36.74827],[-5.84295,36.74743],[-5.8415,36.74254],[-5.84012,36.73793],[-5.84089,36.7345],[-5.84219,36.72868],[-5.84198,36.72571],[-5.84164,36.72117],[-5.84129,36.71625],[-5.84104,36.71297],[-5.84422,36.708],[-5.84658,36.70431],[-5.84818,36.7018],[-5.84748,36.69832],[-5.84635,36.69274],[-5.84523,36.68722],[-5.84456,36.68388],[-5.84117,36.68068],[-5.83809,36.67777],[-5.83388,36.67711],[-5.82876,36.67633],[-5.82469,36.67447],[-5.82092,36.67276]]}},{"type":"Feature","properties":{"id":"way/170961290","kind":"overhead","voltageClass":"high","voltageKv":400,"name":"Línea de alta tensión Arcos de la Frontera - La Roda de Andalucía y Cabra - La Roda de Andalucía","circuits":2,"cables":"6","source":"osm"},"geometry":{"type":"LineString","coordinates":[[-4.77493,37.25269],[-4.77652,37.25393]]}},{"type":"Feature","properties":{"id":"way/170961291","kind":"overhead","voltageClass":"high","voltageKv":220,"name":"Línea de alta tensión El Álamo - La Roda de Andalucía","circuits":1,"cables":"3","source":"osm"},"geometry":{"type":"LineString","coordinates":[[-4.93519,37.08592],[-4.93246,37.08735],[-4.9282,37.08958],[-4.92458,37.09148],[-4.92213,37.09277],[-4.92127,37.09613],[-4.91997,37.10113],[-4.91925,37.1039],[-4.91831,37.10755],[-4.92014,37.11062],[-4.92221,37.11405],[-4.92449,37.11786],[-4.92446,37.12064],[-4.92441,37.12471],[-4.92435,37.12931],[-4.92429,37.13377],[-4.92048,37.13553],[-4.91607,37.13757],[-4.91148,37.1397],[-4.90696,37.14179],[-4.90205,37.14407],[-4.89963,37.14702],[-4.89653,37.15084],[-4.89361,37.15443],[-4.89071,37.15798],[-4.88784,37.1615],[-4.88534,37.16459],[-4.88203,37.16865],[-4.87972,37.1715],[-4.87626,37.17576],[-4.87344,37.17924],[-4.87024,37.18314],[-4.8677,37.18627],[-4.86552,37.18896],[-4.86236,37.19082],[-4.85873,37.19291],[-4.85465,37.1953],[-4.85061,37.19765],[-4.84604,37.20033],[-4.84187,37.20275],[-4.83816,37.20492],[-4.83594,37.2062],[-4.83319,37.20781],[-4.82904,37.21025],[-4.82432,37.21297],[-4.81973,37.21564],[-4.8152,37.21829],[-4.8109,37.22079],[-4.80674,37.22322],[-4.80257,37.22564],[-4.79809,37.22825],[-4.79442,37.23038],[-4.79338,37.23207],[-4.79176,37.23461],[-4.78963,37.23796],[-4.7873,37.24163],[-4.78486,37.24549],[-4.78242,37.24935],[-4.77986,37.25337],[-4.77919,37.25669],[-4.77873,37.25613]]}},{"type":"Feature","properties":{"id":"way/170968147","kind":"overhead","voltageClass":"high","voltageKv":400,"name":"Línea de alta tensión Cabra - Cártama","circuits":1,"cables":"3","source":"osm"},"geometry":{"type":"LineString","coordinates":[[-4.73318,36.89846],[-4.72596,36.90219],[-4.72315,36.90364],[-4.71745,36.9066],[-4.71392,36.90842],[-4.70696,36.91203],[-4.70283,36.91415],[-4.69506,36.91819],[-4.68937,36.92112],[-4.68488,36.92346],[-4.67988,36.92604],[-4.67834,36.93036],[-4.67706,36.93394],[-4.67613,36.93755],[-4.67515,36.94135],[-4.67436,36.94446],[-4.67299,36.94978],[-4.67208,36.9533],[-4.67105,36.9573],[-4.67019,36.96068],[-4.66934,36.96395],[-4.66852,36.96716],[-4.66788,36.96968],[-4.66636,36.97552],[-4.6657,36.97808],[-4.66469,36.98204],[-4.6639,36.98508],[-4.66318,36.98787],[-4.66202,36.99238],[-4.66076,36.99732],[-4.65984,37.00088],[-4.65898,37.00426],[-4.65807,37.00777],[-4.65702,37.01188],[-4.65559,37.01746],[-4.65458,37.02141],[-4.65331,37.02632],[-4.65225,37.03045],[-4.65254,37.03323],[-4.653,37.03716],[-4.65342,37.04093],[-4.65204,37.04392],[-4.65022,37.04785],[-4.64804,37.05258],[-4.64654,37.05578],[-4.64473,37.05968],[-4.64372,37.06363],[-4.64266,37.06773],[-4.64154,37.07207],[-4.64052,37.07604],[-4.63942,37.08034],[-4.63843,37.08413],[-4.63743,37.08803],[-4.63643,37.09188],[-4.63542,37.09581],[-4.63461,37.09897],[-4.63361,37.10285],[-4.63276,37.10613],[-4.6317,37.11029],[-4.63057,37.11462],[-4.62949,37.11879],[-4.62835,37.12328],[-4.62719,37.12779],[-4.62595,37.13254],[-4.62483,37.13686],[-4.62381,37.14083],[-4.62273,37.14502],[-4.62164,37.14921],[-4.62041,37.1539],[-4.61936,37.158],[-4.61821,37.16247],[-4.61713,37.16674],[-4.61598,37.1711],[-4.6148,37.17568],[-4.61364,37.18021],[-4.61254,37.18444],[-4.61143,37.18875],[-4.61045,37.19253],[-4.60924,37.1972],[-4.6083,37.20087],[-4.60712,37.20535],[-4.60609,37.20935],[-4.6052,37.21283],[-4.60389,37.2178],[-4.60293,37.22156],[-4.60198,37.22523],[-4.60121,37.22819],[-4.59949,37.23484],[-4.59877,37.23762],[-4.59758,37.24219],[-4.59656,37.24618],[-4.5955,37.25024],[-4.59451,37.25401],[-4.59356,37.25768],[-4.59233,37.26245],[-4.59152,37.26556],[-4.59043,37.26938],[-4.58918,37.27386],[-4.58811,37.27759],[-4.58748,37.28056],[-4.58677,37.28391],[-4.5853,37.28959],[-4.58455,37.29248],[-4.58372,37.29565],[-4.58286,37.29898],[-4.58186,37.30287],[-4.58079,37.30699],[-4.57988,37.31045],[-4.57882,37.31443],[-4.57782,37.31826],[-4.57677,37.32221],[-4.57547,37.32725],[-4.57431,37.33173],[-4.57328,37.33562],[-4.57152,37.33885],[-4.56872,37.344],[-4.56742,37.3463],[-4.56431,37.35196],[-4.56135,37.35736],[-4.5597,37.36037],[-4.55798,37.36348],[-4.55517,37.36861],[-4.55292,37.37269],[-4.54996,37.37805],[-4.54796,37.3817],[-4.54651,37.38436],[-4.54401,37.38889],[-4.54267,37.39133],[-4.54058,37.3951],[-4.53938,37.39728],[-4.53664,37.40226],[-4.53526,37.40481],[-4.53366,37.40771],[-4.53234,37.41013],[-4.53062,37.41326],[-4.52874,37.41666],[-4.52697,37.41987],[-4.52467,37.42405],[-4.52291,37.42726],[-4.52094,37.43084],[-4.5189,37.43455],[-4.51733,37.43739],[-4.51476,37.44187],[-4.51276,37.44543],[-4.50851,37.45284],[-4.50417,37.45411],[-4.50022,37.45525]]}},{"type":"Feature","properties":{"id":"way/178128861","kind":"overhead","voltageClass":"low","voltageKv":66,"name":"Línea de alta tensión Bobadilla - Humilladero","circuits":2,"cables":"6","source":"osm"},"geometry":{"type":"LineString","coordinates":[[-4.72546,37.03044],[-4.72431,37.03295],[-4.72309,37.0357],[-4.72194,37.03816],[-4.72087,37.04051],[-4.71999,37.0424],[-4.71881,37.04501],[-4.71841,37.04776],[-4.71802,37.05054],[-4.71767,37.05315],[-4.71771,37.05423],[-4.71845,37.0574],[-4.71841,37.05998],[-4.71651,37.06134],[-4.71613,37.06411],[-4.71575,37.06685],[-4.71534,37.06973],[-4.71498,37.07249],[-4.71455,37.07533],[-4.71429,37.07725],[-4.71391,37.07992],[-4.71357,37.08232],[-4.71318,37.08509],[-4.71287,37.0873],[-4.71253,37.08965],[-4.71226,37.0917],[-4.71188,37.09442],[-4.71145,37.09749],[-4.71103,37.1002],[-4.71031,37.1044],[-4.70995,37.11209],[-4.70912,37.11419]]}},{"type":"Feature","properties":{"id":"way/178153878","kind":"overhead","voltageClass":"high","voltageKv":220,"name":null,"circuits":1,"cables":"6","source":"osm"},"geometry":{"type":"LineString","coordinates":[[-4.95549,37.01001],[-4.95493,37.00827],[-4.95352,37.00414],[-4.95236,37.00078],[-4.94949,36.99806],[-4.94567,36.99446],[-4.94311,36.99119],[-4.93994,36.98835],[-4.93887,36.98384],[-4.93812,36.98072],[-4.93732,36.97738],[-4.9366,36.9743],[-4.93244,36.97193],[-4.92807,36.9694],[-4.92464,36.96631],[-4.92038,36.96244],[-4.91751,36.95984],[-4.91255,36.95742],[-4.90851,36.95545],[-4.90499,36.95374],[-4.90177,36.95214],[-4.89748,36.95009],[-4.89439,36.94858],[-4.89052,36.94669],[-4.88672,36.94485],[-4.88439,36.94179],[-4.88167,36.93786],[-4.88054,36.93628],[-4.87896,36.93393],[-4.87728,36.92949],[-4.87631,36.92695],[-4.87488,36.92505]]}},{"type":"Feature","properties":{"id":"way/181664115","kind":"overhead","voltageClass":"high","voltageKv":400,"name":null,"circuits":2,"cables":"6","source":"osm"},"geometry":{"type":"LineString","coordinates":[[-5.76225,37.55678],[-5.76359,37.55942],[-5.76749,37.56173],[-5.77104,37.56383],[-5.77377,37.56545],[-5.77697,37.56735],[-5.78031,37.56933],[-5.78392,37.57147],[-5.78736,37.57351],[-5.79028,37.57524],[-5.79345,37.57712],[-5.79748,37.57844],[-5.80163,37.57979],[-5.80449,37.58071],[-5.80719,37.5816],[-5.81143,37.58297],[-5.81622,37.58453],[-5.82129,37.58618],[-5.82672,37.58794],[-5.83136,37.58944],[-5.83661,37.59115],[-5.84204,37.59291],[-5.84717,37.59458],[-5.8524,37.59628],[-5.85666,37.59768],[-5.86114,37.59912],[-5.86652,37.60087],[-5.87227,37.6027],[-5.87666,37.60336],[-5.88186,37.60416],[-5.88616,37.60481],[-5.89036,37.60548],[-5.89489,37.60615],[-5.89988,37.60691],[-5.90367,37.6075],[-5.90685,37.60801],[-5.91089,37.60861],[-5.91514,37.60927],[-5.91979,37.60998],[-5.92416,37.61066],[-5.92906,37.61141],[-5.93313,37.61203],[-5.93846,37.61283],[-5.94127,37.61326],[-5.94528,37.61387],[-5.94994,37.61459],[-5.9567,37.61562],[-5.96151,37.61636],[-5.96472,37.61683],[-5.97003,37.61763],[-5.97307,37.6181],[-5.97874,37.61889],[-5.9812,37.61925],[-5.98609,37.61993],[-5.98967,37.62043],[-5.99297,37.62088],[-5.99874,37.62169],[-6.00567,37.62267],[-6.01143,37.62346],[-6.01647,37.62416],[-6.0225,37.62499],[-6.02719,37.62566],[-6.0318,37.6263],[-6.03696,37.62702],[-6.04027,37.6275],[-6.0453,37.6282],[-6.0486,37.62867],[-6.0583,37.63],[-6.06144,37.63044],[-6.06621,37.6311],[-6.0727,37.63199],[-6.0768,37.63256],[-6.08063,37.6331],[-6.08588,37.63384],[-6.09048,37.63454]]}},{"type":"Feature","properties":{"id":"way/181664116","kind":"overhead","voltageClass":"high","voltageKv":400,"name":null,"circuits":null,"cables":"6","source":"osm"},"geometry":{"type":"LineString","coordinates":[[-5.75998,37.55742],[-5.76055,37.55733],[-5.76225,37.55678]]}},{"type":"Feature","properties":{"id":"way/181664118","kind":"overhead","voltageClass":"high","voltageKv":220,"name":null,"circuits":null,"cables":"3","source":"osm"},"geometry":{"type":"LineString","coordinates":[[-5.7583,37.55658],[-5.75809,37.55558],[-5.75444,37.55618],[-5.74985,37.55701],[-5.74531,37.55746],[-5.74034,37.55795],[-5.73551,37.55842],[-5.73056,37.55891],[-5.72561,37.55939],[-5.71997,37.55995],[-5.71581,37.56036],[-5.71187,37.56074],[-5.70845,37.56108],[-5.70327,37.56159],[-5.69825,37.56209],[-5.69327,37.56259],[-5.68857,37.56305],[-5.68383,37.56353],[-5.67929,37.56398],[-5.67423,37.56449],[-5.67,37.56491],[-5.66723,37.56518],[-5.66169,37.56574],[-5.65813,37.56609],[-5.65457,37.56645],[-5.65024,37.56688],[-5.64687,37.56721],[-5.64388,37.56751],[-5.63744,37.56816],[-5.63431,37.56894],[-5.63084,37.56981],[-5.62613,37.57099],[-5.62176,37.57209],[-5.61735,37.5732],[-5.61281,37.57433],[-5.60788,37.57557],[-5.60194,37.57706],[-5.59759,37.57815],[-5.59157,37.58027],[-5.58739,37.58177],[-5.58274,37.58343],[-5.57868,37.58488],[-5.57386,37.58661],[-5.56866,37.58847],[-5.56566,37.58954],[-5.562,37.59085],[-5.5567,37.59275],[-5.55253,37.59424],[-5.54668,37.59435],[-5.54206,37.59798],[-5.53935,37.59894],[-5.53574,37.60023],[-5.53096,37.60194],[-5.52739,37.60321],[-5.52388,37.60447],[-5.51914,37.60616],[-5.51419,37.60793],[-5.51057,37.60922],[-5.50619,37.61079],[-5.50242,37.61214],[-5.49757,37.61387],[-5.49334,37.61538],[-5.48972,37.61509],[-5.4861,37.6148],[-5.47993,37.61431],[-5.47492,37.61391],[-5.47023,37.61503],[-5.46676,37.61586],[-5.46167,37.61708],[-5.45624,37.61838],[-5.45048,37.61975],[-5.44413,37.6204],[-5.43806,37.62103],[-5.43278,37.62157],[-5.42773,37.62208],[-5.42173,37.62269],[-5.41771,37.62357],[-5.41393,37.62439],[-5.4107,37.62509],[-5.40514,37.6263],[-5.4011,37.62718],[-5.39428,37.62867],[-5.39074,37.62944],[-5.38596,37.63048],[-5.38175,37.63139],[-5.37734,37.63235],[-5.37264,37.63337],[-5.36761,37.63445],[-5.36275,37.63549],[-5.35788,37.63654],[-5.35381,37.63741],[-5.347,37.63887],[-5.34405,37.6395],[-5.34326,37.63967],[-5.33929,37.64052],[-5.33409,37.64164],[-5.32848,37.64284],[-5.3262,37.64333],[-5.32333,37.64395],[-5.31849,37.64505],[-5.31402,37.64607],[-5.30973,37.64705],[-5.30525,37.64807],[-5.30123,37.64899],[-5.29732,37.64988],[-5.292,37.6511],[-5.28638,37.65237],[-5.28176,37.65343],[-5.27711,37.65448],[-5.2725,37.65553],[-5.26768,37.65663],[-5.26281,37.65774],[-5.25785,37.65886],[-5.25448,37.65963],[-5.24776,37.66116],[-5.24286,37.66227],[-5.23881,37.6632],[-5.23571,37.6639],[-5.2318,37.66479],[-5.22698,37.66676]]}},{"type":"Feature","properties":{"id":"way/182089444","kind":"overhead","voltageClass":"high","voltageKv":220,"name":"Línea de alta tensión Almodóvar del Río - Casillas","circuits":1,"cables":"3","source":"osm"},"geometry":{"type":"LineString","coordinates":[[-5.0277,37.75889],[-5.02568,37.75994],[-5.02057,37.76259],[-5.01642,37.76475],[-5.0124,37.76683],[-5.00867,37.76877],[-5.00519,37.77058],[-5.00056,37.77223],[-4.99616,37.77379],[-4.99272,37.77501],[-4.98891,37.77637],[-4.98342,37.77831],[-4.97911,37.77985],[-4.97338,37.78188],[-4.96941,37.78329],[-4.96536,37.78472],[-4.95938,37.78684],[-4.95633,37.78793],[-4.9518,37.78954],[-4.94744,37.79108],[-4.94166,37.79313],[-4.93767,37.79455],[-4.93233,37.79644],[-4.92796,37.79799],[-4.92361,37.79953],[-4.92039,37.80068],[-4.9151,37.80255],[-4.91021,37.80429],[-4.90587,37.80583],[-4.90068,37.80767],[-4.89691,37.80901],[-4.89335,37.80965],[-4.88932,37.81039],[-4.88421,37.81132],[-4.87908,37.81225],[-4.87452,37.81308],[-4.87029,37.81385],[-4.86661,37.81452],[-4.86208,37.81535],[-4.85741,37.8162],[-4.85235,37.81712],[-4.84769,37.81797],[-4.84157,37.81908],[-4.83659,37.81999],[-4.83183,37.82086],[-4.82768,37.82161],[-4.82166,37.82271],[-4.8166,37.82363],[-4.81159,37.82454],[-4.807,37.82538],[-4.80343,37.82604]]}},{"type":"Feature","properties":{"id":"way/182089892","kind":"overhead","voltageClass":"high","voltageKv":220,"name":null,"circuits":null,"cables":"3","source":"osm"},"geometry":{"type":"LineString","coordinates":[[-4.71267,37.91788],[-4.71173,37.9188],[-4.71032,37.91779]]}},{"type":"Feature","properties":{"id":"way/182253922","kind":"overhead","voltageClass":"high","voltageKv":220,"name":"Línea de alta tensión Almodóvar del Río - Villanueva del Rey y Carmona - Villanueva del Rey","circuits":2,"cables":"6","source":"osm"},"geometry":{"type":"LineString","coordinates":[[-5.22698,37.66676],[-5.22745,37.66362],[-5.22803,37.65951],[-5.22552,37.65578],[-5.2232,37.65234],[-5.22039,37.64818],[-5.2183,37.64508],[-5.21598,37.64163],[-5.21422,37.63904],[-5.21237,37.63503],[-5.21087,37.6318],[-5.20884,37.6274],[-5.20665,37.62267],[-5.20494,37.61896],[-5.20322,37.61524],[-5.20134,37.6112],[-5.19903,37.60619],[-5.19692,37.60163],[-5.19495,37.59736],[-5.19362,37.59448],[-5.19232,37.59168],[-5.19079,37.58839],[-5.18899,37.58448],[-5.18723,37.58067],[-5.18532,37.57655],[-5.1837,37.57303],[-5.1815,37.56972],[-5.17913,37.56615],[-5.1769,37.56281],[-5.17471,37.55952],[-5.17093,37.55682],[-5.16761,37.55446],[-5.16416,37.552],[-5.16419,37.54813],[-5.16421,37.54395],[-5.16425,37.53967],[-5.16427,37.53574],[-5.1643,37.53197],[-5.16431,37.52856]]}},{"type":"Feature","properties":{"id":"way/182253923","kind":"overhead","voltageClass":"high","voltageKv":220,"name":null,"circuits":null,"cables":"3","source":"osm"},"geometry":{"type":"LineString","coordinates":[[-5.1587,37.57171],[-5.16109,37.57257],[-5.16365,37.5735],[-5.16653,37.57454],[-5.16914,37.57549],[-5.16953,37.57685],[-5.1676,37.57898],[-5.16578,37.58019],[-5.16558,37.58187],[-5.16447,37.58368],[-5.16333,37.58551],[-5.16216,37.58738],[-5.1613,37.58948],[-5.16041,37.59164],[-5.15952,37.5938],[-5.16112,37.59619],[-5.16297,37.59896],[-5.16492,37.60186],[-5.16653,37.60426],[-5.16826,37.60684],[-5.16988,37.60926],[-5.17261,37.61185],[-5.17595,37.61502],[-5.17875,37.61768],[-5.18203,37.62031],[-5.18651,37.62109],[-5.19074,37.62183],[-5.19511,37.6226],[-5.19932,37.62334],[-5.20262,37.62386],[-5.20717,37.62589],[-5.20867,37.62656],[-5.21188,37.62806],[-5.21514,37.62958],[-5.21847,37.63113],[-5.22159,37.63259],[-5.22555,37.63443],[-5.22909,37.63608],[-5.23303,37.63792],[-5.23672,37.63964],[-5.24054,37.64141],[-5.24412,37.64308],[-5.24704,37.64321],[-5.24739,37.64349]]}},{"type":"Feature","properties":{"id":"way/182253924","kind":"overhead","voltageClass":"high","voltageKv":220,"name":null,"circuits":null,"cables":"3","source":"osm"},"geometry":{"type":"LineString","coordinates":[[-5.1587,37.57171],[-5.15795,37.5736]]}},{"type":"Feature","properties":{"id":"way/182253925","kind":"overhead","voltageClass":"high","voltageKv":220,"name":null,"circuits":1,"cables":"3","source":"osm"},"geometry":{"type":"LineString","coordinates":[[-5.16406,37.5283],[-5.16408,37.52889],[-5.1639,37.52929]]}},{"type":"Feature","properties":{"id":"way/182253928","kind":"overhead","voltageClass":"high","voltageKv":220,"name":null,"circuits":1,"cables":"6","source":"osm"},"geometry":{"type":"LineString","coordinates":[[-5.1636,37.52999],[-5.16362,37.53125],[-5.16312,37.53437],[-5.16257,37.53777],[-5.16202,37.54116],[-5.16147,37.54453],[-5.16093,37.54789],[-5.16037,37.55137],[-5.15981,37.55479],[-5.15926,37.5582],[-5.15874,37.56144],[-5.15824,37.5645],[-5.15778,37.56732],[-5.15736,37.56994],[-5.1587,37.57171]]}},{"type":"Feature","properties":{"id":"way/182260864","kind":"overhead","voltageClass":"high","voltageKv":220,"name":"Línea de alta tensión Alcores - Gazules y Cartuja - Don Rodrigo","circuits":2,"cables":"6","source":"osm"},"geometry":{"type":"LineString","coordinates":[[-5.86042,37.25043],[-5.86117,37.24795],[-5.86225,37.24439],[-5.86128,37.24063],[-5.86026,37.23659],[-5.85916,37.2323],[-5.85818,37.2285],[-5.85716,37.22451],[-5.85622,37.22082],[-5.85525,37.217],[-5.85437,37.21357],[-5.8535,37.21017],[-5.85242,37.20595],[-5.8514,37.20199],[-5.85032,37.19781],[-5.8493,37.1939],[-5.84826,37.18983],[-5.84721,37.18574],[-5.84618,37.18179],[-5.84518,37.17788],[-5.8441,37.17374],[-5.84307,37.16975],[-5.84199,37.16554],[-5.84096,37.16155],[-5.83984,37.15719],[-5.83886,37.15342],[-5.83781,37.14941],[-5.83679,37.14557],[-5.83574,37.14159],[-5.83464,37.13742],[-5.83355,37.13332],[-5.8326,37.12973],[-5.83152,37.1256],[-5.83048,37.12167],[-5.82945,37.11776],[-5.82857,37.11444],[-5.82844,37.11119],[-5.82831,37.1081],[-5.82814,37.10407],[-5.82798,37.10022],[-5.82782,37.09623],[-5.82766,37.09244],[-5.82749,37.0885],[-5.82733,37.08443],[-5.82714,37.08023],[-5.82698,37.07626],[-5.82682,37.07234],[-5.82663,37.06794],[-5.82645,37.06376],[-5.82629,37.05969],[-5.82615,37.05627],[-5.82599,37.05257],[-5.82581,37.04811],[-5.82567,37.04492],[-5.8255,37.04103],[-5.82538,37.03814],[-5.8252,37.03374],[-5.82506,37.0303],[-5.82483,37.02496],[-5.82471,37.02201],[-5.82457,37.01872],[-5.82446,37.0161],[-5.82428,37.01175],[-5.82412,37.00794],[-5.82393,37.0032],[-5.82376,36.99955],[-5.82364,36.99659],[-5.82346,36.99216],[-5.82329,36.98813],[-5.82315,36.98473],[-5.82473,36.98137],[-5.8265,36.97763],[-5.82787,36.97474],[-5.83021,36.96978],[-5.83176,36.96649],[-5.83338,36.96307],[-5.83515,36.95932],[-5.83683,36.95577],[-5.8386,36.95201],[-5.8399,36.94927],[-5.84221,36.94438],[-5.84405,36.9405],[-5.84493,36.93675],[-5.84573,36.93332],[-5.84644,36.9303],[-5.84728,36.92676],[-5.84807,36.92341],[-5.85013,36.92046],[-5.85354,36.9156],[-5.8553,36.9131],[-5.85798,36.90928],[-5.86031,36.90595],[-5.86185,36.90268],[-5.86401,36.89808],[-5.86555,36.89482],[-5.86687,36.89202],[-5.86862,36.8883],[-5.87023,36.88487],[-5.8719,36.88131],[-5.8741,36.87663],[-5.87578,36.87307],[-5.87765,36.86911],[-5.87923,36.86576],[-5.88163,36.86065],[-5.88354,36.85659],[-5.88477,36.85396],[-5.88757,36.84803],[-5.88869,36.84565],[-5.89064,36.8415],[-5.89198,36.83836],[-5.89379,36.83412],[-5.89543,36.83026],[-5.89736,36.82572],[-5.89927,36.82123],[-5.90119,36.81669],[-5.90251,36.81359],[-5.90397,36.81018],[-5.90568,36.80615],[-5.90724,36.80246],[-5.90903,36.79826],[-5.91034,36.79516],[-5.91211,36.79099],[-5.91357,36.78757],[-5.91517,36.78379],[-5.91684,36.77986],[-5.91875,36.7754],[-5.92028,36.77176],[-5.92188,36.76801],[-5.92336,36.76451],[-5.92507,36.76047],[-5.92657,36.75694],[-5.92828,36.7529],[-5.92986,36.74918],[-5.9316,36.74509],[-5.93295,36.74192],[-5.93433,36.73863],[-5.93526,36.73646],[-5.93719,36.73188],[-5.9387,36.7283],[-5.93991,36.72547],[-5.94146,36.72184],[-5.94275,36.71879],[-5.94527,36.71284],[-5.94714,36.70841],[-5.94878,36.70455],[-5.95051,36.70047],[-5.95227,36.69632],[-5.95392,36.69239],[-5.9556,36.68843],[-5.95701,36.68509],[-5.95844,36.68171],[-5.95988,36.67832],[-5.96129,36.67498],[-5.96272,36.67158],[-5.96433,36.66775],[-5.96578,36.66435],[-5.96727,36.6608],[-5.96884,36.65713],[-5.96773,36.65348],[-5.96464,36.65073],[-5.96137,36.6478],[-5.95816,36.64492],[-5.95619,36.64317],[-5.95299,36.6403],[-5.95171,36.63899]]}},{"type":"Feature","properties":{"id":"way/182261554","kind":"overhead","voltageClass":"high","voltageKv":220,"name":"Línea de alta tensión Puerto de Santa María - TMS Lebrija","circuits":1,"cables":"3","source":"osm"},"geometry":{"type":"LineString","coordinates":[[-6.3003,36.67057],[-6.30003,36.67069],[-6.29989,36.67112],[-6.30016,36.67211],[-6.30066,36.67402],[-6.30128,36.67631],[-6.3019,36.67865],[-6.30261,36.68129],[-6.3033,36.68393],[-6.3045,36.68705],[-6.30575,36.69036],[-6.30752,36.69232],[-6.30942,36.69442],[-6.31145,36.69665],[-6.31347,36.69888],[-6.31496,36.70053],[-6.31683,36.7026],[-6.31855,36.70449],[-6.32026,36.70639],[-6.3199,36.7095],[-6.31954,36.71259],[-6.31927,36.715],[-6.31899,36.71741],[-6.31861,36.72064],[-6.31818,36.7243],[-6.31706,36.72641],[-6.31573,36.72889],[-6.31429,36.73155],[-6.31262,36.73467],[-6.31126,36.73719],[-6.31003,36.73949],[-6.30843,36.74247],[-6.30731,36.74538],[-6.30637,36.74783],[-6.30543,36.75027],[-6.3045,36.75271],[-6.30347,36.7554],[-6.30243,36.7581],[-6.30115,36.76141],[-6.30032,36.76357],[-6.29827,36.76621],[-6.2962,36.76888],[-6.29411,36.77156],[-6.29204,36.77422],[-6.28993,36.77694],[-6.28785,36.77962],[-6.2858,36.78226],[-6.28411,36.78443],[-6.28185,36.78732],[-6.2802,36.78945],[-6.27822,36.79198],[-6.27506,36.7932],[-6.27185,36.79356],[-6.26865,36.79391],[-6.26526,36.79429],[-6.26186,36.79467],[-6.25764,36.79558],[-6.25553,36.79692],[-6.25269,36.79874],[-6.25003,36.80043],[-6.24682,36.80249],[-6.24489,36.80439],[-6.2424,36.8068],[-6.23993,36.80919],[-6.23742,36.81162],[-6.2353,36.81367],[-6.23255,36.81634],[-6.23007,36.81873],[-6.22572,36.82046],[-6.22281,36.82195],[-6.2188,36.82399],[-6.2155,36.82567],[-6.2124,36.82671],[-6.20985,36.82756],[-6.20884,36.82969],[-6.20782,36.83183],[-6.20589,36.83297],[-6.20281,36.83478],[-6.19942,36.83622],[-6.19603,36.83766],[-6.19264,36.83909],[-6.18925,36.84053],[-6.18682,36.84156],[-6.18439,36.84258],[-6.18134,36.84387],[-6.17829,36.84517],[-6.17524,36.84646],[-6.17218,36.84775],[-6.16879,36.84919],[-6.16542,36.85062],[-6.16314,36.85322],[-6.16142,36.85517],[-6.16016,36.85661],[-6.15897,36.85798],[-6.15778,36.85933],[-6.15624,36.86109],[-6.15504,36.86247],[-6.15356,36.86416],[-6.15251,36.86535],[-6.15133,36.8667],[-6.14999,36.86878],[-6.1487,36.87078],[-6.14746,36.8727],[-6.14605,36.87486],[-6.14461,36.8771],[-6.14501,36.88035],[-6.14541,36.88374],[-6.14794,36.88517],[-6.15134,36.8871],[-6.15373,36.89054],[-6.15289,36.89331],[-6.14978,36.89522],[-6.1467,36.8971],[-6.14361,36.899],[-6.14051,36.9009],[-6.13744,36.90278],[-6.13351,36.9052],[-6.12882,36.90547],[-6.12555,36.90463],[-6.12211,36.90375],[-6.11974,36.90523],[-6.117,36.90692],[-6.11571,36.91027],[-6.11444,36.91358],[-6.11288,36.91684],[-6.11016,36.91935],[-6.10748,36.92181],[-6.10612,36.92379],[-6.10408,36.92569],[-6.10214,36.92749],[-6.10081,36.93051],[-6.09957,36.93334],[-6.09382,36.93477],[-6.09067,36.93733],[-6.08731,36.93752],[-6.08414,36.93951],[-6.08099,36.94152],[-6.07798,36.94342],[-6.07526,36.94514],[-6.07214,36.94712],[-6.06906,36.94908],[-6.06615,36.95092],[-6.06254,36.95321],[-6.05963,36.95506],[-6.05682,36.95684],[-6.05429,36.95844],[-6.05173,36.96007],[-6.04925,36.96155],[-6.04882,36.96465],[-6.04834,36.96799],[-6.0478,36.9717],[-6.04729,36.97526],[-6.04704,36.97706],[-6.04668,36.97956],[-6.04626,36.98249],[-6.04583,36.98548],[-6.04538,36.98867],[-6.04482,36.99246],[-6.04487,36.99488],[-6.04492,36.99711],[-6.04499,37.00054],[-6.04513,37.00212],[-6.04478,37.00263]]}},{"type":"Feature","properties":{"id":"way/184187991","kind":"overhead","voltageClass":"low","voltageKv":66,"name":"Línea de alta tensión Los Palacios - Marismas","circuits":1,"cables":"3","source":"osm"},"geometry":{"type":"LineString","coordinates":[[-5.883,37.12494],[-5.88471,37.12416],[-5.88647,37.12337],[-5.88823,37.12256],[-5.89,37.12177],[-5.89128,37.12118],[-5.89323,37.12031],[-5.89502,37.11949],[-5.89672,37.11872],[-5.89854,37.1179],[-5.90028,37.11711],[-5.90199,37.11633],[-5.90376,37.11553],[-5.90553,37.11472],[-5.9073,37.11392],[-5.90906,37.11312],[-5.91082,37.11233],[-5.91258,37.11153],[-5.91434,37.11073],[-5.91613,37.10992],[-5.91791,37.10912],[-5.91968,37.10832],[-5.92144,37.10751],[-5.92321,37.10671],[-5.92499,37.1059],[-5.92677,37.1051],[-5.92853,37.10429],[-5.93031,37.10349],[-5.93207,37.10269],[-5.93386,37.10187],[-5.9357,37.10103],[-5.93747,37.10022],[-5.93926,37.09941],[-5.94102,37.09861],[-5.94277,37.09781],[-5.94455,37.09701],[-5.9463,37.09621],[-5.94806,37.0954],[-5.94985,37.09459],[-5.95161,37.09379],[-5.95338,37.09299],[-5.95494,37.09228],[-5.9567,37.09147],[-5.95831,37.09074],[-5.96027,37.09027],[-5.96219,37.0898],[-5.96414,37.08933],[-5.96609,37.08886],[-5.96804,37.08839],[-5.97,37.08791],[-5.97191,37.08745],[-5.97384,37.08699],[-5.97579,37.08651],[-5.97774,37.08604],[-5.97968,37.08556],[-5.98161,37.0851],[-5.98356,37.08462],[-5.98552,37.08415],[-5.98746,37.08368],[-5.9894,37.08321],[-5.99133,37.08273],[-5.99325,37.08227],[-5.99518,37.08181],[-5.99713,37.08133],[-5.99905,37.08086],[-6.00098,37.0804],[-6.00295,37.07992],[-6.00488,37.07945],[-6.00682,37.07898],[-6.00876,37.07851],[-6.0107,37.07803],[-6.01261,37.07757],[-6.01454,37.0771],[-6.01648,37.07662],[-6.01844,37.07615],[-6.02039,37.07568],[-6.02234,37.0752],[-6.02432,37.07472],[-6.02625,37.07425],[-6.02795,37.07384],[-6.02988,37.07337],[-6.03182,37.0729],[-6.03375,37.07243],[-6.03497,37.07224],[-6.03565,37.07211]]}},{"type":"Feature","properties":{"id":"way/184187995","kind":"overhead","voltageClass":"low","voltageKv":66,"name":"Línea de alta tensión Fontanal - Palacios","circuits":1,"cables":"3","source":"osm"},"geometry":{"type":"LineString","coordinates":[[-5.88309,37.11734],[-5.88313,37.11727],[-5.88363,37.11675],[-5.88516,37.11551],[-5.88589,37.11491],[-5.88825,37.11297],[-5.89084,37.11081],[-5.89216,37.10974],[-5.89347,37.10866],[-5.89611,37.10647],[-5.89871,37.10432],[-5.90034,37.10298],[-5.90059,37.10278],[-5.90216,37.10147],[-5.90398,37.09997],[-5.90659,37.09782],[-5.90943,37.09547],[-5.91198,37.09337],[-5.91454,37.09126],[-5.91725,37.08903],[-5.9197,37.08702],[-5.92248,37.08474],[-5.92438,37.08318],[-5.92589,37.08193],[-5.92764,37.08048],[-5.9301,37.07843],[-5.93271,37.07628],[-5.93516,37.07426],[-5.93712,37.07265],[-5.93965,37.07054],[-5.94095,37.06853],[-5.94237,37.06636],[-5.94379,37.0642],[-5.94521,37.06203],[-5.94662,37.05987],[-5.94804,37.05769],[-5.94947,37.05552],[-5.95089,37.05335],[-5.9523,37.05118],[-5.95369,37.04905],[-5.95513,37.04686],[-5.95657,37.04468],[-5.95802,37.04248],[-5.95947,37.04029],[-5.96091,37.03809],[-5.96236,37.0359],[-5.96381,37.0337],[-5.96525,37.03152],[-5.9667,37.02932],[-5.96816,37.02711],[-5.96946,37.02514],[-5.97007,37.02421],[-5.97092,37.02293],[-5.97267,37.02029],[-5.97446,37.01755],[-5.97615,37.01499],[-5.97939,37.01322],[-5.98159,37.01202],[-5.98388,37.01078],[-5.98739,37.00887],[-5.99044,37.00721],[-5.99381,37.00538],[-5.9963,37.00403],[-5.99766,37.00328],[-5.99871,37.00271],[-6.00162,37.00112],[-6.00454,36.99953],[-6.00747,36.99794],[-6.01159,36.99568],[-6.01379,36.9945],[-6.01674,36.9929],[-6.01943,36.99142],[-6.02213,36.98995],[-6.02491,36.98844],[-6.0276,36.98697],[-6.03027,36.98551],[-6.03298,36.98404],[-6.03569,36.98256],[-6.03841,36.98108],[-6.04145,36.97943],[-6.04453,36.97776],[-6.0476,36.97609],[-6.05065,36.97443],[-6.05372,36.97276],[-6.05675,36.97111],[-6.05942,36.96964],[-6.06287,36.96776],[-6.06591,36.9661],[-6.06792,36.96501]]}},{"type":"Feature","properties":{"id":"way/193847526","kind":"overhead","voltageClass":"low","voltageKv":66,"name":"Línea de alta tensión Monclova - Villanueva del Rey","circuits":2,"cables":"6","source":"osm"},"geometry":{"type":"LineString","coordinates":[[-5.1647,37.52623],[-5.16567,37.52615],[-5.16884,37.52749],[-5.17289,37.52919],[-5.17677,37.53082],[-5.18049,37.53236],[-5.18347,37.53439],[-5.18645,37.53639],[-5.18977,37.53863],[-5.19302,37.54081],[-5.19622,37.54296],[-5.19989,37.54545],[-5.20291,37.54748],[-5.20611,37.54953],[-5.2094,37.55161],[-5.21245,37.55355],[-5.21601,37.5558],[-5.21822,37.55721],[-5.222,37.55764],[-5.22645,37.55813],[-5.23099,37.55864],[-5.2352,37.55911],[-5.23954,37.55959],[-5.2437,37.56005],[-5.2478,37.56051],[-5.25192,37.56097],[-5.2568,37.56152],[-5.26042,37.56191],[-5.26573,37.5625],[-5.27023,37.56224],[-5.27441,37.562],[-5.27875,37.56175],[-5.28317,37.5615],[-5.28656,37.5613],[-5.29071,37.56106],[-5.29561,37.56078],[-5.29944,37.56056],[-5.30363,37.56031],[-5.30774,37.56008],[-5.31259,37.5598],[-5.31643,37.55956],[-5.31963,37.55845],[-5.32357,37.55708],[-5.32691,37.55592],[-5.32982,37.55489]]}},{"type":"Feature","properties":{"id":"way/194651146","kind":"overhead","voltageClass":"low","voltageKv":66,"name":null,"circuits":2,"cables":"6","source":"osm"},"geometry":{"type":"LineString","coordinates":[[-5.95791,37.39101],[-5.9561,37.39192],[-5.95393,37.39302],[-5.95134,37.39424],[-5.94956,37.39565],[-5.94787,37.39699],[-5.94605,37.39852]]}},{"type":"Feature","properties":{"id":"way/201624575","kind":"overhead","voltageClass":"high","voltageKv":220,"name":null,"circuits":null,"cables":"3","source":"osm"},"geometry":{"type":"LineString","coordinates":[[-6.09893,37.63629],[-6.09903,37.63638],[-6.09914,37.63648],[-6.09937,37.63667],[-6.10062,37.63772],[-6.10368,37.64035],[-6.10434,37.64378],[-6.10655,37.64878]]}},{"type":"Feature","properties":{"id":"way/201624576","kind":"overhead","voltageClass":"high","voltageKv":220,"name":null,"circuits":null,"cables":"3","source":"osm"},"geometry":{"type":"LineString","coordinates":[[-6.0992,37.63609],[-6.0993,37.63619],[-6.09942,37.63628],[-6.09967,37.63649],[-6.10096,37.63756],[-6.10422,37.64057],[-6.10505,37.64351],[-6.10742,37.65098]]}},{"type":"Feature","properties":{"id":"way/201624578","kind":"overhead","voltageClass":"high","voltageKv":220,"name":null,"circuits":null,"cables":"3","source":"osm"},"geometry":{"type":"LineString","coordinates":[[-6.10771,37.65092],[-6.10734,37.64338],[-6.10515,37.64083],[-6.10382,37.63934],[-6.10124,37.63741],[-6.09978,37.6364],[-6.09953,37.6362],[-6.09943,37.6361],[-6.09933,37.63601]]}},{"type":"Feature","properties":{"id":"way/216226369","kind":"overhead","voltageClass":"high","voltageKv":220,"name":"Línea de alta tensión Almodóvar del Río - Casillas y Almodóvar del Río - Villanueva del Rey","circuits":2,"cables":"6","source":"osm"},"geometry":{"type":"LineString","coordinates":[[-5.02123,37.75073],[-5.02451,37.75267],[-5.02633,37.75586],[-5.0277,37.75889]]}},{"type":"Feature","properties":{"id":"way/216251142","kind":"overhead","voltageClass":"low","voltageKv":66,"name":"Línea de alta tensión Dos Hermanas - Don Rodrigo 1 y Dos Hermanas - Don Rodrigo 2","circuits":2,"cables":"6","source":"osm"},"geometry":{"type":"LineString","coordinates":[[-5.84285,37.24356],[-5.84318,37.24303],[-5.84566,37.24392],[-5.84483,37.24577],[-5.84618,37.24701],[-5.84785,37.24854],[-5.8497,37.25024],[-5.85171,37.25208],[-5.85356,37.25377],[-5.85548,37.25553],[-5.8574,37.2573],[-5.85917,37.25891],[-5.86061,37.26023],[-5.86268,37.26211],[-5.86416,37.26346],[-5.86605,37.26519],[-5.86788,37.26639],[-5.86972,37.26759],[-5.87163,37.26884],[-5.87349,37.27007],[-5.87565,37.27149],[-5.87787,37.27296],[-5.88017,37.27446],[-5.88132,37.27522],[-5.88223,37.27582],[-5.88434,37.2772],[-5.88666,37.27872],[-5.88948,37.28161],[-5.89105,37.28321],[-5.8926,37.2848],[-5.89439,37.28664],[-5.89598,37.28833],[-5.89766,37.28998],[-5.89937,37.29173],[-5.90146,37.29388],[-5.90334,37.29581],[-5.90549,37.29666],[-5.90647,37.2977]]}},{"type":"Feature","properties":{"id":"way/216251146","kind":"overhead","voltageClass":"low","voltageKv":66,"name":null,"circuits":1,"cables":"3","source":"osm"},"geometry":{"type":"LineString","coordinates":[[-5.84308,37.24386],[-5.84289,37.24377],[-5.84229,37.24303],[-5.84494,37.24233],[-5.8478,37.24068],[-5.85116,37.23872],[-5.85419,37.23636],[-5.85744,37.23384],[-5.8592,37.23247],[-5.86122,37.2309],[-5.86385,37.22885],[-5.86663,37.22668],[-5.86928,37.22462],[-5.8704,37.22306],[-5.87151,37.2215]]}},{"type":"Feature","properties":{"id":"way/216489192","kind":"overhead","voltageClass":"low","voltageKv":66,"name":"Línea de alta tensión Abdalajís - Nuevo Chorro","circuits":1,"cables":"3","source":"osm"},"geometry":{"type":"LineString","coordinates":[[-4.73695,36.8949],[-4.73828,36.89581],[-4.74129,36.89789],[-4.74224,36.89854],[-4.74408,36.89981],[-4.74502,36.90049],[-4.74651,36.90149],[-4.74861,36.90293],[-4.75016,36.904],[-4.75274,36.9059],[-4.7543,36.90686],[-4.75635,36.90828],[-4.75739,36.90904],[-4.75869,36.90994],[-4.76073,36.911],[-4.76474,36.91262],[-4.76762,36.91266],[-4.77138,36.91234],[-4.77312,36.91318]]}},{"type":"Feature","properties":{"id":"way/219429830","kind":"overhead","voltageClass":"low","voltageKv":66,"name":null,"circuits":2,"cables":"6","source":"osm"},"geometry":{"type":"LineString","coordinates":[[-5.93761,37.39319],[-5.93777,37.39446],[-5.93767,37.39569],[-5.93898,37.39681],[-5.94138,37.39684],[-5.94386,37.39688],[-5.94605,37.39852]]}},{"type":"Feature","properties":{"id":"way/219843419","kind":"overhead","voltageClass":"low","voltageKv":66,"name":null,"circuits":null,"cables":null,"source":"osm"},"geometry":{"type":"LineString","coordinates":[[-5.95197,37.35092],[-5.95242,37.35122],[-5.9546,37.35285],[-5.95676,37.35436],[-5.95904,37.35598],[-5.96261,37.35645],[-5.96474,37.35564],[-5.96682,37.35485],[-5.96805,37.35522],[-5.96801,37.35588],[-5.96821,37.35632],[-5.96836,37.35627]]}},{"type":"Feature","properties":{"id":"way/219843420","kind":"overhead","voltageClass":"low","voltageKv":66,"name":null,"circuits":null,"cables":null,"source":"osm"},"geometry":{"type":"LineString","coordinates":[[-5.96838,37.35618],[-5.96859,37.35604],[-5.96815,37.35512],[-5.96663,37.35474],[-5.96468,37.35553],[-5.96262,37.35636],[-5.95911,37.35592],[-5.95682,37.3543],[-5.95469,37.3528],[-5.95258,37.351],[-5.95212,37.3507]]}},{"type":"Feature","properties":{"id":"way/219843422","kind":"overhead","voltageClass":"low","voltageKv":66,"name":null,"circuits":null,"cables":null,"source":"osm"},"geometry":{"type":"LineString","coordinates":[[-5.95695,37.3588],[-5.95785,37.35763],[-5.95886,37.3563],[-5.95897,37.35603],[-5.95669,37.35442],[-5.95454,37.35292],[-5.95237,37.3513],[-5.95186,37.35108]]}},{"type":"Feature","properties":{"id":"way/219843423","kind":"overhead","voltageClass":"low","voltageKv":66,"name":null,"circuits":null,"cables":null,"source":"osm"},"geometry":{"type":"LineString","coordinates":[[-5.95173,37.35131],[-5.95222,37.35152],[-5.95451,37.35299],[-5.95659,37.35452],[-5.95881,37.35616]]}},{"type":"Feature","properties":{"id":"way/222648740","kind":"overhead","voltageClass":"low","voltageKv":66,"name":null,"circuits":null,"cables":null,"source":"osm"},"geometry":{"type":"LineString","coordinates":[[-4.71034,37.91706],[-4.71038,37.9171],[-4.71058,37.91737],[-4.71271,37.91947],[-4.71527,37.92006],[-4.71792,37.92067],[-4.72063,37.92013],[-4.72305,37.91966],[-4.72566,37.91914],[-4.72799,37.91868],[-4.73062,37.91821],[-4.73288,37.91744],[-4.7351,37.91667],[-4.73746,37.91589],[-4.74173,37.91439],[-4.74637,37.91282],[-4.74687,37.91265],[-4.74874,37.91202],[-4.74905,37.91192],[-4.74936,37.91181],[-4.75095,37.91128],[-4.75117,37.91121],[-4.75525,37.90979],[-4.75991,37.90812],[-4.76227,37.90723],[-4.76521,37.90595],[-4.76622,37.90427],[-4.76677,37.90337],[-4.76642,37.90219],[-4.76573,37.90149],[-4.76557,37.90023],[-4.76605,37.89946],[-4.76737,37.89886]]}},{"type":"Feature","properties":{"id":"way/222648997","kind":"overhead","voltageClass":"low","voltageKv":66,"name":null,"circuits":null,"cables":"3","source":"osm"},"geometry":{"type":"LineString","coordinates":[[-4.71015,37.91717],[-4.71051,37.91742],[-4.71142,37.9184],[-4.7124,37.91879],[-4.71511,37.91929],[-4.71702,37.91891],[-4.71924,37.91877],[-4.72145,37.91865],[-4.72405,37.91854],[-4.72639,37.91841],[-4.72891,37.91747],[-4.73176,37.91641],[-4.73425,37.91549],[-4.73621,37.91475],[-4.73816,37.91403],[-4.73993,37.91336],[-4.74122,37.91271],[-4.74378,37.91142],[-4.74569,37.91045],[-4.74781,37.90937],[-4.75019,37.90817],[-4.75287,37.90681],[-4.75453,37.90597],[-4.75535,37.90555]]}},{"type":"Feature","properties":{"id":"way/222880028","kind":"overhead","voltageClass":"unknown","voltageKv":null,"name":null,"circuits":null,"cables":null,"source":"osm"},"geometry":{"type":"LineString","coordinates":[[-6.26707,37.43463],[-6.26732,37.43085],[-6.26752,37.42791],[-6.26876,37.42623]]}},{"type":"Feature","properties":{"id":"way/222880031","kind":"overhead","voltageClass":"unknown","voltageKv":null,"name":null,"circuits":null,"cables":null,"source":"osm"},"geometry":{"type":"LineString","coordinates":[[-6.26657,37.43485],[-6.26672,37.43251],[-6.26688,37.43017],[-6.26704,37.4278],[-6.26874,37.42549],[-6.2681,37.42335],[-6.26749,37.42129],[-6.26693,37.41942],[-6.26657,37.41821]]}},{"type":"Feature","properties":{"id":"way/222886625","kind":"overhead","voltageClass":"low","voltageKv":66,"name":"Línea de alta tensión El Coronil - Morón de la Frontera","circuits":1,"cables":"3","source":"osm"},"geometry":{"type":"LineString","coordinates":[[-5.62739,37.10107],[-5.62395,37.1013],[-5.62121,37.1015],[-5.6192,37.10164],[-5.61551,37.10189],[-5.6126,37.10208],[-5.61031,37.10225],[-5.60604,37.10254],[-5.603,37.10275],[-5.60021,37.10295],[-5.59633,37.10321],[-5.59314,37.10405],[-5.59089,37.10464],[-5.58866,37.10525],[-5.58648,37.10581],[-5.58357,37.10657],[-5.58013,37.10747],[-5.57668,37.10838],[-5.57325,37.10928],[-5.57034,37.11005],[-5.56661,37.11103],[-5.56355,37.11184],[-5.5603,37.11212],[-5.55655,37.11244],[-5.55378,37.1144],[-5.55057,37.11525],[-5.54818,37.11588],[-5.54491,37.11636],[-5.54164,37.11684],[-5.53798,37.11737],[-5.53515,37.1178],[-5.53199,37.11826],[-5.52787,37.11932],[-5.52541,37.11995],[-5.52158,37.12094],[-5.51857,37.12171],[-5.51573,37.12244],[-5.51289,37.12301],[-5.50912,37.12377],[-5.50657,37.12429],[-5.50341,37.12493],[-5.4999,37.12565],[-5.49775,37.12608],[-5.49419,37.1268],[-5.49172,37.1273],[-5.48896,37.12786],[-5.48584,37.12849],[-5.48231,37.12921],[-5.47874,37.12993],[-5.47534,37.13062],[-5.47185,37.13132],[-5.46854,37.13191],[-5.46569,37.13241],[-5.46337,37.13282],[-5.4599,37.13342],[-5.45807,37.13303],[-5.45793,37.13291]]}},{"type":"Feature","properties":{"id":"way/222886626","kind":"overhead","voltageClass":"low","voltageKv":66,"name":"Línea de alta tensión Morón de la Frontera - Torrejón","circuits":1,"cables":"3","source":"osm"},"geometry":{"type":"LineString","coordinates":[[-5.4579,37.13293],[-5.45818,37.13327],[-5.46021,37.13369],[-5.46309,37.13319],[-5.46549,37.13276],[-5.46827,37.13229],[-5.47085,37.13183],[-5.47352,37.13136],[-5.47573,37.13097],[-5.47808,37.13056],[-5.48075,37.13008],[-5.48348,37.1296],[-5.48639,37.12908],[-5.49106,37.12825],[-5.49327,37.12786],[-5.49766,37.12709],[-5.50021,37.12664],[-5.50556,37.12573],[-5.50796,37.12532],[-5.51056,37.12488],[-5.51304,37.12446],[-5.5156,37.12401],[-5.51817,37.12357],[-5.52079,37.12313],[-5.52314,37.12273],[-5.52552,37.12233],[-5.52793,37.12192],[-5.53035,37.12151],[-5.53437,37.12082],[-5.5399,37.11988],[-5.54291,37.11936],[-5.54575,37.11888],[-5.54849,37.11841],[-5.55135,37.11792],[-5.55333,37.11759],[-5.55435,37.11639],[-5.55574,37.11477],[-5.55752,37.1127],[-5.56021,37.11261],[-5.56321,37.11252],[-5.56616,37.11242],[-5.56893,37.11233]]}},{"type":"Feature","properties":{"id":"way/222998400","kind":"overhead","voltageClass":"high","voltageKv":220,"name":null,"circuits":null,"cables":null,"source":"osm"},"geometry":{"type":"LineString","coordinates":[[-6.04526,37.00303],[-6.0452,37.00336],[-6.04694,37.00354],[-6.0481,37.00393],[-6.04869,37.00415]]}},{"type":"Feature","properties":{"id":"way/243523833","kind":"overhead","voltageClass":"low","voltageKv":66,"name":"Línea de alta tensión Alcalá del Río - Empalme - FASA_REN - RENFEACR","circuits":1,"cables":"3","source":"osm"},"geometry":{"type":"LineString","coordinates":[[-5.98094,37.46461],[-5.9815,37.46283],[-5.9826,37.45928],[-5.9843,37.45392],[-5.98543,37.45039],[-5.986,37.44862],[-5.98651,37.44685],[-5.98708,37.44507],[-5.98755,37.44366],[-5.98805,37.44195],[-5.98878,37.43975],[-5.98934,37.43797],[-5.98991,37.43618],[-5.99046,37.43441],[-5.9906,37.434],[-5.99124,37.43194]]}},{"type":"Feature","properties":{"id":"way/243523837","kind":"overhead","voltageClass":"low","voltageKv":66,"name":null,"circuits":2,"cables":"6","source":"osm"},"geometry":{"type":"LineString","coordinates":[[-5.98884,37.43135],[-5.98514,37.4319],[-5.98206,37.43326],[-5.97899,37.43464],[-5.97687,37.4345]]}},{"type":"Feature","properties":{"id":"way/243524387","kind":"overhead","voltageClass":"low","voltageKv":66,"name":null,"circuits":null,"cables":null,"source":"osm"},"geometry":{"type":"LineString","coordinates":[[-5.98477,37.41646],[-5.98475,37.41665],[-5.98473,37.41674],[-5.98472,37.41683],[-5.98468,37.41707]]}},{"type":"Feature","properties":{"id":"way/243524388","kind":"overhead","voltageClass":"low","voltageKv":66,"name":null,"circuits":null,"cables":null,"source":"osm"},"geometry":{"type":"LineString","coordinates":[[-5.98796,37.41602],[-5.99055,37.4161],[-5.99088,37.41618]]}},{"type":"Feature","properties":{"id":"way/243524389","kind":"overhead","voltageClass":"low","voltageKv":66,"name":null,"circuits":null,"cables":null,"source":"osm"},"geometry":{"type":"LineString","coordinates":[[-5.98793,37.41614],[-5.99057,37.41618],[-5.99088,37.41618]]}},{"type":"Feature","properties":{"id":"way/243524390","kind":"overhead","voltageClass":"low","voltageKv":66,"name":null,"circuits":null,"cables":null,"source":"osm"},"geometry":{"type":"LineString","coordinates":[[-5.98475,37.41665],[-5.9853,37.41669],[-5.9879,37.41625],[-5.99054,37.41628],[-5.99322,37.4165]]}},{"type":"Feature","properties":{"id":"way/243524391","kind":"overhead","voltageClass":"low","voltageKv":66,"name":null,"circuits":null,"cables":null,"source":"osm"},"geometry":{"type":"LineString","coordinates":[[-5.98468,37.41707],[-5.98521,37.41712],[-5.98736,37.41833]]}},{"type":"Feature","properties":{"id":"way/243524392","kind":"overhead","voltageClass":"medium","voltageKv":132,"name":null,"circuits":null,"cables":null,"source":"osm"},"geometry":{"type":"LineString","coordinates":[[-5.98393,37.41804],[-5.98397,37.41772],[-5.984,37.4175],[-5.98405,37.41712]]}},{"type":"Feature","properties":{"id":"way/243524394","kind":"overhead","voltageClass":"medium","voltageKv":132,"name":null,"circuits":2,"cables":"6","source":"osm"},"geometry":{"type":"LineString","coordinates":[[-6.03913,37.42441],[-6.03787,37.42453],[-6.03489,37.42481],[-6.03304,37.42498],[-6.03118,37.42515],[-6.02862,37.42498],[-6.02484,37.42473],[-6.02168,37.42453],[-6.01911,37.42434],[-6.01627,37.42417],[-6.01353,37.42395],[-6.01097,37.42379],[-6.00741,37.42355],[-6.00462,37.42336],[-6.00128,37.42313],[-6.00116,37.42312],[-5.99805,37.42291],[-5.99449,37.42211],[-5.9921,37.42158],[-5.99018,37.41988],[-5.9873,37.41853],[-5.985,37.41761],[-5.98445,37.41755]]}},{"type":"Feature","properties":{"id":"way/243524860","kind":"overhead","voltageClass":"low","voltageKv":66,"name":null,"circuits":2,"cables":"6","source":"osm"},"geometry":{"type":"LineString","coordinates":[[-5.99322,37.4165],[-5.99601,37.41688],[-5.99786,37.41825],[-5.99969,37.4196],[-6.00125,37.42125],[-6.00355,37.42243],[-6.00501,37.4235],[-6.00688,37.42489],[-6.01013,37.42727],[-6.01199,37.42864],[-6.01388,37.43003],[-6.01565,37.43132],[-6.01727,37.43252],[-6.01903,37.4338],[-6.02077,37.43509],[-6.02252,37.43637],[-6.02418,37.43761],[-6.0259,37.43888],[-6.02773,37.44019],[-6.03524,37.44574],[-6.0377,37.44652],[-6.03932,37.4476],[-6.04073,37.44962],[-6.04215,37.45112],[-6.04295,37.45124]]}},{"type":"Feature","properties":{"id":"way/243525234","kind":"overhead","voltageClass":"high","voltageKv":220,"name":null,"circuits":null,"cables":null,"source":"osm"},"geometry":{"type":"LineString","coordinates":[[-6.03982,37.4263],[-6.03979,37.42609],[-6.03977,37.426],[-6.03977,37.42594],[-6.03973,37.42569],[-6.03972,37.42566],[-6.0397,37.4255],[-6.03968,37.42538],[-6.03964,37.42511]]}},{"type":"Feature","properties":{"id":"way/243525235","kind":"overhead","voltageClass":"medium","voltageKv":132,"name":null,"circuits":2,"cables":"6","source":"osm"},"geometry":{"type":"LineString","coordinates":[[-5.99353,37.42423],[-5.99447,37.42346],[-5.9972,37.42342],[-6.00029,37.42361],[-6.00064,37.42363],[-6.00379,37.42382],[-6.00646,37.42398],[-6.01083,37.42423],[-6.01334,37.4244],[-6.01619,37.42456],[-6.01905,37.42472],[-6.0218,37.42487],[-6.02502,37.42506],[-6.02868,37.42525],[-6.03134,37.4254],[-6.03478,37.42507],[-6.0379,37.42476],[-6.03917,37.42462]]}},{"type":"Feature","properties":{"id":"way/243525236","kind":"overhead","voltageClass":"low","voltageKv":66,"name":null,"circuits":2,"cables":"6","source":"osm"},"geometry":{"type":"LineString","coordinates":[[-6.03874,37.42614],[-6.03842,37.42614],[-6.03821,37.42472],[-6.03812,37.42462],[-6.03649,37.42478],[-6.0358,37.42484],[-6.03337,37.42508],[-6.03161,37.42524],[-6.03082,37.42439],[-6.02978,37.42327],[-6.02932,37.42277],[-6.02823,37.42124],[-6.02756,37.42029],[-6.02619,37.41837],[-6.0262,37.41781],[-6.02616,37.41711],[-6.02616,37.41552],[-6.02683,37.4135],[-6.02753,37.41136],[-6.02898,37.4087],[-6.03016,37.40657],[-6.02975,37.40525],[-6.02863,37.40365],[-6.0275,37.40205],[-6.02633,37.40036],[-6.02529,37.39832],[-6.02525,37.39816],[-6.02476,37.39614],[-6.02408,37.39331],[-6.02332,37.3902],[-6.02276,37.38791],[-6.02458,37.38486],[-6.02337,37.38291],[-6.02283,37.38204],[-6.0223,37.38119]]}},{"type":"Feature","properties":{"id":"way/243525237","kind":"overhead","voltageClass":"low","voltageKv":66,"name":null,"circuits":2,"cables":"6","source":"osm"},"geometry":{"type":"LineString","coordinates":[[-6.02506,37.39972],[-6.0257,37.40004],[-6.02679,37.40155],[-6.02838,37.40374],[-6.02963,37.40545],[-6.02999,37.40662],[-6.02884,37.40864],[-6.02735,37.41134],[-6.0267,37.41345],[-6.02602,37.41558],[-6.02605,37.41712],[-6.02606,37.41841],[-6.02725,37.42009],[-6.02783,37.4209],[-6.0282,37.42141],[-6.02933,37.42305],[-6.03068,37.42447],[-6.03166,37.4255],[-6.03338,37.42534],[-6.03653,37.42502],[-6.03816,37.42485],[-6.03839,37.42627],[-6.03876,37.42626]]}},{"type":"Feature","properties":{"id":"way/243525692","kind":"overhead","voltageClass":"low","voltageKv":66,"name":"Santiponce-Remedios","circuits":2,"cables":"6","source":"osm"},"geometry":{"type":"LineString","coordinates":[[-6.01494,37.37866],[-6.01825,37.37782],[-6.01965,37.37947],[-6.0218,37.38203],[-6.02295,37.38339],[-6.0243,37.38502],[-6.02256,37.38788],[-6.02314,37.39018],[-6.02391,37.39334],[-6.02459,37.39617],[-6.02512,37.39835],[-6.02506,37.39972]]}},{"type":"Feature","properties":{"id":"way/243525693","kind":"overhead","voltageClass":"low","voltageKv":66,"name":null,"circuits":null,"cables":null,"source":"osm"},"geometry":{"type":"LineString","coordinates":[[-6.02506,37.39972],[-6.02467,37.40129],[-6.0232,37.40305],[-6.02172,37.40484],[-6.02076,37.40601],[-6.01942,37.40764],[-6.01808,37.40929],[-6.01664,37.41101],[-6.0153,37.41267],[-6.01282,37.41446],[-6.00927,37.41445],[-6.00594,37.41501],[-6.00338,37.41452],[-6.00062,37.41659],[-5.9972,37.41742],[-5.99712,37.41744],[-5.99697,37.41746],[-5.99686,37.41747],[-5.99491,37.41774],[-5.99255,37.41715],[-5.9919,37.41699],[-5.99041,37.41652],[-5.98786,37.41643],[-5.98526,37.41687],[-5.98472,37.41683]]}},{"type":"Feature","properties":{"id":"way/243525694","kind":"overhead","voltageClass":"low","voltageKv":66,"name":null,"circuits":1,"cables":"3","source":"osm"},"geometry":{"type":"LineString","coordinates":[[-6.02594,37.40189],[-6.02455,37.40124],[-6.02277,37.40029],[-6.02096,37.39933],[-6.02064,37.39737],[-6.02025,37.39505],[-6.01989,37.39287]]}},{"type":"Feature","properties":{"id":"way/243627808","kind":"overhead","voltageClass":"low","voltageKv":66,"name":null,"circuits":null,"cables":null,"source":"osm"},"geometry":{"type":"LineString","coordinates":[[-5.99415,37.41463],[-5.99322,37.4165]]}},{"type":"Feature","properties":{"id":"way/243627809","kind":"overhead","voltageClass":"low","voltageKv":66,"name":null,"circuits":null,"cables":null,"source":"osm"},"geometry":{"type":"LineString","coordinates":[[-5.99322,37.4165],[-5.99052,37.41641],[-5.98789,37.41634],[-5.98527,37.41679],[-5.98473,37.41674]]}},{"type":"Feature","properties":{"id":"way/243627810","kind":"overhead","voltageClass":"low","voltageKv":66,"name":null,"circuits":2,"cables":"6","source":"osm"},"geometry":{"type":"LineString","coordinates":[[-5.99088,37.41618],[-5.9908,37.41693],[-5.99065,37.41805],[-5.99054,37.41918],[-5.99157,37.42026],[-5.9926,37.42133],[-5.9948,37.42169],[-5.99677,37.42201],[-5.99749,37.42211],[-6.00014,37.42253],[-6.00267,37.42293],[-6.00412,37.42223],[-6.00554,37.42161],[-6.00678,37.42102],[-6.00814,37.42039],[-6.0086,37.41851],[-6.00908,37.41656],[-6.00955,37.4146],[-6.0099,37.41318],[-6.01003,37.41266],[-6.01028,37.41162],[-6.01055,37.41054],[-6.011,37.4088],[-6.01192,37.40532],[-6.01237,37.4036],[-6.01282,37.40192],[-6.01653,37.40008],[-6.01833,37.39917],[-6.02091,37.39791],[-6.02146,37.39761]]}},{"type":"Feature","properties":{"id":"way/243629138","kind":"overhead","voltageClass":"unknown","voltageKv":null,"name":null,"circuits":null,"cables":null,"source":"osm"},"geometry":{"type":"LineString","coordinates":[[-6.05021,37.46573],[-6.04856,37.46596],[-6.04635,37.46628],[-6.04339,37.46661],[-6.03985,37.46703],[-6.03702,37.46739],[-6.03451,37.46766],[-6.03179,37.46891],[-6.03136,37.46915],[-6.02988,37.46826],[-6.02889,37.46749],[-6.02759,37.46647],[-6.02647,37.46557],[-6.02539,37.46471],[-6.02454,37.46401],[-6.02301,37.46277],[-6.02229,37.46222],[-6.02163,37.46169],[-6.02154,37.46172]]}},{"type":"Feature","properties":{"id":"way/262171807","kind":"overhead","voltageClass":"low","voltageKv":66,"name":"Línea de alta tensión Alcalá del Río - Empalme - FASA_REN - RENFEACR","circuits":1,"cables":"3","source":"osm"},"geometry":{"type":"LineString","coordinates":[[-5.96083,37.4542],[-5.96139,37.45449],[-5.96123,37.45477],[-5.96085,37.45594],[-5.96032,37.45736],[-5.96201,37.45751],[-5.96422,37.45771],[-5.9657,37.45854],[-5.96765,37.45962],[-5.96978,37.46041],[-5.9719,37.46122],[-5.97408,37.46204],[-5.97631,37.46287],[-5.9788,37.46381],[-5.98094,37.46461]]}},{"type":"Feature","properties":{"id":"way/284676478","kind":"overhead","voltageClass":"low","voltageKv":66,"name":null,"circuits":2,"cables":"6","source":"osm"},"geometry":{"type":"LineString","coordinates":[[-4.79103,37.89894],[-4.79235,37.89859],[-4.79411,37.89987],[-4.79759,37.89941],[-4.80079,37.89899],[-4.80347,37.89852],[-4.80403,37.89843],[-4.80721,37.89787],[-4.80833,37.8969],[-4.80919,37.89615],[-4.81125,37.89657],[-4.81447,37.89725]]}},{"type":"Feature","properties":{"id":"way/326429045","kind":"overhead","voltageClass":"low","voltageKv":66,"name":"Línea de alta tensión Marchena - Osuna","circuits":1,"cables":"3","source":"osm"},"geometry":{"type":"LineString","coordinates":[[-5.43298,37.32295],[-5.4328,37.32235],[-5.42973,37.3208],[-5.42656,37.31919],[-5.42329,37.31754],[-5.42068,37.31624],[-5.41772,37.31612],[-5.415,37.31601],[-5.41232,37.3159],[-5.40893,37.31576],[-5.4056,37.31563],[-5.40212,37.31549],[-5.4008,37.31544],[-5.39743,37.3153],[-5.39388,37.31516],[-5.39041,37.31502],[-5.38795,37.31448],[-5.3848,37.31378],[-5.38041,37.31281],[-5.3753,37.31168],[-5.37104,37.31074],[-5.3676,37.30998],[-5.3639,37.30916],[-5.36018,37.30833],[-5.35548,37.30677],[-5.35415,37.30632],[-5.34926,37.30468],[-5.34709,37.30395],[-5.34497,37.30324],[-5.34199,37.30225],[-5.33886,37.30119],[-5.33561,37.3001],[-5.33229,37.29899],[-5.32865,37.29777],[-5.32452,37.29639],[-5.3215,37.29538],[-5.31927,37.29463],[-5.31406,37.29289],[-5.31048,37.29168],[-5.30657,37.29037],[-5.30268,37.28906],[-5.30002,37.28817],[-5.29505,37.2865],[-5.29143,37.28529],[-5.28746,37.28395],[-5.28407,37.28281],[-5.28094,37.28176],[-5.27756,37.28063],[-5.2741,37.27947],[-5.27031,37.2782],[-5.26652,37.27692],[-5.26345,37.27589],[-5.26004,37.27475],[-5.25635,37.27351],[-5.25261,37.27225],[-5.24908,37.27106],[-5.246,37.27003],[-5.24182,37.26874],[-5.23869,37.26777],[-5.23521,37.26669],[-5.23161,37.26559],[-5.22793,37.26445],[-5.22421,37.2633],[-5.22063,37.26219],[-5.21728,37.26116],[-5.21399,37.26014],[-5.21072,37.25913],[-5.20774,37.25821],[-5.20417,37.25711],[-5.20081,37.25607],[-5.19693,37.25487],[-5.19266,37.25355],[-5.18866,37.25231],[-5.18578,37.25142],[-5.18295,37.25054],[-5.17963,37.24951],[-5.17633,37.24849],[-5.17325,37.24754],[-5.17023,37.2466],[-5.16676,37.24554],[-5.16345,37.24451],[-5.16006,37.24347],[-5.15647,37.24236],[-5.15313,37.24133],[-5.14964,37.24026],[-5.14627,37.23921],[-5.14325,37.23828],[-5.13971,37.23719],[-5.13645,37.23618],[-5.13334,37.23521],[-5.13015,37.23423],[-5.12659,37.23313],[-5.12274,37.23193],[-5.11979,37.23102],[-5.11656,37.23002],[-5.11601,37.23022]]}},{"type":"Feature","properties":{"id":"way/332199298","kind":"overhead","voltageClass":"low","voltageKv":66,"name":"Línea de alta tensión Écija - Villar y Posadas - Villar","circuits":2,"cables":"6","source":"osm"},"geometry":{"type":"LineString","coordinates":[[-5.10529,37.60654],[-5.10483,37.60618],[-5.10279,37.60669],[-5.09946,37.60834],[-5.0959,37.61011],[-5.0926,37.61175],[-5.08959,37.61158],[-5.08649,37.61135],[-5.08327,37.61116],[-5.08038,37.61098],[-5.07649,37.61072],[-5.07244,37.61045],[-5.06859,37.61022],[-5.06525,37.61001],[-5.06246,37.60983],[-5.05951,37.60965],[-5.05736,37.6095],[-5.05366,37.60927],[-5.05058,37.60908],[-5.04772,37.60889]]}},{"type":"Feature","properties":{"id":"way/338291863","kind":"overhead","voltageClass":"unknown","voltageKv":null,"name":null,"circuits":null,"cables":null,"source":"osm"},"geometry":{"type":"LineString","coordinates":[[-6.42496,38.0439],[-6.42523,38.04491]]}},{"type":"Feature","properties":{"id":"way/338666029","kind":"overhead","voltageClass":"unknown","voltageKv":null,"name":null,"circuits":null,"cables":null,"source":"osm"},"geometry":{"type":"LineString","coordinates":[[-6.11086,37.60496],[-6.11092,37.60708],[-6.11097,37.61034],[-6.11244,37.61146],[-6.11422,37.61285],[-6.11609,37.61432],[-6.11739,37.61533],[-6.11926,37.61676],[-6.12109,37.61819],[-6.1228,37.61952],[-6.12453,37.62087],[-6.12593,37.62194],[-6.12753,37.62318],[-6.12893,37.62426],[-6.1306,37.62556],[-6.13201,37.62665],[-6.13353,37.62782],[-6.13485,37.62885],[-6.13615,37.62985],[-6.13865,37.63179]]}},{"type":"Feature","properties":{"id":"way/338666030","kind":"overhead","voltageClass":"medium","voltageKv":132,"name":"Línea de alta tensión Cala - Guillena y Guillena - Ruta de la Plata","circuits":2,"cables":"6","source":"osm"},"geometry":{"type":"LineString","coordinates":[[-6.09867,37.63428],[-6.09876,37.63273],[-6.10022,37.6309],[-6.1021,37.62853],[-6.10422,37.62587],[-6.10659,37.62285],[-6.10827,37.62074],[-6.11061,37.61781],[-6.11292,37.61488],[-6.11399,37.61353]]}},{"type":"Feature","properties":{"id":"way/338666032","kind":"overhead","voltageClass":"medium","voltageKv":132,"name":"Línea de alta tensión Cala - Guillena","circuits":1,"cables":"3","source":"osm"},"geometry":{"type":"LineString","coordinates":[[-6.14223,37.66171],[-6.14201,37.66078],[-6.14247,37.65676],[-6.14278,37.65401],[-6.14328,37.64974],[-6.1436,37.64691],[-6.1439,37.64427],[-6.1442,37.64175],[-6.14169,37.63922],[-6.13954,37.63707],[-6.13625,37.63377],[-6.13372,37.63123],[-6.1321,37.6296],[-6.12931,37.62712],[-6.12669,37.6248],[-6.12369,37.62214],[-6.12154,37.62023],[-6.11826,37.61733],[-6.11621,37.61551],[-6.11399,37.61353]]}},{"type":"Feature","properties":{"id":"way/338669451","kind":"overhead","voltageClass":"high","voltageKv":400,"name":null,"circuits":null,"cables":"3","source":"osm"},"geometry":{"type":"LineString","coordinates":[[-6.09737,37.63674],[-6.0972,37.63658],[-6.09704,37.63644],[-6.09667,37.6361],[-6.09647,37.63592]]}},{"type":"Feature","properties":{"id":"way/338669452","kind":"overhead","voltageClass":"high","voltageKv":220,"name":null,"circuits":null,"cables":"3","source":"osm"},"geometry":{"type":"LineString","coordinates":[[-6.09863,37.63722],[-6.09839,37.63701],[-6.09829,37.63691],[-6.09819,37.63682]]}},{"type":"Feature","properties":{"id":"way/338669453","kind":"overhead","voltageClass":"high","voltageKv":400,"name":"Línea de alta tensión Guillena - Palos","circuits":null,"cables":"3","source":"osm"},"geometry":{"type":"LineString","coordinates":[[-6.09538,37.63513],[-6.09563,37.63553],[-6.09624,37.63608]]}},{"type":"Feature","properties":{"id":"way/338669454","kind":"overhead","voltageClass":"high","voltageKv":220,"name":null,"circuits":null,"cables":"3","source":"osm"},"geometry":{"type":"LineString","coordinates":[[-6.09794,37.637],[-6.09805,37.63709],[-6.09815,37.63718],[-6.09844,37.63747]]}},{"type":"Feature","properties":{"id":"way/338669455","kind":"overhead","voltageClass":"high","voltageKv":400,"name":null,"circuits":null,"cables":"3","source":"osm"},"geometry":{"type":"LineString","coordinates":[[-6.09891,37.63665],[-6.09879,37.63655],[-6.09868,37.63647],[-6.09806,37.63599],[-6.09721,37.63523],[-6.0968,37.63562]]}},{"type":"Feature","properties":{"id":"way/338669459","kind":"overhead","voltageClass":"unknown","voltageKv":null,"name":null,"circuits":null,"cables":null,"source":"osm"},"geometry":{"type":"LineString","coordinates":[[-6.09864,37.63683],[-6.09854,37.63674],[-6.09843,37.63665],[-6.09792,37.63619]]}},{"type":"Feature","properties":{"id":"way/338683639","kind":"overhead","voltageClass":"high","voltageKv":400,"name":"Línea de alta tensión Guillena - Palos","circuits":null,"cables":"6","source":"osm"},"geometry":{"type":"LineString","coordinates":[[-6.88175,37.18376],[-6.87915,37.18464],[-6.87669,37.18734],[-6.87452,37.19023],[-6.87105,37.19486],[-6.87154,37.19744],[-6.8733,37.20163],[-6.87281,37.20396],[-6.87169,37.20593],[-6.873,37.20933],[-6.87294,37.21146],[-6.87345,37.21328],[-6.87494,37.21838],[-6.87392,37.22114],[-6.8727,37.22444],[-6.86736,37.22565],[-6.86317,37.22774],[-6.85939,37.22963],[-6.85547,37.23157],[-6.85155,37.23352],[-6.84738,37.2356],[-6.84334,37.23761],[-6.83985,37.23937],[-6.83637,37.24108],[-6.83322,37.24216],[-6.82888,37.24481],[-6.8242,37.24541],[-6.82064,37.24587],[-6.8167,37.24879],[-6.81502,37.25003],[-6.81264,37.25179],[-6.80882,37.25462],[-6.80502,37.25744],[-6.80129,37.26019],[-6.79796,37.26263],[-6.79474,37.26501],[-6.7905,37.26816],[-6.78757,37.27033],[-6.78382,37.27308],[-6.7805,37.27554],[-6.77757,37.2777],[-6.77363,37.28063],[-6.77021,37.28313],[-6.76789,37.28439],[-6.76394,37.28652],[-6.76022,37.28853],[-6.75406,37.29184],[-6.75231,37.29389],[-6.74961,37.29702],[-6.74803,37.29887],[-6.74643,37.30069],[-6.74218,37.30562],[-6.73988,37.30831],[-6.73716,37.30976],[-6.7342,37.31135],[-6.72799,37.31467],[-6.72487,37.31635],[-6.72164,37.31808],[-6.71909,37.31944],[-6.71644,37.32086],[-6.71273,37.32284],[-6.70992,37.32434],[-6.70511,37.32747],[-6.70097,37.33016],[-6.69815,37.33199],[-6.69549,37.33371],[-6.69127,37.33646],[-6.68625,37.33664],[-6.68102,37.33683],[-6.67706,37.33698],[-6.67455,37.33925],[-6.67269,37.34098],[-6.67016,37.34334],[-6.6671,37.34615],[-6.66389,37.3491],[-6.66052,37.3522],[-6.6601,37.35444],[-6.65741,37.35645],[-6.65513,37.35717],[-6.65266,37.35947],[-6.64978,37.36211],[-6.64677,37.36487],[-6.64367,37.36772],[-6.64058,37.37054],[-6.63746,37.37338],[-6.63429,37.37721],[-6.6314,37.3807],[-6.62882,37.38383],[-6.62662,37.38649],[-6.62344,37.39033],[-6.62095,37.39335],[-6.61837,37.39647],[-6.61629,37.39899],[-6.61409,37.40165],[-6.61191,37.40429],[-6.61003,37.40656],[-6.60835,37.40859],[-6.60571,37.41179],[-6.60059,37.41312],[-6.5969,37.41408],[-6.59183,37.41539],[-6.58278,37.41774],[-6.57796,37.41899],[-6.57321,37.42023],[-6.568,37.42158],[-6.56384,37.42266],[-6.56115,37.42335],[-6.5567,37.42451],[-6.55263,37.42556],[-6.54902,37.4265],[-6.54411,37.42728],[-6.53869,37.42814],[-6.53317,37.42901],[-6.52829,37.42979],[-6.52324,37.43059],[-6.51864,37.43132],[-6.51308,37.43222],[-6.50805,37.43303],[-6.50309,37.43382],[-6.49796,37.43463],[-6.4923,37.43552],[-6.48785,37.43622],[-6.48345,37.43691],[-6.47907,37.43761],[-6.47479,37.43829],[-6.46985,37.43907],[-6.46511,37.43982],[-6.46168,37.44037],[-6.45756,37.44102],[-6.45244,37.44183],[-6.44751,37.44262],[-6.44245,37.44342],[-6.43768,37.44391],[-6.43284,37.4444],[-6.42819,37.44488],[-6.42255,37.44545],[-6.41684,37.44604],[-6.41206,37.44653],[-6.40721,37.44702],[-6.40271,37.44851],[-6.39834,37.44994],[-6.39373,37.45145],[-6.38923,37.45293],[-6.38468,37.45443],[-6.38111,37.45561],[-6.37714,37.45692],[-6.37317,37.45822],[-6.36961,37.4594],[-6.36625,37.46051],[-6.36258,37.46171],[-6.35921,37.46281],[-6.35484,37.46424],[-6.35068,37.46561],[-6.34624,37.46707],[-6.34134,37.46868],[-6.33732,37.47],[-6.33221,37.47169],[-6.32771,37.47317],[-6.32278,37.47479],[-6.31903,37.47603],[-6.3149,37.47738],[-6.31025,37.47892],[-6.30624,37.48023],[-6.30195,37.48165],[-6.29771,37.48304],[-6.29431,37.48416],[-6.29032,37.48543],[-6.28702,37.48654],[-6.28338,37.48776],[-6.2777,37.48754],[-6.27129,37.4873],[-6.2672,37.48484],[-6.26367,37.48271],[-6.25913,37.47998],[-6.25534,37.47771],[-6.2518,37.47558],[-6.24705,37.47272],[-6.24422,37.47101],[-6.23942,37.472],[-6.23557,37.47274],[-6.23112,37.47357],[-6.22704,37.47438],[-6.22314,37.47516],[-6.21945,37.47591],[-6.20578,37.47858],[-6.19476,37.4808],[-6.18991,37.48178],[-6.18158,37.48335],[-6.17714,37.48424],[-6.1739,37.4849],[-6.16937,37.48593],[-6.16509,37.48691],[-6.16105,37.48783],[-6.15258,37.48978],[-6.14859,37.49071],[-6.14361,37.49185],[-6.13936,37.49283],[-6.13131,37.50703],[-6.12333,37.52108],[-6.13103,37.55034],[-6.13409,37.56193],[-6.13707,37.57327],[-6.11811,37.60002],[-6.11368,37.60625],[-6.11122,37.60972],[-6.11037,37.61093],[-6.10831,37.61384],[-6.10651,37.61641],[-6.10462,37.61909],[-6.10266,37.62187],[-6.10072,37.62457],[-6.09938,37.62513],[-6.09414,37.62732],[-6.09302,37.63001],[-6.09486,37.63403],[-6.09538,37.63513]]}},{"type":"Feature","properties":{"id":"way/338685234","kind":"overhead","voltageClass":"high","voltageKv":220,"name":"Línea de alta tensión Rocío - Torrearenillas","circuits":1,"cables":"3","source":"osm"},"geometry":{"type":"LineString","coordinates":[[-6.90264,37.19148],[-6.90222,37.19175],[-6.89964,37.19356],[-6.89625,37.196],[-6.89332,37.19809],[-6.8896,37.20075],[-6.88659,37.2022],[-6.88212,37.20227],[-6.87902,37.20231],[-6.87479,37.20371],[-6.87018,37.20521],[-6.86518,37.20686],[-6.86077,37.20831],[-6.8579,37.20903],[-6.85489,37.20978],[-6.85064,37.21084],[-6.84548,37.21213],[-6.84122,37.2132],[-6.83631,37.21443],[-6.83143,37.21565],[-6.82757,37.21662],[-6.8245,37.2167],[-6.82017,37.21683],[-6.81389,37.217],[-6.80971,37.21713],[-6.80587,37.21723],[-6.80358,37.2173],[-6.80186,37.21735],[-6.79658,37.21749],[-6.79174,37.21763],[-6.78663,37.21778],[-6.78094,37.21793],[-6.77582,37.21807],[-6.77137,37.21706],[-6.76697,37.21603],[-6.76298,37.21511],[-6.75919,37.21425],[-6.75483,37.21323],[-6.75049,37.21224],[-6.74616,37.21123],[-6.74175,37.21021],[-6.73725,37.20919],[-6.7328,37.20816],[-6.72852,37.20717],[-6.72438,37.20621],[-6.72006,37.20522],[-6.71575,37.20422],[-6.71054,37.20302],[-6.70595,37.20196],[-6.70195,37.20104],[-6.69717,37.19994],[-6.69276,37.19893],[-6.68814,37.19786],[-6.68379,37.19686],[-6.67918,37.19579],[-6.67514,37.19487],[-6.67069,37.19383],[-6.66633,37.19284],[-6.6626,37.19197],[-6.65892,37.19112],[-6.65434,37.19006],[-6.65024,37.18911],[-6.64625,37.18819],[-6.64191,37.18719],[-6.63727,37.18612],[-6.63288,37.18511],[-6.62853,37.1841],[-6.62416,37.18309],[-6.62016,37.18217],[-6.61596,37.18119],[-6.61193,37.18026],[-6.60775,37.1793],[-6.60369,37.17836],[-6.59911,37.1773],[-6.59446,37.17623],[-6.59011,37.17521],[-6.58575,37.17421],[-6.58107,37.17314],[-6.57716,37.17223],[-6.57274,37.1712],[-6.56817,37.17015],[-6.56387,37.16915],[-6.55945,37.16814],[-6.55532,37.16718],[-6.55112,37.16621],[-6.54649,37.16514],[-6.54293,37.16432],[-6.53945,37.16284],[-6.53518,37.16101],[-6.53111,37.15929],[-6.52755,37.15778],[-6.52376,37.15614],[-6.5201,37.15459],[-6.51601,37.15285],[-6.5119,37.15109],[-6.50776,37.14932],[-6.5037,37.14761],[-6.50009,37.14604],[-6.49754,37.1448],[-6.49429,37.14427],[-6.49393,37.14438]]}},{"type":"Feature","properties":{"id":"way/338876403","kind":"overhead","voltageClass":"high","voltageKv":400,"name":"Línea de alta tensión Guillena - Palos","circuits":null,"cables":"3","source":"osm"},"geometry":{"type":"LineString","coordinates":[[-6.09647,37.63592],[-6.09587,37.63537],[-6.09538,37.63513]]}},{"type":"Feature","properties":{"id":"way/338876407","kind":"overhead","voltageClass":"high","voltageKv":400,"name":null,"circuits":null,"cables":"3","source":"osm"},"geometry":{"type":"LineString","coordinates":[[-6.09624,37.63608],[-6.09642,37.63625],[-6.09682,37.63661],[-6.09695,37.63672],[-6.09779,37.6374]]}},{"type":"Feature","properties":{"id":"way/338876680","kind":"overhead","voltageClass":"high","voltageKv":220,"name":null,"circuits":2,"cables":"6","source":"osm"},"geometry":{"type":"LineString","coordinates":[[-6.09869,37.63515],[-6.097,37.63321],[-6.09547,37.63178],[-6.09261,37.62909],[-6.08897,37.6257],[-6.08163,37.61892],[-6.07594,37.59994],[-6.07307,37.59034],[-6.07275,37.58551],[-6.07139,37.5649],[-6.07117,37.56156],[-6.0709,37.55754],[-6.07067,37.55395],[-6.06899,37.52855],[-6.06874,37.52482],[-6.06848,37.52264],[-6.0679,37.51769],[-6.06748,37.51412],[-6.06702,37.51027],[-6.0666,37.50673],[-6.06608,37.50232],[-6.06553,37.49772],[-6.0652,37.49488],[-6.06464,37.49015],[-6.06434,37.48751],[-6.0638,37.48306],[-6.0635,37.4806]]}},{"type":"Feature","properties":{"id":"way/338876681","kind":"overhead","voltageClass":"high","voltageKv":220,"name":null,"circuits":null,"cables":"3","source":"osm"},"geometry":{"type":"LineString","coordinates":[[-6.09869,37.63515],[-6.09932,37.63558],[-6.09958,37.63582],[-6.09968,37.63591],[-6.09979,37.63601]]}},{"type":"Feature","properties":{"id":"way/343041747","kind":"overhead","voltageClass":"low","voltageKv":66,"name":null,"circuits":null,"cables":"3","source":"osm"},"geometry":{"type":"LineString","coordinates":[[-6.0683,37.40854],[-6.06999,37.40728],[-6.0714,37.40622],[-6.07301,37.40504],[-6.07387,37.40421],[-6.07496,37.40373],[-6.07651,37.4044],[-6.07827,37.40525],[-6.08009,37.40613],[-6.08212,37.40711],[-6.08457,37.40773],[-6.08725,37.40842],[-6.08944,37.40897],[-6.09158,37.4087],[-6.09441,37.40832],[-6.09635,37.4081],[-6.09893,37.40779],[-6.10177,37.40741]]}},{"type":"Feature","properties":{"id":"way/343048196","kind":"overhead","voltageClass":"low","voltageKv":66,"name":null,"circuits":null,"cables":null,"source":"osm"},"geometry":{"type":"LineString","coordinates":[[-6.10177,37.40741],[-6.10422,37.40735],[-6.10566,37.40732],[-6.10701,37.40724],[-6.10902,37.40717],[-6.11198,37.40706],[-6.11515,37.40693],[-6.11785,37.40683],[-6.12036,37.40675],[-6.12586,37.40654],[-6.1314,37.40633],[-6.1377,37.40609],[-6.14089,37.40597],[-6.14605,37.40578],[-6.14843,37.40569],[-6.15068,37.40559]]}},{"type":"Feature","properties":{"id":"way/399070920","kind":"overhead","voltageClass":"low","voltageKv":66,"name":"Línea de alta tensión Alcores - Polo 1 y Alcores - Polo 2","circuits":2,"cables":"6","source":"osm"},"geometry":{"type":"LineString","coordinates":[[-5.8642,37.35668],[-5.86151,37.35963],[-5.86077,37.36137],[-5.86152,37.3643],[-5.86089,37.36695],[-5.86024,37.36973],[-5.85956,37.37263],[-5.85899,37.37511],[-5.85842,37.37744],[-5.85827,37.37969],[-5.8581,37.38208],[-5.85793,37.38417],[-5.85778,37.38618]]}},{"type":"Feature","properties":{"id":"way/399070923","kind":"overhead","voltageClass":"high","voltageKv":220,"name":"Línea de alta tensión Alcores - Carmona 1","circuits":1,"cables":"3","source":"osm"},"geometry":{"type":"LineString","coordinates":[[-5.85543,37.38687],[-5.85389,37.38709]]}},{"type":"Feature","properties":{"id":"way/399070925","kind":"overhead","voltageClass":"high","voltageKv":220,"name":"Línea de alta tensión Alcores - Gazules","circuits":1,"cables":"3","source":"osm"},"geometry":{"type":"LineString","coordinates":[[-5.85526,37.38648],[-5.85382,37.3868]]}},{"type":"Feature","properties":{"id":"way/401373751","kind":"overhead","voltageClass":"medium","voltageKv":132,"name":"Línea de alta tensión Los Palacios - Sec_Pelp","circuits":1,"cables":"3","source":"osm"},"geometry":{"type":"LineString","coordinates":[[-5.9253,36.85934],[-5.92463,36.86306],[-5.92408,36.86595],[-5.92345,36.86946],[-5.92267,36.87367],[-5.92194,36.87764],[-5.92118,36.88174],[-5.9204,36.88597],[-5.91968,36.8899],[-5.91914,36.89282],[-5.91852,36.89614],[-5.91812,36.89836],[-5.91747,36.90185],[-5.91705,36.90418],[-5.91656,36.9067],[-5.91613,36.90911],[-5.91566,36.91162],[-5.91519,36.91412],[-5.91468,36.91691],[-5.91428,36.91896],[-5.91373,36.92189],[-5.91331,36.92416],[-5.91287,36.92652],[-5.91239,36.92908],[-5.91174,36.93253],[-5.91117,36.93557],[-5.91051,36.939],[-5.90995,36.94202],[-5.90943,36.94493],[-5.90895,36.9475],[-5.90855,36.94961],[-5.90797,36.95267],[-5.90746,36.95541],[-5.90694,36.95823],[-5.90637,36.96131],[-5.90574,36.96456],[-5.90531,36.96686],[-5.90482,36.96947],[-5.90427,36.97244],[-5.9037,36.97542],[-5.90318,36.97816],[-5.90274,36.98055],[-5.90216,36.98364],[-5.90161,36.98654],[-5.90108,36.98935],[-5.90051,36.99234],[-5.89992,36.99545],[-5.89945,36.99793],[-5.89901,37.00027],[-5.89846,37.00317],[-5.89793,37.00593],[-5.89746,37.00838],[-5.89704,37.01068],[-5.89672,37.01237],[-5.89622,37.01489],[-5.89577,37.01733],[-5.89536,37.01944],[-5.89497,37.02154],[-5.89454,37.02377],[-5.89399,37.02666],[-5.89343,37.02957],[-5.89295,37.03211],[-5.89239,37.03516],[-5.89182,37.03806],[-5.89133,37.04058],[-5.89078,37.0435],[-5.89023,37.04637],[-5.88971,37.04909],[-5.88924,37.05156],[-5.88875,37.05409],[-5.8882,37.05699],[-5.88769,37.05965],[-5.88717,37.06237],[-5.88662,37.06519],[-5.88609,37.06797],[-5.88564,37.0703],[-5.88513,37.07297],[-5.88462,37.07565],[-5.8841,37.07835],[-5.8836,37.081],[-5.88309,37.08364],[-5.88256,37.08638],[-5.88201,37.08927],[-5.88146,37.09212],[-5.88094,37.09489],[-5.88035,37.0979],[-5.87982,37.10068],[-5.87928,37.10353],[-5.87871,37.10645],[-5.87818,37.10915],[-5.87764,37.112],[-5.87714,37.11455],[-5.87679,37.11645],[-5.87587,37.11944]]}},{"type":"Feature","properties":{"id":"way/401373760","kind":"overhead","voltageClass":"medium","voltageKv":132,"name":"Línea de alta tensión Los Palacios - Sec_Pelp","circuits":1,"cables":"3","source":"osm"},"geometry":{"type":"LineString","coordinates":[[-5.88163,37.11853],[-5.88216,37.11775]]}},{"type":"Feature","properties":{"id":"way/401373763","kind":"overhead","voltageClass":"medium","voltageKv":132,"name":"Línea de alta tensión Los Palacios - Valme","circuits":1,"cables":"3","source":"osm"},"geometry":{"type":"LineString","coordinates":[[-5.88163,37.11853],[-5.88227,37.1178]]}},{"type":"Feature","properties":{"id":"way/401373797","kind":"overhead","voltageClass":"medium","voltageKv":132,"name":"Línea de alta tensión Los Palacios - Sec_Pelp y Los Palacios - Valme","circuits":2,"cables":"6","source":"osm"},"geometry":{"type":"LineString","coordinates":[[-5.87587,37.11944],[-5.87902,37.11895],[-5.88163,37.11853]]}},{"type":"Feature","properties":{"id":"way/401766755","kind":"overhead","voltageClass":"medium","voltageKv":132,"name":"Línea de alta tensión San José de la Rinconada - Santiponce","circuits":2,"cables":"6","source":"osm"},"geometry":{"type":"LineString","coordinates":[[-6.03985,37.4248],[-6.04047,37.42477],[-6.04351,37.42476],[-6.04602,37.42475],[-6.04784,37.42472],[-6.04858,37.42515],[-6.04912,37.426],[-6.05045,37.42814],[-6.05175,37.43018],[-6.05293,37.4321],[-6.05319,37.43411],[-6.05353,37.43629],[-6.05394,37.43931],[-6.05439,37.44228],[-6.05472,37.44457],[-6.05321,37.44617],[-6.05066,37.44888],[-6.04802,37.44948],[-6.04499,37.45017],[-6.04306,37.45063],[-6.04055,37.4512],[-6.03764,37.45188],[-6.03466,37.45259],[-6.0323,37.45313],[-6.03207,37.45319],[-6.03132,37.45336],[-6.03092,37.45345],[-6.02808,37.45411],[-6.02623,37.45453],[-6.02462,37.45491],[-6.02161,37.4556],[-6.01916,37.45596],[-6.01716,37.45563],[-6.01134,37.45419],[-6.00734,37.45319],[-6.00426,37.45243],[-6.00104,37.45159],[-5.99891,37.45108],[-5.9954,37.45045],[-5.99204,37.44985],[-5.98811,37.44966],[-5.98469,37.44949],[-5.9812,37.44932],[-5.9783,37.44802],[-5.97535,37.448],[-5.97215,37.4488],[-5.9693,37.44951],[-5.96679,37.45012],[-5.96451,37.45238],[-5.96268,37.45421],[-5.96131,37.45552],[-5.9602,37.45734],[-5.95926,37.45873],[-5.95696,37.4596],[-5.95499,37.46171],[-5.95291,37.46377],[-5.9507,37.46593],[-5.94849,37.46812],[-5.94636,37.47022],[-5.94406,37.47249],[-5.94184,37.47465],[-5.93964,37.47683],[-5.93749,37.47892]]}},{"type":"Feature","properties":{"id":"way/401766762","kind":"overhead","voltageClass":"medium","voltageKv":132,"name":"Línea de alta tensión Alcolea del Río - Grullas y Rivero - Setefilla","circuits":2,"cables":"6","source":"osm"},"geometry":{"type":"LineString","coordinates":[[-5.41893,37.70819],[-5.42191,37.70716],[-5.42511,37.70604],[-5.42721,37.70534],[-5.43037,37.70421],[-5.43303,37.7033],[-5.43635,37.70214],[-5.43931,37.70109],[-5.44241,37.70001],[-5.44559,37.69891],[-5.44868,37.69782],[-5.45183,37.69671],[-5.45496,37.69563],[-5.45824,37.69449],[-5.46124,37.69341],[-5.46393,37.69245],[-5.46684,37.69143],[-5.46988,37.69036],[-5.47214,37.68958],[-5.47741,37.68772],[-5.48005,37.6868],[-5.48217,37.68604],[-5.48413,37.68536],[-5.4871,37.68428],[-5.49025,37.68323],[-5.49309,37.68219],[-5.49874,37.68019],[-5.50175,37.67915],[-5.50489,37.67804],[-5.5075,37.67713],[-5.51065,37.67602],[-5.51376,37.67491],[-5.5171,37.67371],[-5.52019,37.67264],[-5.52344,37.67149],[-5.52643,37.67044],[-5.52982,37.66924],[-5.53263,37.66824],[-5.53533,37.66731],[-5.53767,37.66644],[-5.5404,37.66546],[-5.54302,37.66456],[-5.54611,37.66347],[-5.54882,37.66251]]}},{"type":"Feature","properties":{"id":"way/401766789","kind":"overhead","voltageClass":"medium","voltageKv":132,"name":"Línea de alta tensión Moratalla - Posadas y Rivero - Setefilla","circuits":2,"cables":"6","source":"osm"},"geometry":{"type":"LineString","coordinates":[[-5.20533,37.78924],[-5.20189,37.78996],[-5.1986,37.79069],[-5.19591,37.79129],[-5.19286,37.79198],[-5.19011,37.79252],[-5.18709,37.79318],[-5.18378,37.79393],[-5.1805,37.79464],[-5.17713,37.79535],[-5.1738,37.79609],[-5.17065,37.79674],[-5.16723,37.79753],[-5.16396,37.79823],[-5.16057,37.79896],[-5.15714,37.79968],[-5.15375,37.80042],[-5.15079,37.80107],[-5.14801,37.80166],[-5.1452,37.80226],[-5.14231,37.80287]]}},{"type":"Feature","properties":{"id":"way/401766793","kind":"overhead","voltageClass":"high","voltageKv":220,"name":"Línea de alta tensión Almodóvar del Río - Villanueva del Rey","circuits":1,"cables":"3","source":"osm"},"geometry":{"type":"LineString","coordinates":[[-5.22698,37.66676],[-5.22213,37.66911],[-5.21867,37.67054],[-5.21406,37.67244],[-5.20938,37.67438],[-5.20406,37.67659],[-5.19998,37.67828],[-5.19506,37.68032],[-5.19081,37.6821],[-5.18606,37.68409],[-5.18166,37.68583],[-5.1771,37.68776],[-5.17255,37.68968],[-5.16797,37.69161],[-5.16377,37.69339],[-5.15919,37.69532],[-5.15504,37.69707],[-5.15064,37.69893],[-5.14663,37.70066],[-5.14247,37.70243],[-5.13894,37.70394],[-5.13469,37.70575],[-5.131,37.70733],[-5.12667,37.70916],[-5.1218,37.71122],[-5.11829,37.7127],[-5.11445,37.71432],[-5.11073,37.71589],[-5.10659,37.71811],[-5.10248,37.72023],[-5.09843,37.72231],[-5.09454,37.72427],[-5.09093,37.72613],[-5.08757,37.72786],[-5.08254,37.73045],[-5.07865,37.73242],[-5.07449,37.73455],[-5.07068,37.73651],[-5.0675,37.73813],[-5.06326,37.74031],[-5.05924,37.74239],[-5.05465,37.74479],[-5.05061,37.7469],[-5.04642,37.74908],[-5.04229,37.75124],[-5.03757,37.7537],[-5.03427,37.75548],[-5.02979,37.75781],[-5.0277,37.75889]]}},{"type":"Feature","properties":{"id":"way/401766798","kind":"overhead","voltageClass":"low","voltageKv":66,"name":"Línea de alta tensión Salteras - Sanlúcar la Mayor","circuits":1,"cables":"3","source":"osm"},"geometry":{"type":"LineString","coordinates":[[-6.20444,37.39467],[-6.20379,37.39585],[-6.20334,37.39718],[-6.20181,37.39903],[-6.20053,37.40112],[-6.19884,37.40392],[-6.19763,37.40523],[-6.19542,37.40766],[-6.19336,37.40992],[-6.19157,37.41187],[-6.18882,37.4149],[-6.18718,37.41667],[-6.18471,37.4194],[-6.18219,37.42216],[-6.18003,37.42451],[-6.17765,37.42713]]}},{"type":"Feature","properties":{"id":"way/401766800","kind":"overhead","voltageClass":"medium","voltageKv":132,"name":"Línea de alta tensión Grullas - Moratalla y Rivero - Setefilla","circuits":2,"cables":"6","source":"osm"},"geometry":{"type":"LineString","coordinates":[[-5.28444,37.74618],[-5.2871,37.74474],[-5.28934,37.74353],[-5.29184,37.74213],[-5.29442,37.74117],[-5.29754,37.74],[-5.30042,37.73891],[-5.30326,37.73783],[-5.30609,37.73678],[-5.30935,37.73556],[-5.31239,37.73439],[-5.31501,37.73345],[-5.31818,37.73223],[-5.32118,37.73108],[-5.32433,37.72989],[-5.32781,37.72859],[-5.33069,37.72749],[-5.33358,37.72642],[-5.3362,37.72541],[-5.33866,37.72489],[-5.34174,37.72427],[-5.34481,37.72365],[-5.34743,37.7231],[-5.3503,37.7225],[-5.35383,37.72176],[-5.35656,37.72121],[-5.35965,37.72054],[-5.36282,37.71991],[-5.36627,37.71918],[-5.36945,37.71851],[-5.37274,37.71785],[-5.37606,37.71716],[-5.37949,37.71643],[-5.38289,37.71574],[-5.38636,37.71501],[-5.3872,37.71485],[-5.38977,37.7143],[-5.39198,37.71384],[-5.39388,37.71343],[-5.39693,37.71278],[-5.40026,37.71212],[-5.40332,37.71145],[-5.40632,37.71084],[-5.40905,37.71029],[-5.41236,37.70958],[-5.41551,37.70891],[-5.41893,37.70819]]}},{"type":"Feature","properties":{"id":"way/402361786","kind":"underground","voltageClass":"low","voltageKv":66,"name":null,"circuits":null,"cables":null,"source":"osm"},"geometry":{"type":"LineString","coordinates":[[-6.00472,37.36918],[-6.00354,37.36876],[-6.0035,37.36876],[-5.9998,37.36818],[-5.99993,37.36601]]}},{"type":"Feature","properties":{"id":"way/402361797","kind":"overhead","voltageClass":"low","voltageKv":66,"name":null,"circuits":2,"cables":"6","source":"osm"},"geometry":{"type":"LineString","coordinates":[[-6.04814,37.31315],[-6.04291,37.31672],[-6.04004,37.31843],[-6.0373,37.32003],[-6.03445,37.3217],[-6.03128,37.32358],[-6.02597,37.32671],[-6.0233,37.32826],[-6.01964,37.33045],[-6.01611,37.33249],[-6.01377,37.33368],[-6.01178,37.33473],[-6.0097,37.33602],[-6.0086,37.34184]]}},{"type":"Feature","properties":{"id":"way/402363582","kind":"overhead","voltageClass":"medium","voltageKv":132,"name":"Línea de alta tensión Alcores - Santa Elvira 1","circuits":1,"cables":"3","source":"osm"},"geometry":{"type":"LineString","coordinates":[[-5.92977,37.39198],[-5.92776,37.3924],[-5.92551,37.39141],[-5.9233,37.39043],[-5.92094,37.39043],[-5.91705,37.39043],[-5.91367,37.39043],[-5.91149,37.39012],[-5.9083,37.39049],[-5.90676,37.39071],[-5.90534,37.39091],[-5.90192,37.39047],[-5.89777,37.38995],[-5.89172,37.38898],[-5.88838,37.38844],[-5.88461,37.38783],[-5.88198,37.38777],[-5.87884,37.3877],[-5.875,37.38762],[-5.87379,37.38764],[-5.87171,37.38746],[-5.86842,37.38728],[-5.8652,37.38738],[-5.86196,37.38747],[-5.8581,37.38705]]}},{"type":"Feature","properties":{"id":"way/402363583","kind":"overhead","voltageClass":"medium","voltageKv":132,"name":"Línea de alta tensión Alcores - Santa Elvira","circuits":1,"cables":"3","source":"osm"},"geometry":{"type":"LineString","coordinates":[[-5.92977,37.39198],[-5.92692,37.39166],[-5.92343,37.39015],[-5.92083,37.39016],[-5.9171,37.39016],[-5.91373,37.39016],[-5.91144,37.38989],[-5.90841,37.39027],[-5.90559,37.3906],[-5.90395,37.3903],[-5.90093,37.38973],[-5.89754,37.38911],[-5.89133,37.38827],[-5.88827,37.38785],[-5.88463,37.38736],[-5.87849,37.38724],[-5.87503,37.38717],[-5.87203,37.38699],[-5.86887,37.38681],[-5.86248,37.38643],[-5.85964,37.38622],[-5.85767,37.38549],[-5.85726,37.38557]]}},{"type":"Feature","properties":{"id":"way/402369803","kind":"overhead","voltageClass":"high","voltageKv":220,"name":"Línea de alta tensión Alcores - Don Rodrigo","circuits":1,"cables":"3","source":"osm"},"geometry":{"type":"LineString","coordinates":[[-5.85389,37.38709],[-5.85537,37.38674]]}},{"type":"Feature","properties":{"id":"way/402369807","kind":"overhead","voltageClass":"medium","voltageKv":132,"name":null,"circuits":2,"cables":"6","source":"osm"},"geometry":{"type":"LineString","coordinates":[[-5.93065,37.39104],[-5.92977,37.39198]]}},{"type":"Feature","properties":{"id":"way/402369809","kind":"overhead","voltageClass":"low","voltageKv":66,"name":"Línea de alta tensión Alcores - Argón y Alcores - Espadillas - Giralt Laporta","circuits":2,"cables":"6","source":"osm"},"geometry":{"type":"LineString","coordinates":[[-5.85792,37.38631],[-5.8581,37.38413],[-5.85826,37.38209],[-5.85845,37.37969],[-5.85864,37.37746],[-5.85916,37.37513],[-5.85974,37.37265],[-5.86041,37.36976],[-5.86107,37.36697],[-5.86169,37.36429],[-5.86097,37.36139],[-5.86164,37.35974],[-5.86439,37.35675]]}},{"type":"Feature","properties":{"id":"way/402369811","kind":"overhead","voltageClass":"high","voltageKv":220,"name":"Línea de alta tensión Alcores - Gazules","circuits":1,"cables":"3","source":"osm"},"geometry":{"type":"LineString","coordinates":[[-5.85382,37.3868],[-5.85532,37.38661]]}},{"type":"Feature","properties":{"id":"way/402376112","kind":"overhead","voltageClass":"medium","voltageKv":132,"name":"Línea de alta tensión Alcores - Parque Aeronáutico","circuits":1,"cables":"3","source":"osm"},"geometry":{"type":"LineString","coordinates":[[-5.85577,37.43699],[-5.85546,37.43501],[-5.85373,37.43337],[-5.85192,37.43167],[-5.85203,37.4295],[-5.85216,37.42665],[-5.85231,37.42377],[-5.85244,37.42083],[-5.85256,37.41811],[-5.8527,37.4153],[-5.85284,37.41236],[-5.85295,37.40981],[-5.85305,37.40764],[-5.8532,37.40437],[-5.85334,37.40132],[-5.85345,37.39881],[-5.85359,37.39594],[-5.85375,37.39282],[-5.85388,37.38987],[-5.85394,37.3885],[-5.85535,37.38765],[-5.85743,37.38755],[-5.8581,37.38705]]}},{"type":"Feature","properties":{"id":"way/402376114","kind":"overhead","voltageClass":"medium","voltageKv":132,"name":"Línea de alta tensión Alcores - Parque Aeronáutico y EADS Casa - Parque Aeronáutico","circuits":2,"cables":"6","source":"osm"},"geometry":{"type":"LineString","coordinates":[[-5.85634,37.43853],[-5.85592,37.43858],[-5.85577,37.43699]]}},{"type":"Feature","properties":{"id":"way/402376123","kind":"overhead","voltageClass":"medium","voltageKv":132,"name":"Línea de alta tensión Águila - Calonge","circuits":1,"cables":"3","source":"osm"},"geometry":{"type":"LineString","coordinates":[[-5.96321,37.4517],[-5.96108,37.45292],[-5.95808,37.45493],[-5.9551,37.45693],[-5.95214,37.45892],[-5.94915,37.46091],[-5.94645,37.46271],[-5.94362,37.46459],[-5.9407,37.46654],[-5.93881,37.46755],[-5.93689,37.46858],[-5.9347,37.46974],[-5.93044,37.46945],[-5.92738,37.46923],[-5.92431,37.46902],[-5.92107,37.46881],[-5.9181,37.46727],[-5.9149,37.46562],[-5.91167,37.46395],[-5.90847,37.4623],[-5.90521,37.46061],[-5.9029,37.45941],[-5.90038,37.4581],[-5.89653,37.45733],[-5.89324,37.45668],[-5.88954,37.45595],[-5.88581,37.4552],[-5.8822,37.45387],[-5.87837,37.45244],[-5.87454,37.45102],[-5.8711,37.44975],[-5.868,37.4486],[-5.86586,37.4472],[-5.86305,37.44535],[-5.85974,37.44318],[-5.85714,37.44146],[-5.85408,37.43944],[-5.85123,37.43757],[-5.84828,37.43561],[-5.84749,37.43264],[-5.84678,37.43004],[-5.84431,37.42757],[-5.84166,37.42491],[-5.84105,37.42327],[-5.84028,37.42121],[-5.83933,37.41866],[-5.83848,37.4164],[-5.83748,37.41376],[-5.83635,37.41068],[-5.83547,37.40835],[-5.83451,37.40578],[-5.83369,37.40359],[-5.83255,37.40144],[-5.83117,37.39883],[-5.82958,37.39581],[-5.82826,37.39333],[-5.82687,37.3907],[-5.82536,37.38785],[-5.82388,37.38505],[-5.82252,37.3825],[-5.8213,37.38021],[-5.82015,37.37802],[-5.81922,37.37627],[-5.81893,37.37416]]}},{"type":"Feature","properties":{"id":"way/402376125","kind":"overhead","voltageClass":"low","voltageKv":66,"name":null,"circuits":2,"cables":"6","source":"osm"},"geometry":{"type":"LineString","coordinates":[[-5.9849,37.41799],[-5.98504,37.41803],[-5.98719,37.41892],[-5.98752,37.42103],[-5.98801,37.42204],[-5.98861,37.42329],[-5.98954,37.42524],[-5.99063,37.4262],[-5.99246,37.42811],[-5.99183,37.43016],[-5.99124,37.43194]]}},{"type":"Feature","properties":{"id":"way/402376127","kind":"overhead","voltageClass":"medium","voltageKv":132,"name":"Línea de alta tensión Aeropuerto de Sevilla - Parque Aeronáutico","circuits":1,"cables":"3","source":"osm"},"geometry":{"type":"LineString","coordinates":[[-5.87026,37.44679],[-5.86671,37.44557],[-5.86471,37.44369],[-5.86256,37.44167],[-5.86029,37.43954],[-5.85864,37.43798],[-5.85649,37.43849],[-5.85648,37.4384]]}},{"type":"Feature","properties":{"id":"way/402790818","kind":"overhead","voltageClass":"low","voltageKv":66,"name":null,"circuits":2,"cables":"6","source":"osm"},"geometry":{"type":"LineString","coordinates":[[-5.92382,37.37285],[-5.92071,37.37214],[-5.91772,37.37145],[-5.91541,37.36974],[-5.91309,37.36803],[-5.91071,37.36626],[-5.90827,37.36467],[-5.90524,37.36419],[-5.90284,37.36327],[-5.90022,37.36228]]}},{"type":"Feature","properties":{"id":"way/402790822","kind":"underground","voltageClass":"low","voltageKv":66,"name":null,"circuits":2,"cables":"6","source":"osm"},"geometry":{"type":"LineString","coordinates":[[-5.93495,37.39262],[-5.93761,37.39319]]}},{"type":"Feature","properties":{"id":"way/402790827","kind":"overhead","voltageClass":"low","voltageKv":66,"name":null,"circuits":2,"cables":"6","source":"osm"},"geometry":{"type":"LineString","coordinates":[[-5.93092,37.39076],[-5.93152,37.392],[-5.93357,37.39289],[-5.93495,37.39262]]}},{"type":"Feature","properties":{"id":"way/402790831","kind":"overhead","voltageClass":"low","voltageKv":66,"name":null,"circuits":2,"cables":"6","source":"osm"},"geometry":{"type":"LineString","coordinates":[[-5.87138,37.34879],[-5.87293,37.34752]]}},{"type":"Feature","properties":{"id":"way/402790833","kind":"overhead","voltageClass":"low","voltageKv":66,"name":null,"circuits":2,"cables":"6","source":"osm"},"geometry":{"type":"LineString","coordinates":[[-5.8864,37.35662],[-5.8851,37.35845],[-5.88441,37.3594]]}},{"type":"Feature","properties":{"id":"way/402790838","kind":"underground","voltageClass":"low","voltageKv":66,"name":null,"circuits":2,"cables":"6","source":"osm"},"geometry":{"type":"LineString","coordinates":[[-5.95948,37.38822],[-5.9589,37.39017],[-5.95791,37.39101]]}},{"type":"Feature","properties":{"id":"way/402790841","kind":"overhead","voltageClass":"low","voltageKv":66,"name":null,"circuits":2,"cables":"6","source":"osm"},"geometry":{"type":"LineString","coordinates":[[-5.90022,37.36228],[-5.89909,37.36552],[-5.89823,37.36797]]}},{"type":"Feature","properties":{"id":"way/402790843","kind":"overhead","voltageClass":"low","voltageKv":66,"name":null,"circuits":1,"cables":"3","source":"osm"},"geometry":{"type":"LineString","coordinates":[[-5.93385,37.38668],[-5.93375,37.38911],[-5.93108,37.38927],[-5.93122,37.38964]]}},{"type":"Feature","properties":{"id":"way/402790845","kind":"overhead","voltageClass":"low","voltageKv":66,"name":null,"circuits":1,"cables":"3","source":"osm"},"geometry":{"type":"LineString","coordinates":[[-5.93385,37.38668],[-5.93378,37.38915],[-5.93118,37.38936],[-5.93128,37.38963]]}},{"type":"Feature","properties":{"id":"way/402790848","kind":"underground","voltageClass":"low","voltageKv":66,"name":null,"circuits":2,"cables":"6","source":"osm"},"geometry":{"type":"LineString","coordinates":[[-5.93352,37.37818],[-5.93347,37.37748],[-5.93001,37.37509],[-5.92953,37.37476],[-5.92485,37.37254],[-5.92382,37.37285]]}},{"type":"Feature","properties":{"id":"way/402790850","kind":"overhead","voltageClass":"low","voltageKv":66,"name":null,"circuits":2,"cables":"6","source":"osm"},"geometry":{"type":"LineString","coordinates":[[-5.93385,37.38668],[-5.93391,37.38501],[-5.93396,37.38331],[-5.9338,37.38146],[-5.93362,37.37948],[-5.93352,37.37818]]}},{"type":"Feature","properties":{"id":"way/402790855","kind":"overhead","voltageClass":"low","voltageKv":66,"name":null,"circuits":2,"cables":"6","source":"osm"},"geometry":{"type":"LineString","coordinates":[[-5.87138,37.34879],[-5.86975,37.35019],[-5.8688,37.35098],[-5.86821,37.35304],[-5.86621,37.35367],[-5.866,37.35506]]}},{"type":"Feature","properties":{"id":"way/402790858","kind":"overhead","voltageClass":"low","voltageKv":66,"name":null,"circuits":2,"cables":"6","source":"osm"},"geometry":{"type":"LineString","coordinates":[[-5.90022,37.36228],[-5.8978,37.36136],[-5.89511,37.36034],[-5.89235,37.35929],[-5.89,37.35824],[-5.88778,37.35724],[-5.8864,37.35662]]}},{"type":"Feature","properties":{"id":"way/402790861","kind":"overhead","voltageClass":"low","voltageKv":66,"name":null,"circuits":2,"cables":"6","source":"osm"},"geometry":{"type":"LineString","coordinates":[[-5.8864,37.35662],[-5.88555,37.35625],[-5.88343,37.35529],[-5.88096,37.35421],[-5.87856,37.35293],[-5.8759,37.3515],[-5.87393,37.35043]]}},{"type":"Feature","properties":{"id":"way/402979213","kind":"overhead","voltageClass":"medium","voltageKv":132,"name":null,"circuits":1,"cables":"3","source":"osm"},"geometry":{"type":"LineString","coordinates":[[-4.70991,37.91607],[-4.70926,37.91564]]}},{"type":"Feature","properties":{"id":"way/402979216","kind":"overhead","voltageClass":"medium","voltageKv":132,"name":null,"circuits":1,"cables":"3","source":"osm"},"geometry":{"type":"LineString","coordinates":[[-4.70936,37.91639],[-4.70878,37.9159]]}},{"type":"Feature","properties":{"id":"way/402979222","kind":"overhead","voltageClass":"high","voltageKv":220,"name":null,"circuits":null,"cables":"3","source":"osm"},"geometry":{"type":"LineString","coordinates":[[-4.69611,37.92539],[-4.69219,37.92616],[-4.69199,37.92572]]}},{"type":"Feature","properties":{"id":"way/402979224","kind":"overhead","voltageClass":"medium","voltageKv":132,"name":null,"circuits":1,"cables":"3","source":"osm"},"geometry":{"type":"LineString","coordinates":[[-4.70926,37.91564],[-4.70981,37.91613]]}},{"type":"Feature","properties":{"id":"way/402979227","kind":"overhead","voltageClass":"medium","voltageKv":132,"name":null,"circuits":1,"cables":"3","source":"osm"},"geometry":{"type":"LineString","coordinates":[[-4.7091,37.91572],[-4.7097,37.91619]]}},{"type":"Feature","properties":{"id":"way/402979230","kind":"overhead","voltageClass":"medium","voltageKv":132,"name":null,"circuits":1,"cables":"3","source":"osm"},"geometry":{"type":"LineString","coordinates":[[-4.70878,37.9159],[-4.70925,37.91645]]}},{"type":"Feature","properties":{"id":"way/402979233","kind":"overhead","voltageClass":"medium","voltageKv":132,"name":"Línea de alta tensión Casillas - Lancha 2 y Casillas - Puente Nuevo","circuits":2,"cables":"6","source":"osm"},"geometry":{"type":"LineString","coordinates":[[-4.81272,37.85694],[-4.81313,37.8549]]}},{"type":"Feature","properties":{"id":"way/402979237","kind":"overhead","voltageClass":"medium","voltageKv":132,"name":null,"circuits":1,"cables":"3","source":"osm"},"geometry":{"type":"LineString","coordinates":[[-4.70959,37.91626],[-4.7091,37.91572]]}},{"type":"Feature","properties":{"id":"way/402979245","kind":"overhead","voltageClass":"medium","voltageKv":132,"name":"Línea de alta tensión Lancha - Rivero","circuits":2,"cables":"6","source":"osm"},"geometry":{"type":"LineString","coordinates":[[-4.81313,37.8549],[-4.81405,37.85508],[-4.81684,37.85559],[-4.82016,37.85624],[-4.82362,37.85688],[-4.82617,37.85738],[-4.82903,37.85793],[-4.83178,37.85844],[-4.83517,37.85909],[-4.83858,37.85973],[-4.84195,37.86037],[-4.84542,37.86104],[-4.84851,37.86175],[-4.85165,37.86248],[-4.85477,37.86321],[-4.85796,37.86395],[-4.86011,37.86445],[-4.86307,37.86514],[-4.86558,37.86573],[-4.86884,37.86647],[-4.87096,37.86697],[-4.87432,37.86776],[-4.87682,37.86834],[-4.87992,37.86726],[-4.88292,37.86619],[-4.88602,37.86509],[-4.88892,37.86406],[-4.89138,37.86319],[-4.89429,37.86216],[-4.89737,37.86106],[-4.90057,37.85993],[-4.90374,37.8588],[-4.90543,37.85843]]}},{"type":"Feature","properties":{"id":"way/402979251","kind":"overhead","voltageClass":"high","voltageKv":220,"name":"Línea de alta tensión Almodóvar del Río - Casillas","circuits":1,"cables":"3","source":"osm"},"geometry":{"type":"LineString","coordinates":[[-4.81314,37.8576],[-4.81294,37.85696]]}},{"type":"Feature","properties":{"id":"way/402979255","kind":"overhead","voltageClass":"high","voltageKv":220,"name":"Línea de alta tensión Casillas - Lancha","circuits":1,"cables":"3","source":"osm"},"geometry":{"type":"LineString","coordinates":[[-4.81294,37.85696],[-4.81299,37.85759]]}},{"type":"Feature","properties":{"id":"way/402979262","kind":"overhead","voltageClass":"medium","voltageKv":132,"name":null,"circuits":2,"cables":"6","source":"osm"},"geometry":{"type":"LineString","coordinates":[[-4.68228,37.93169],[-4.68361,37.93097],[-4.68533,37.92992],[-4.68743,37.92879],[-4.68905,37.92793],[-4.69083,37.92696]]}},{"type":"Feature","properties":{"id":"way/403153009","kind":"overhead","voltageClass":"medium","voltageKv":132,"name":"Línea de alta tensión Dos Hermanas - Valme y Palacios - Valme","circuits":2,"cables":"6","source":"osm"},"geometry":{"type":"LineString","coordinates":[[-5.88671,37.25213],[-5.89011,37.25303],[-5.89437,37.25417],[-5.89698,37.25487],[-5.89845,37.2552],[-5.90193,37.25597],[-5.90627,37.25694],[-5.91016,37.25781],[-5.91352,37.25855],[-5.91738,37.25941]]}},{"type":"Feature","properties":{"id":"way/403153010","kind":"overhead","voltageClass":"medium","voltageKv":132,"name":null,"circuits":1,"cables":"3","source":"osm"},"geometry":{"type":"LineString","coordinates":[[-5.88671,37.25213],[-5.88608,37.25545],[-5.88561,37.25792],[-5.88463,37.26355],[-5.88423,37.2662],[-5.88386,37.26868],[-5.88312,37.27073],[-5.88223,37.2732],[-5.88144,37.27541],[-5.88059,37.27778],[-5.87964,37.28042],[-5.87872,37.283],[-5.87773,37.28574],[-5.87685,37.2882],[-5.87676,37.28852],[-5.87816,37.28991]]}},{"type":"Feature","properties":{"id":"way/403153011","kind":"overhead","voltageClass":"medium","voltageKv":132,"name":null,"circuits":1,"cables":"3","source":"osm"},"geometry":{"type":"LineString","coordinates":[[-5.87816,37.28991],[-5.87598,37.28942],[-5.87359,37.2889],[-5.87109,37.28927],[-5.86758,37.28979],[-5.86369,37.29037],[-5.86122,37.29073],[-5.85717,37.29133],[-5.85483,37.29277],[-5.85215,37.29441],[-5.84922,37.29622],[-5.8463,37.29801],[-5.8434,37.29979],[-5.84051,37.30157],[-5.83755,37.30338],[-5.8355,37.30512],[-5.83312,37.30711],[-5.83055,37.30928],[-5.8284,37.31109],[-5.82628,37.31287],[-5.82372,37.31503],[-5.8221,37.31669],[-5.81961,37.31925],[-5.8179,37.32102],[-5.8155,37.32347],[-5.81365,37.32537],[-5.8113,37.32954],[-5.81128,37.33037],[-5.8101,37.33068],[-5.80878,37.33039],[-5.8067,37.33253],[-5.80479,37.33451],[-5.80411,37.33579]]}},{"type":"Feature","properties":{"id":"way/403159215","kind":"underground","voltageClass":"low","voltageKv":66,"name":null,"circuits":null,"cables":null,"source":"osm"},"geometry":{"type":"LineString","coordinates":[[-6.01989,37.39287],[-6.0184,37.3927],[-6.0154,37.392],[-6.01281,37.39174]]}},{"type":"Feature","properties":{"id":"way/403159217","kind":"overhead","voltageClass":"low","voltageKv":66,"name":null,"circuits":1,"cables":"3","source":"osm"},"geometry":{"type":"LineString","coordinates":[[-6.01989,37.39287],[-6.01988,37.39216],[-6.02391,37.39172],[-6.02572,37.39153],[-6.02942,37.39045],[-6.03429,37.38959],[-6.03827,37.38843],[-6.03971,37.38936],[-6.03995,37.38972]]}},{"type":"Feature","properties":{"id":"way/426398298","kind":"overhead","voltageClass":"medium","voltageKv":132,"name":"Línea de alta tensión Alcolea del Río - Valle Inferior del Guadalquivir","circuits":1,"cables":"3","source":"osm"},"geometry":{"type":"LineString","coordinates":[[-5.66988,37.62145],[-5.66909,37.62079],[-5.67138,37.61984]]}},{"type":"Feature","properties":{"id":"way/426398395","kind":"overhead","voltageClass":"medium","voltageKv":132,"name":"Línea de alta tensión Alcolea del Río - Grullas","circuits":1,"cables":"3","source":"osm"},"geometry":{"type":"LineString","coordinates":[[-5.66846,37.6207],[-5.66909,37.62079],[-5.66982,37.62152]]}},{"type":"Feature","properties":{"id":"way/442473881","kind":"overhead","voltageClass":"low","voltageKv":66,"name":"Línea de alta tensión Peñarroya - Puente Nuevo 1 y Peñarroya - Puente Nuevo 2","circuits":2,"cables":"6","source":"osm"},"geometry":{"type":"LineString","coordinates":[[-5.27679,38.29394],[-5.27612,38.29233],[-5.27527,38.29023],[-5.27363,38.2893],[-5.27161,38.28817],[-5.26887,38.28797],[-5.2648,38.28769],[-5.26139,38.28744],[-5.25826,38.28721],[-5.25475,38.28695],[-5.25035,38.28664],[-5.24778,38.28644],[-5.24489,38.28624],[-5.24304,38.2861],[-5.24009,38.28589],[-5.23775,38.28572],[-5.23435,38.28548],[-5.23177,38.28529],[-5.22867,38.28506],[-5.22632,38.28489],[-5.22329,38.28467],[-5.21833,38.2843],[-5.21473,38.28404],[-5.212,38.28384],[-5.20967,38.28368],[-5.20528,38.28335],[-5.20394,38.28269],[-5.19951,38.28047],[-5.19628,38.27886],[-5.19383,38.27764],[-5.19081,38.27613],[-5.18715,38.2743],[-5.18426,38.27286],[-5.18175,38.27161],[-5.17916,38.27031],[-5.17716,38.26931],[-5.17445,38.26796],[-5.1718,38.26663],[-5.16967,38.26557],[-5.16707,38.26427],[-5.16475,38.26311],[-5.1621,38.26178],[-5.15919,38.26033],[-5.15703,38.25924],[-5.15481,38.25814],[-5.15241,38.25938],[-5.14997,38.26066],[-5.14763,38.26188],[-5.1424,38.2646],[-5.14114,38.26525],[-5.13988,38.26461],[-5.13526,38.26232],[-5.13242,38.2609],[-5.12931,38.25935],[-5.12727,38.25832],[-5.12453,38.25697],[-5.1227,38.25605],[-5.11988,38.25464],[-5.11889,38.25399],[-5.11612,38.25276],[-5.11292,38.25117],[-5.11139,38.25041],[-5.10725,38.24833],[-5.10493,38.24717],[-5.10375,38.24458],[-5.10261,38.24339],[-5.09873,38.23932],[-5.09651,38.23698],[-5.09541,38.232],[-5.09469,38.22877],[-5.09409,38.22606],[-5.09033,38.22366],[-5.08579,38.22077],[-5.08383,38.21952],[-5.08116,38.21783],[-5.07962,38.21685],[-5.07756,38.21554],[-5.07501,38.21392],[-5.07237,38.21224],[-5.06979,38.2106],[-5.06634,38.20841],[-5.06422,38.20706],[-5.06155,38.20535],[-5.05956,38.20409],[-5.05519,38.20131],[-5.05282,38.19977],[-5.05015,38.19811],[-5.04845,38.19702],[-5.04621,38.1956],[-5.044,38.19419],[-5.03947,38.19131],[-5.03723,38.18988],[-5.03435,38.1879],[-5.03236,38.18678],[-5.03016,38.18539],[-5.0281,38.18407],[-5.0259,38.18268],[-5.02187,38.1801],[-5.01873,38.1781],[-5.01728,38.17717],[-5.01424,38.17523],[-5.01284,38.17435],[-5.01096,38.17322],[-5.00834,38.17164],[-5.00562,38.17001],[-5.00403,38.16906],[-5.00226,38.168],[-5.00051,38.16696],[-4.99586,38.16416],[-4.99397,38.16303],[-4.9922,38.16196],[-4.98952,38.16035],[-4.98721,38.15897],[-4.98383,38.15693],[-4.98212,38.1559],[-4.98048,38.15493],[-4.97809,38.15349],[-4.97613,38.15231],[-4.97436,38.15124],[-4.96971,38.14847],[-4.96534,38.14582],[-4.96234,38.14402],[-4.95928,38.14217],[-4.95763,38.14119],[-4.95491,38.13955],[-4.95287,38.13833],[-4.95002,38.13662],[-4.94711,38.13293],[-4.94424,38.12868],[-4.94347,38.12757],[-4.94254,38.1262],[-4.94129,38.12437],[-4.9389,38.12084],[-4.93647,38.11821],[-4.93407,38.1156],[-4.93228,38.11366],[-4.93229,38.1123]]}},{"type":"Feature","properties":{"id":"way/442473882","kind":"overhead","voltageClass":"medium","voltageKv":132,"name":"Línea de alta tensión Lancha - Puente Nuevo 1 y Lancha - Puente Nuevo 2","circuits":2,"cables":"6","source":"osm"},"geometry":{"type":"LineString","coordinates":[[-4.93373,38.11121],[-4.93317,38.11192],[-4.93177,38.11357],[-4.92809,38.11415],[-4.92523,38.1133],[-4.92168,38.11223],[-4.9158,38.11046],[-4.91118,38.10907],[-4.90435,38.10702],[-4.90248,38.10621],[-4.89702,38.10391],[-4.89378,38.10254],[-4.88765,38.09993],[-4.88496,38.09879],[-4.88044,38.09687],[-4.87685,38.09534],[-4.87259,38.09354],[-4.86749,38.09137],[-4.86392,38.08985],[-4.86153,38.08883],[-4.86027,38.0883],[-4.85635,38.0858],[-4.85297,38.08366],[-4.84959,38.08152],[-4.84568,38.07903],[-4.84251,38.07703],[-4.83899,38.07479],[-4.83546,38.07255],[-4.83176,38.0702],[-4.82831,38.06802],[-4.82494,38.06587],[-4.8212,38.06349],[-4.81869,38.06079],[-4.81578,38.05766],[-4.81309,38.05478],[-4.81036,38.05184],[-4.80816,38.04946],[-4.80517,38.04624],[-4.8028,38.04371],[-4.79954,38.04018],[-4.79624,38.03762],[-4.79343,38.03544],[-4.78967,38.03254],[-4.78729,38.03068],[-4.78492,38.02884],[-4.78269,38.02712],[-4.78142,38.02546],[-4.77987,38.02342],[-4.77711,38.0198],[-4.77496,38.01698],[-4.77218,38.01334],[-4.77002,38.0105],[-4.76775,38.00753],[-4.76428,38.00296],[-4.76153,38.00064],[-4.75745,37.99721],[-4.7544,37.99463],[-4.74998,37.99091],[-4.74661,37.98706],[-4.7438,37.98384],[-4.74178,37.98152],[-4.73835,37.97761],[-4.7364,37.97538],[-4.73437,37.97306],[-4.73112,37.96935],[-4.72674,37.96432],[-4.72538,37.96278],[-4.72458,37.96096],[-4.72268,37.95666],[-4.72144,37.95387],[-4.72001,37.9506],[-4.71843,37.94704],[-4.71736,37.94465],[-4.71543,37.94019],[-4.71398,37.93694],[-4.71241,37.93335],[-4.71078,37.92968],[-4.7091,37.92589],[-4.70808,37.92355],[-4.70848,37.92058],[-4.70889,37.91756]]}},{"type":"Feature","properties":{"id":"way/513869632","kind":"overhead","voltageClass":"low","voltageKv":66,"name":"Línea de alta tensión El Álamo - Robledillo","circuits":1,"cables":"3","source":"osm"},"geometry":{"type":"LineString","coordinates":[[-4.93622,37.08521],[-4.93717,37.08483],[-4.93997,37.08249],[-4.94332,37.08269],[-4.94636,37.08078],[-4.94879,37.07926],[-4.95171,37.07743],[-4.95432,37.0758],[-4.95759,37.0768],[-4.96417,37.07882],[-4.96738,37.0798],[-4.97242,37.08135],[-4.978,37.08306],[-4.98483,37.08654],[-4.98766,37.08722],[-4.99094,37.08801],[-4.99816,37.08975],[-5.00098,37.09043],[-5.00408,37.09261],[-5.00695,37.09462],[-5.00898,37.09604],[-5.01136,37.09747],[-5.01469,37.09945],[-5.01771,37.10124],[-5.02012,37.10267],[-5.02364,37.10477],[-5.02652,37.10647],[-5.02972,37.10837],[-5.03242,37.10981],[-5.03529,37.11134],[-5.04016,37.11393],[-5.04456,37.11626],[-5.04921,37.11873],[-5.05254,37.1205],[-5.05479,37.12169],[-5.05802,37.12294],[-5.06446,37.12544],[-5.06877,37.12711],[-5.07477,37.12943],[-5.07802,37.13032],[-5.08173,37.13134],[-5.08684,37.13274],[-5.08867,37.13323],[-5.09111,37.13559],[-5.09343,37.13781],[-5.0955,37.13979],[-5.09759,37.14179],[-5.09996,37.14405],[-5.10054,37.1446],[-5.10068,37.14454]]}},{"type":"Feature","properties":{"id":"way/514681797","kind":"overhead","voltageClass":"low","voltageKv":66,"name":"Línea de alta tensión Isla Redonda - Los Humosos","circuits":1,"cables":"3","source":"osm"},"geometry":{"type":"LineString","coordinates":[[-4.99884,37.51279],[-4.99692,37.51169],[-4.9946,37.51037],[-4.99202,37.5089],[-4.98912,37.50724],[-4.98623,37.5056],[-4.98407,37.50437],[-4.98036,37.50226],[-4.977,37.50034],[-4.9738,37.49851],[-4.97176,37.49735],[-4.9694,37.49601],[-4.96773,37.49506],[-4.96638,37.49428],[-4.96277,37.49222],[-4.95942,37.49032],[-4.95752,37.48922],[-4.95459,37.48756],[-4.95174,37.48593],[-4.94911,37.48443],[-4.94583,37.48255],[-4.94258,37.48071],[-4.93963,37.47902],[-4.9366,37.4773],[-4.9339,37.47575],[-4.93149,37.47438],[-4.929,37.47295],[-4.92676,37.47168],[-4.92482,37.47057],[-4.92235,37.46916],[-4.91896,37.46722],[-4.91694,37.46607],[-4.91477,37.46483],[-4.91307,37.46387],[-4.91158,37.46301],[-4.90778,37.46085],[-4.90511,37.45931],[-4.90256,37.45786],[-4.9008,37.45686],[-4.89999,37.45571]]}},{"type":"Feature","properties":{"id":"way/553560545","kind":"overhead","voltageClass":"low","voltageKv":66,"name":null,"circuits":1,"cables":"3","source":"osm"},"geometry":{"type":"LineString","coordinates":[[-6.07297,36.95328],[-6.07304,36.95291],[-6.07117,36.95401],[-6.0716,36.95717],[-6.07093,36.95874],[-6.07008,36.96075],[-6.0694,36.96238],[-6.06867,36.96409],[-6.06854,36.96438]]}},{"type":"Feature","properties":{"id":"way/591872259","kind":"overhead","voltageClass":"medium","voltageKv":132,"name":"Línea de alta tensión Águila - Calonge y Calonge - Santiponce","circuits":2,"cables":"6","source":"osm"},"geometry":{"type":"LineString","coordinates":[[-5.96104,37.41162],[-5.96093,37.41448],[-5.96247,37.41643],[-5.96183,37.41801],[-5.96128,37.41942],[-5.95999,37.42111],[-5.95873,37.42277],[-5.95812,37.42502],[-5.95902,37.42705],[-5.96024,37.42978],[-5.96142,37.43243],[-5.9626,37.43501],[-5.96379,37.4377],[-5.96473,37.43979],[-5.96618,37.44302],[-5.96731,37.44554],[-5.96799,37.44707],[-5.96857,37.44836]]}},{"type":"Feature","properties":{"id":"way/664708679","kind":"overhead","voltageClass":"high","voltageKv":220,"name":"Línea de alta tensión Aljarafe - Rocío","circuits":1,"cables":"6","source":"osm"},"geometry":{"type":"LineString","coordinates":[[-6.49399,37.14496],[-6.49425,37.14525],[-6.49209,37.14798],[-6.48907,37.15186],[-6.48557,37.15394],[-6.48242,37.15582],[-6.47868,37.15805],[-6.475,37.16025],[-6.47075,37.16277],[-6.46676,37.16513],[-6.46476,37.1696],[-6.46553,37.17278],[-6.46641,37.17639],[-6.46741,37.18043],[-6.46843,37.18459],[-6.46925,37.188],[-6.47005,37.19127],[-6.46947,37.19335],[-6.46585,37.19604],[-6.46221,37.19878],[-6.46062,37.20198],[-6.45894,37.20537],[-6.45735,37.20852],[-6.4557,37.21187],[-6.45411,37.21509],[-6.45267,37.21797],[-6.45081,37.2217],[-6.4492,37.22497],[-6.4475,37.22836],[-6.44593,37.23153],[-6.44423,37.23492],[-6.44438,37.23896],[-6.44455,37.24363],[-6.4447,37.24794],[-6.44484,37.2521],[-6.44501,37.25669],[-6.44517,37.26096],[-6.44528,37.2642],[-6.44804,37.26795],[-6.45057,37.2714],[-6.45298,37.27468],[-6.45543,37.27802],[-6.45767,37.28106],[-6.4575,37.28411],[-6.45731,37.28704],[-6.45861,37.29026],[-6.46023,37.29421],[-6.46184,37.29815],[-6.46345,37.30214],[-6.46516,37.3062],[-6.46474,37.30932],[-6.46343,37.3116],[-6.45851,37.31329],[-6.45335,37.31506],[-6.44873,37.31665],[-6.44381,37.31834],[-6.43958,37.32207],[-6.43394,37.32396],[-6.43139,37.32611],[-6.42777,37.32915],[-6.42417,37.3322],[-6.42067,37.33515],[-6.41538,37.33702],[-6.41021,37.33885],[-6.40529,37.34057],[-6.40027,37.34234],[-6.39505,37.34279],[-6.38983,37.34325],[-6.3867,37.34352],[-6.38467,37.3437],[-6.38148,37.34595],[-6.37789,37.34847],[-6.37455,37.3508],[-6.37029,37.35129],[-6.36623,37.35175],[-6.36132,37.35118],[-6.35653,37.35064],[-6.3517,37.35008],[-6.34657,37.34949],[-6.34141,37.3489],[-6.33618,37.3483],[-6.33018,37.34932],[-6.32528,37.35016],[-6.32,37.34917],[-6.31501,37.34825],[-6.30931,37.34719],[-6.30446,37.34629],[-6.29906,37.34528],[-6.29334,37.34422],[-6.28831,37.34327],[-6.28248,37.34219],[-6.27701,37.34238],[-6.2724,37.34254],[-6.26739,37.34271],[-6.26171,37.34102],[-6.25657,37.3395],[-6.25093,37.33956],[-6.24543,37.33962],[-6.24053,37.33967],[-6.2366,37.33697],[-6.23191,37.33374],[-6.22941,37.33202],[-6.22712,37.33045],[-6.22302,37.32973],[-6.21788,37.32883],[-6.21258,37.32791],[-6.20778,37.32706],[-6.20293,37.32622],[-6.19833,37.32541],[-6.19313,37.32451],[-6.18842,37.32367],[-6.1843,37.32392],[-6.17787,37.32432],[-6.17266,37.32464],[-6.16757,37.32495],[-6.16313,37.32523],[-6.16009,37.32406],[-6.15709,37.3229],[-6.15519,37.31962],[-6.15359,37.31687],[-6.15192,37.31398],[-6.1501,37.31084],[-6.14717,37.30962],[-6.14339,37.30981],[-6.14019,37.30998],[-6.13742,37.31225],[-6.13428,37.31484],[-6.13167,37.31698],[-6.12973,37.3196],[-6.12787,37.32212],[-6.1256,37.32513],[-6.12383,37.3275],[-6.12272,37.33035],[-6.12154,37.33341],[-6.12024,37.33678],[-6.11937,37.33903],[-6.11546,37.34212],[-6.11253,37.34442],[-6.10885,37.34732],[-6.10563,37.34874],[-6.1038,37.3484],[-6.10008,37.34772],[-6.0977,37.34633],[-6.09529,37.34494],[-6.09505,37.34468]]}},{"type":"Feature","properties":{"id":"way/664935364","kind":"overhead","voltageClass":"low","voltageKv":66,"name":null,"circuits":1,"cables":"3","source":"osm"},"geometry":{"type":"LineString","coordinates":[[-5.97701,37.31921],[-5.9776,37.32005],[-5.97867,37.32163],[-5.98021,37.32387],[-5.98229,37.3269],[-5.98229,37.3269]]}},{"type":"Feature","properties":{"id":"way/664935366","kind":"overhead","voltageClass":"low","voltageKv":66,"name":"Línea de alta tensión Dos Hermanas - Fuente del Rey 1 y Dos Hermanas - Fuente del Rey 2","circuits":2,"cables":"6","source":"osm"},"geometry":{"type":"LineString","coordinates":[[-5.98693,37.30427],[-5.98701,37.30593],[-5.98974,37.30704],[-5.98783,37.31008],[-5.98659,37.31206],[-5.98564,37.31354],[-5.98354,37.31336],[-5.98201,37.31323],[-5.97825,37.31291],[-5.97793,37.31581],[-5.97758,37.31877],[-5.97701,37.31921],[-5.97458,37.31791],[-5.97224,37.31666],[-5.96968,37.31528],[-5.96748,37.31521],[-5.96513,37.31564],[-5.96289,37.31604],[-5.96093,37.3164],[-5.95885,37.31678],[-5.95729,37.31707],[-5.95483,37.31751],[-5.95282,37.31786],[-5.94981,37.31841],[-5.94756,37.31882],[-5.94554,37.31916],[-5.94297,37.3196]]}},{"type":"Feature","properties":{"id":"way/667550291","kind":"overhead","voltageClass":"unknown","voltageKv":null,"name":null,"circuits":null,"cables":null,"source":"osm"},"geometry":{"type":"LineString","coordinates":[[-5.95346,37.98396],[-5.95247,37.98364],[-5.9525,37.98325],[-5.95308,37.98327]]}},{"type":"Feature","properties":{"id":"way/667550293","kind":"overhead","voltageClass":"unknown","voltageKv":null,"name":null,"circuits":null,"cables":null,"source":"osm"},"geometry":{"type":"LineString","coordinates":[[-5.96056,37.98618],[-5.95308,37.98327]]}},{"type":"Feature","properties":{"id":"way/667550294","kind":"overhead","voltageClass":"unknown","voltageKv":null,"name":null,"circuits":null,"cables":null,"source":"osm"},"geometry":{"type":"LineString","coordinates":[[-5.95002,37.95784],[-5.94859,37.97237],[-5.95223,37.97881],[-5.95308,37.98327]]}},{"type":"Feature","properties":{"id":"way/782365010","kind":"overhead","voltageClass":"high","voltageKv":220,"name":"Línea de alta tensión Íllora - Tajo Encantada","circuits":2,"cables":"6","source":"osm"},"geometry":{"type":"LineString","coordinates":[[-3.88529,37.24013],[-3.88522,37.23977],[-3.88337,37.23707],[-3.88153,37.23435],[-3.87975,37.23076],[-3.88291,37.2285],[-3.887,37.2268],[-3.8922,37.22464],[-3.89678,37.22273],[-3.90351,37.21994],[-3.90754,37.21825],[-3.91262,37.21614],[-3.91782,37.21398],[-3.92008,37.21304],[-3.92387,37.21146],[-3.92696,37.21017],[-3.93142,37.20831],[-3.93844,37.20539],[-3.94758,37.20159],[-3.95441,37.19873],[-3.95926,37.19672],[-3.96285,37.19522],[-3.96641,37.19373],[-3.97047,37.19204],[-3.97442,37.1912],[-3.97827,37.19039],[-3.98307,37.18937],[-3.98697,37.18854],[-3.992,37.18748],[-4.00215,37.18533],[-4.00642,37.18406],[-4.01112,37.18266],[-4.0153,37.18141],[-4.01885,37.18036],[-4.02453,37.17866],[-4.02932,37.17722],[-4.0322,37.17638],[-4.03476,37.17561],[-4.0379,37.17468],[-4.04355,37.17299],[-4.04653,37.17209],[-4.04856,37.17149],[-4.05137,37.17065],[-4.05757,37.16881],[-4.06422,37.16681],[-4.06616,37.16623],[-4.07305,37.16489],[-4.07601,37.16431],[-4.08361,37.16283],[-4.08691,37.16219],[-4.09001,37.16159],[-4.09524,37.16056],[-4.09849,37.15993],[-4.10145,37.15936],[-4.10815,37.15901],[-4.11446,37.15868],[-4.12318,37.15822],[-4.12848,37.15795],[-4.13496,37.15761],[-4.14271,37.15727],[-4.14506,37.15717],[-4.14944,37.15698],[-4.15728,37.15663],[-4.16057,37.15649],[-4.16411,37.15633],[-4.16991,37.15607],[-4.17214,37.15597],[-4.17696,37.15576],[-4.18363,37.15547],[-4.18728,37.15531],[-4.19061,37.15423],[-4.19431,37.15302],[-4.19813,37.1518],[-4.20201,37.15053],[-4.20633,37.14914],[-4.21221,37.14723],[-4.21469,37.14643],[-4.21945,37.14488],[-4.22423,37.14333],[-4.23125,37.14106],[-4.23509,37.13981],[-4.23916,37.13849],[-4.2431,37.13721],[-4.24752,37.13576],[-4.25274,37.13407],[-4.2568,37.13275],[-4.26068,37.13148],[-4.26449,37.13025],[-4.26983,37.12852],[-4.27411,37.12714],[-4.27841,37.12574],[-4.28314,37.12388],[-4.28743,37.12221],[-4.29075,37.12091],[-4.2945,37.11944],[-4.29858,37.11785],[-4.30281,37.11619],[-4.30731,37.11444],[-4.31196,37.11262],[-4.31642,37.11087],[-4.31961,37.10962],[-4.32407,37.10788],[-4.32701,37.10673],[-4.32992,37.10559],[-4.33445,37.10382],[-4.33809,37.1024],[-4.33827,37.10233],[-4.34188,37.10091],[-4.34523,37.0996],[-4.34807,37.09852],[-4.35113,37.09729],[-4.3559,37.09543],[-4.3581,37.09457],[-4.36615,37.09141],[-4.36759,37.09085],[-4.37032,37.08949],[-4.37503,37.08709],[-4.37946,37.08485],[-4.38674,37.08118],[-4.38964,37.07972],[-4.39346,37.07779],[-4.39893,37.07504],[-4.40216,37.07341],[-4.40726,37.07084],[-4.40886,37.07003],[-4.41629,37.06629],[-4.41813,37.06536],[-4.42652,37.06112],[-4.42816,37.0603],[-4.43082,37.05896],[-4.43736,37.05566],[-4.44024,37.0542],[-4.4419,37.05337],[-4.44849,37.05004],[-4.45003,37.04926],[-4.45387,37.04732],[-4.4599,37.04428],[-4.46471,37.04185],[-4.46961,37.03938],[-4.47364,37.03734],[-4.47891,37.03468],[-4.4827,37.03277],[-4.48614,37.03103],[-4.49056,37.02879],[-4.4928,37.02766],[-4.49582,37.02613],[-4.50075,37.02409],[-4.50447,37.02254],[-4.5084,37.02092],[-4.51238,37.01927],[-4.51735,37.0172],[-4.52019,37.01602],[-4.52685,37.01326],[-4.53682,37.00912],[-4.54062,37.00755],[-4.54338,37.0064],[-4.54823,37.00439],[-4.55034,37.00349],[-4.55445,37.00171],[-4.56015,36.99927],[-4.57068,36.99197],[-4.58396,36.98275],[-4.60242,36.97754],[-4.62581,36.97094],[-4.63078,36.96487],[-4.63876,36.955],[-4.6442,36.94836],[-4.64617,36.94596],[-4.65248,36.93819],[-4.65965,36.933],[-4.66506,36.92975],[-4.66895,36.92711],[-4.67733,36.92146],[-4.68266,36.91903],[-4.68561,36.9177],[-4.69354,36.91409],[-4.70625,36.9083],[-4.71939,36.90234],[-4.72554,36.89955],[-4.73615,36.89473],[-4.74221,36.89313],[-4.7458,36.89465]]}},{"type":"Feature","properties":{"id":"way/816444575","kind":"overhead","voltageClass":"low","voltageKv":66,"name":"Línea de alta tensión Aljarafe - Laminillas","circuits":1,"cables":"3","source":"osm"},"geometry":{"type":"LineString","coordinates":[[-6.10512,37.3368],[-6.10225,37.33527],[-6.09945,37.33378],[-6.09678,37.33235],[-6.09398,37.33086],[-6.09013,37.33078],[-6.08729,37.33072],[-6.08334,37.33061],[-6.08052,37.33055],[-6.07664,37.33045],[-6.07388,37.33039],[-6.07012,37.3303],[-6.06795,37.33007],[-6.06451,37.32971],[-6.06147,37.32938]]}},{"type":"Feature","properties":{"id":"way/816444576","kind":"overhead","voltageClass":"low","voltageKv":66,"name":"Línea de alta tensión Aljarafe - Bormujos y Aljarafe - Zaudín","circuits":2,"cables":"6","source":"osm"},"geometry":{"type":"LineString","coordinates":[[-6.07773,37.35053],[-6.07866,37.35066],[-6.08025,37.35033],[-6.08245,37.34962],[-6.08464,37.34834],[-6.08683,37.34714],[-6.08968,37.34551],[-6.0922,37.34411],[-6.09408,37.34373]]}},{"type":"Feature","properties":{"id":"way/828907594","kind":"overhead","voltageClass":"high","voltageKv":400,"name":null,"circuits":1,"cables":"3","source":"osm"},"geometry":{"type":"LineString","coordinates":[[-6.09615,37.63713],[-6.09633,37.63752]]}},{"type":"Feature","properties":{"id":"way/828907595","kind":"overhead","voltageClass":"high","voltageKv":400,"name":null,"circuits":1,"cables":"3","source":"osm"},"geometry":{"type":"LineString","coordinates":[[-6.09633,37.63752],[-6.09709,37.63714],[-6.09682,37.63689]]}},{"type":"Feature","properties":{"id":"way/828907596","kind":"overhead","voltageClass":"high","voltageKv":400,"name":null,"circuits":2,"cables":"6","source":"osm"},"geometry":{"type":"LineString","coordinates":[[-6.09633,37.63752],[-6.09655,37.63797],[-6.09628,37.64019],[-6.09229,37.64554],[-6.08766,37.65182],[-6.08707,37.65631],[-6.08666,37.65952],[-6.08607,37.66404],[-6.08542,37.66863],[-6.08499,37.67192],[-6.0837,37.67779],[-6.08293,37.68132],[-6.08165,37.68714],[-6.0802,37.69371],[-6.07945,37.69708],[-6.0784,37.70182],[-6.07748,37.70599],[-6.07627,37.7114],[-6.07531,37.71571],[-6.076,37.71937],[-6.07687,37.72419],[-6.07723,37.72615],[-6.07917,37.73115],[-6.08174,37.7378],[-6.08407,37.7438],[-6.08544,37.74736],[-6.08685,37.75099],[-6.08898,37.75649],[-6.09129,37.76249],[-6.09286,37.76651],[-6.09588,37.77434],[-6.09708,37.77742],[-6.09943,37.78352],[-6.1006,37.78649],[-6.10201,37.79021],[-6.1056,37.79313],[-6.10673,37.79747],[-6.10809,37.80271],[-6.1092,37.80694],[-6.11005,37.81021],[-6.11148,37.81571],[-6.11292,37.82119],[-6.11419,37.8261],[-6.11488,37.82877],[-6.11602,37.83311],[-6.11723,37.83787],[-6.11882,37.8414],[-6.12016,37.84448],[-6.12154,37.84762],[-6.12239,37.85397],[-6.12016,37.85647],[-6.11871,37.86124],[-6.11653,37.86835],[-6.11434,37.87292],[-6.11483,37.8782],[-6.11539,37.88501],[-6.11561,37.88728],[-6.11681,37.8936],[-6.11781,37.899],[-6.11856,37.90308],[-6.12018,37.91167],[-6.12087,37.91542],[-6.12328,37.91966],[-6.1258,37.9241],[-6.12894,37.92962],[-6.13055,37.93246],[-6.12986,37.93661],[-6.12915,37.94108],[-6.12854,37.94476],[-6.13036,37.94882],[-6.13202,37.95258],[-6.13565,37.96071],[-6.13641,37.96517],[-6.13704,37.96901],[-6.13735,37.97482],[-6.13762,37.97987],[-6.13796,37.98607],[-6.1382,37.991],[-6.13862,37.99889],[-6.14361,38.0022],[-6.14411,38.00554],[-6.14475,38.00952],[-6.14531,38.01297],[-6.14621,38.01845],[-6.14677,38.02192],[-6.14724,38.025],[-6.14825,38.03106],[-6.1495,38.03884],[-6.15003,38.04213],[-6.15111,38.04876],[-6.15224,38.0557],[-6.15267,38.0584],[-6.15356,38.06376],[-6.15432,38.06863],[-6.15535,38.07491],[-6.15892,38.08247],[-6.16246,38.08987],[-6.16321,38.09143],[-6.16622,38.09705],[-6.16761,38.09966],[-6.17142,38.10673],[-6.17342,38.11042],[-6.17464,38.11389],[-6.17619,38.11818],[-6.17798,38.12319],[-6.17945,38.12722],[-6.18005,38.12895],[-6.17957,38.13659],[-6.18264,38.14362],[-6.18484,38.14862],[-6.18613,38.15156],[-6.18769,38.1551],[-6.18941,38.15901],[-6.19155,38.16385],[-6.19442,38.17034],[-6.19533,38.17298],[-6.19647,38.17617],[-6.19821,38.18112],[-6.20001,38.18619],[-6.20253,38.19343],[-6.20389,38.19726],[-6.20545,38.20171],[-6.20704,38.20622],[-6.2084,38.2101],[-6.2098,38.21403],[-6.21164,38.21925],[-6.2129,38.22286],[-6.21443,38.22717],[-6.21574,38.23088],[-6.21747,38.2358],[-6.21908,38.24038],[-6.22056,38.24458],[-6.22181,38.24814],[-6.22306,38.25167],[-6.22458,38.25597],[-6.22605,38.26015],[-6.22769,38.26481],[-6.22958,38.27016],[-6.23137,38.27523],[-6.23296,38.27977],[-6.23413,38.28311],[-6.23565,38.28743],[-6.23735,38.29225],[-6.23874,38.29617],[-6.24193,38.29805],[-6.24565,38.30025],[-6.24967,38.30262],[-6.25429,38.30533],[-6.25926,38.30827],[-6.26406,38.31109],[-6.26825,38.31357],[-6.27238,38.31599],[-6.27593,38.31809],[-6.28138,38.31824],[-6.28783,38.31838],[-6.29365,38.31851],[-6.29886,38.31861],[-6.30472,38.31874],[-6.31102,38.31889],[-6.31662,38.31902],[-6.32321,38.31916],[-6.32579,38.31922],[-6.33061,38.31932],[-6.33609,38.31945],[-6.34137,38.31956],[-6.34835,38.31971],[-6.35485,38.32086],[-6.36078,38.3219],[-6.36556,38.32275],[-6.37073,38.32366],[-6.37592,38.32457],[-6.38209,38.32566],[-6.38766,38.32665],[-6.39201,38.32741],[-6.39813,38.32758],[-6.40274,38.32771],[-6.40961,38.3279],[-6.4138,38.32802],[-6.41841,38.32814],[-6.42459,38.33002],[-6.42971,38.33158],[-6.43422,38.33295],[-6.44077,38.33494],[-6.44415,38.34013],[-6.44596,38.34291],[-6.44874,38.34357],[-6.45471,38.34497],[-6.46014,38.34625],[-6.46466,38.34731],[-6.46747,38.34797],[-6.47248,38.34767],[-6.47704,38.3474],[-6.48333,38.34703],[-6.4904,38.34662],[-6.49598,38.34593],[-6.50364,38.34496],[-6.51237,38.34387],[-6.51996,38.34293],[-6.52488,38.34231],[-6.53067,38.34158],[-6.53518,38.34102],[-6.54056,38.34036],[-6.54492,38.33977],[-6.54975,38.33916],[-6.55251,38.33745],[-6.55425,38.33638],[-6.55829,38.33617],[-6.56413,38.33587],[-6.57029,38.33556],[-6.57654,38.33524],[-6.58249,38.33493],[-6.58803,38.33465],[-6.59495,38.33429],[-6.60302,38.33388],[-6.61107,38.33347],[-6.61645,38.33321],[-6.62383,38.33281],[-6.63189,38.3324],[-6.63805,38.33208],[-6.64433,38.33175],[-6.65042,38.33142],[-6.6566,38.33111],[-6.66196,38.33083],[-6.66997,38.33046],[-6.67329,38.33029],[-6.68175,38.32846],[-6.68659,38.32742],[-6.69074,38.32652],[-6.69521,38.32555],[-6.69867,38.32231],[-6.70084,38.32025]]}},{"type":"Feature","properties":{"id":"way/828935508","kind":"overhead","voltageClass":"low","voltageKv":66,"name":"Línea de alta tensión Isla Mayor - Palomares","circuits":1,"cables":"3","source":"osm"},"geometry":{"type":"LineString","coordinates":[[-6.04871,37.31295],[-6.04902,37.31257],[-6.05125,37.31069],[-6.05454,37.30863],[-6.05718,37.30605],[-6.0592,37.30409],[-6.06126,37.30208],[-6.06407,37.29934],[-6.06668,37.29681],[-6.06914,37.2944],[-6.07137,37.29224],[-6.07406,37.28961],[-6.07634,37.28739],[-6.07858,37.28521],[-6.07986,37.2832],[-6.08085,37.28163],[-6.08121,37.27957],[-6.08168,37.27683],[-6.08227,37.27348],[-6.08274,37.27069],[-6.0832,37.26802],[-6.08423,37.2647],[-6.08521,37.2615],[-6.08598,37.25895],[-6.08693,37.25588],[-6.08781,37.25298],[-6.08857,37.25049],[-6.08927,37.2482],[-6.09011,37.24544],[-6.09101,37.24251],[-6.09191,37.23958],[-6.09278,37.23678],[-6.09428,37.23452],[-6.0958,37.23226],[-6.09747,37.22976],[-6.09905,37.22743],[-6.10077,37.22486],[-6.10268,37.22202],[-6.10443,37.21945],[-6.10585,37.21733],[-6.10712,37.21544],[-6.1085,37.2134],[-6.11025,37.2108],[-6.11189,37.20835],[-6.11359,37.20581],[-6.11542,37.2031],[-6.11703,37.20071],[-6.11886,37.198],[-6.12049,37.19557],[-6.12204,37.19326],[-6.12351,37.1911],[-6.12525,37.1885],[-6.12694,37.186],[-6.12864,37.18348],[-6.13033,37.18095],[-6.13196,37.17852],[-6.13333,37.17649],[-6.13466,37.17452],[-6.13634,37.17201],[-6.13827,37.16916],[-6.13998,37.16662],[-6.14083,37.1637],[-6.14125,37.1623],[-6.1415,37.1614],[-6.14148,37.16109]]}},{"type":"Feature","properties":{"id":"way/829978563","kind":"overhead","voltageClass":"medium","voltageKv":132,"name":"Línea de alta tensión EADS Casa - Parque Aeronáutico","circuits":2,"cables":"6","source":"osm"},"geometry":{"type":"LineString","coordinates":[[-5.85577,37.43699],[-5.85594,37.43529],[-5.856,37.43462],[-5.85625,37.43197],[-5.85635,37.43098],[-5.85649,37.4296],[-5.85435,37.42758],[-5.85404,37.42571],[-5.85401,37.42555],[-5.85364,37.42394],[-5.85324,37.42227],[-5.85285,37.42061],[-5.85292,37.41881],[-5.85298,37.41693],[-5.85304,37.41539],[-5.8531,37.41375],[-5.85314,37.41255],[-5.8532,37.41089],[-5.85326,37.4093],[-5.85594,37.41034],[-5.85953,37.41175],[-5.8634,37.41327],[-5.8675,37.41263],[-5.87122,37.41206],[-5.87314,37.41261],[-5.87552,37.41239]]}},{"type":"Feature","properties":{"id":"way/829978564","kind":"overhead","voltageClass":"medium","voltageKv":132,"name":"Línea de alta tensión Aeropuerto de Sevilla - Cross San Jerónimo y Cross San Jerónimo - Empalme","circuits":2,"cables":"6","source":"osm"},"geometry":{"type":"LineString","coordinates":[[-5.97108,37.43884],[-5.97002,37.44043],[-5.96847,37.44261],[-5.96664,37.44446],[-5.96634,37.44596],[-5.96506,37.44786],[-5.96373,37.4498],[-5.96229,37.45194]]}},{"type":"Feature","properties":{"id":"way/829978572","kind":"overhead","voltageClass":"medium","voltageKv":132,"name":null,"circuits":1,"cables":"3","source":"osm"},"geometry":{"type":"LineString","coordinates":[[-5.9927,37.42375],[-5.99353,37.42423]]}},{"type":"Feature","properties":{"id":"way/829978573","kind":"overhead","voltageClass":"medium","voltageKv":132,"name":null,"circuits":1,"cables":"3","source":"osm"},"geometry":{"type":"LineString","coordinates":[[-5.9927,37.42375],[-5.99183,37.42724]]}},{"type":"Feature","properties":{"id":"way/829978574","kind":"overhead","voltageClass":"medium","voltageKv":132,"name":null,"circuits":1,"cables":"3","source":"osm"},"geometry":{"type":"LineString","coordinates":[[-5.99183,37.42724],[-5.99353,37.42423]]}},{"type":"Feature","properties":{"id":"way/829978575","kind":"overhead","voltageClass":"low","voltageKv":66,"name":null,"circuits":2,"cables":"6","source":"osm"},"geometry":{"type":"LineString","coordinates":[[-5.99124,37.43194],[-5.98884,37.43135]]}},{"type":"Feature","properties":{"id":"way/829978576","kind":"overhead","voltageClass":"medium","voltageKv":132,"name":"Línea de alta tensión Cross San Jerónimo - Empalme","circuits":1,"cables":"3","source":"osm"},"geometry":{"type":"LineString","coordinates":[[-5.96321,37.4517],[-5.96229,37.45194]]}},{"type":"Feature","properties":{"id":"way/829978577","kind":"overhead","voltageClass":"medium","voltageKv":132,"name":"Línea de alta tensión Calonge - Santiponce y Cross San Jerónimo - Empalme","circuits":2,"cables":"6","source":"osm"},"geometry":{"type":"LineString","coordinates":[[-5.99183,37.42724],[-5.99146,37.42875],[-5.98884,37.43135],[-5.98731,37.43286],[-5.98632,37.43518],[-5.98529,37.43761],[-5.98431,37.44009],[-5.98317,37.44266],[-5.98071,37.44475],[-5.97826,37.44682],[-5.97519,37.44731],[-5.97179,37.44785],[-5.96857,37.44836]]}},{"type":"Feature","properties":{"id":"way/829978582","kind":"overhead","voltageClass":"low","voltageKv":66,"name":"Línea de alta tensión Alcores - Cantosal - El Viso del Alcor","circuits":1,"cables":"3","source":"osm"},"geometry":{"type":"LineString","coordinates":[[-5.85651,37.387],[-5.85591,37.38702]]}},{"type":"Feature","properties":{"id":"way/829978583","kind":"overhead","voltageClass":"low","voltageKv":66,"name":"Línea de alta tensión Alcores - Cantosal - El Viso del Alcor","circuits":2,"cables":"6","source":"osm"},"geometry":{"type":"LineString","coordinates":[[-5.85591,37.38702],[-5.85474,37.38758],[-5.85152,37.38788],[-5.8483,37.38801],[-5.84534,37.38798],[-5.84368,37.38753],[-5.84109,37.38701],[-5.83846,37.38741],[-5.83504,37.38792],[-5.83077,37.3885],[-5.82834,37.38821],[-5.82659,37.38798],[-5.82494,37.38818],[-5.82203,37.38851],[-5.81861,37.38891],[-5.81594,37.38921],[-5.81289,37.38956],[-5.81001,37.3899],[-5.80695,37.39025],[-5.80377,37.39062],[-5.8005,37.39098],[-5.79707,37.39138],[-5.7943,37.3917],[-5.79163,37.39217],[-5.78827,37.39276],[-5.78568,37.39322],[-5.78171,37.39391],[-5.7789,37.39441],[-5.77571,37.39497],[-5.77344,37.39536],[-5.7719,37.39563]]}},{"type":"Feature","properties":{"id":"way/829986788","kind":"overhead","voltageClass":"medium","voltageKv":132,"name":null,"circuits":2,"cables":"6","source":"osm"},"geometry":{"type":"LineString","coordinates":[[-5.80411,37.33579],[-5.80457,37.33583],[-5.80584,37.33589],[-5.80889,37.33608],[-5.81252,37.3363],[-5.81643,37.33653],[-5.81973,37.33673],[-5.82173,37.33685]]}},{"type":"Feature","properties":{"id":"way/829986789","kind":"overhead","voltageClass":"medium","voltageKv":132,"name":null,"circuits":1,"cables":"3","source":"osm"},"geometry":{"type":"LineString","coordinates":[[-5.82173,37.33685],[-5.82302,37.33697],[-5.82312,37.33707]]}},{"type":"Feature","properties":{"id":"way/829986790","kind":"overhead","voltageClass":"medium","voltageKv":132,"name":null,"circuits":1,"cables":"3","source":"osm"},"geometry":{"type":"LineString","coordinates":[[-5.82173,37.33685],[-5.82294,37.33704],[-5.82304,37.33714]]}},{"type":"Feature","properties":{"id":"way/839949817","kind":"overhead","voltageClass":"high","voltageKv":400,"name":null,"circuits":1,"cables":"3","source":"osm"},"geometry":{"type":"LineString","coordinates":[[-6.09546,37.63574],[-6.09501,37.63538],[-6.09373,37.63495],[-6.09413,37.63387],[-6.09549,37.63347],[-6.09671,37.63249]]}},{"type":"Feature","properties":{"id":"way/839949818","kind":"overhead","voltageClass":"high","voltageKv":400,"name":null,"circuits":1,"cables":"3","source":"osm"},"geometry":{"type":"LineString","coordinates":[[-6.09506,37.63625],[-6.09466,37.63592],[-6.09373,37.63495],[-6.09378,37.63359],[-6.09533,37.6331],[-6.09671,37.63249]]}},{"type":"Feature","properties":{"id":"way/839949820","kind":"overhead","voltageClass":"high","voltageKv":400,"name":null,"circuits":1,"cables":"3","source":"osm"},"geometry":{"type":"LineString","coordinates":[[-6.09163,37.63954],[-6.0937,37.6394],[-6.09564,37.63909],[-6.0959,37.63827],[-6.09564,37.63756]]}},{"type":"Feature","properties":{"id":"way/839949821","kind":"overhead","voltageClass":"high","voltageKv":400,"name":null,"circuits":1,"cables":"3","source":"osm"},"geometry":{"type":"LineString","coordinates":[[-6.09048,37.63454],[-6.09177,37.63658],[-6.09163,37.63954]]}},{"type":"Feature","properties":{"id":"way/839949823","kind":"overhead","voltageClass":"high","voltageKv":400,"name":null,"circuits":1,"cables":"3","source":"osm"},"geometry":{"type":"LineString","coordinates":[[-6.09048,37.63454],[-6.09395,37.63614],[-6.09455,37.6366]]}},{"type":"Feature","properties":{"id":"way/891962368","kind":"overhead","voltageClass":"high","voltageKv":220,"name":"Línea de alta tensión Almodóvar del Río - La Breña II","circuits":1,"cables":"3","source":"osm"},"geometry":{"type":"LineString","coordinates":[[-5.04722,37.82341],[-5.04736,37.82326],[-5.04897,37.82409],[-5.05064,37.82285],[-5.05356,37.82067],[-5.05398,37.81831],[-5.05515,37.81607],[-5.05479,37.81346],[-5.05396,37.81198],[-5.05208,37.80965],[-5.0523,37.80728],[-5.05032,37.80513],[-5.04697,37.80148],[-5.04534,37.79971],[-5.04278,37.79691],[-5.04132,37.79533],[-5.03795,37.79452],[-5.03472,37.79374],[-5.03317,37.79094],[-5.03185,37.78856],[-5.03018,37.78554],[-5.02868,37.78282],[-5.0277,37.78105],[-5.02622,37.77837],[-5.02485,37.77589],[-5.02403,37.7744],[-5.02193,37.7706],[-5.02044,37.76791],[-5.01901,37.76532],[-5.0178,37.76315],[-5.01945,37.75839],[-5.02077,37.75457],[-5.02118,37.75124],[-5.02089,37.7511]]}},{"type":"Feature","properties":{"id":"way/913550244","kind":"overhead","voltageClass":"high","voltageKv":220,"name":null,"circuits":null,"cables":null,"source":"osm"},"geometry":{"type":"LineString","coordinates":[[-5.85974,37.24648],[-5.85927,37.24647],[-5.85586,37.24568],[-5.85231,37.24489],[-5.8496,37.24388],[-5.84846,37.24345],[-5.84705,37.24294],[-5.8468,37.24271]]}},{"type":"Feature","properties":{"id":"way/916016661","kind":"overhead","voltageClass":"low","voltageKv":66,"name":"Línea de alta tensión Bobadilla - Humilladero","circuits":2,"cables":"6","source":"osm"},"geometry":{"type":"LineString","coordinates":[[-4.71566,37.06258],[-4.71584,37.06268],[-4.71602,37.06312],[-4.71644,37.06407],[-4.7163,37.06507],[-4.71616,37.06607],[-4.7157,37.06929],[-4.71579,37.07064],[-4.71588,37.0719],[-4.71508,37.0748],[-4.71474,37.07677],[-4.71406,37.08168],[-4.71345,37.08572],[-4.71315,37.0877],[-4.71285,37.08973],[-4.71258,37.09182],[-4.71225,37.09387],[-4.71202,37.09578],[-4.71178,37.09726],[-4.71149,37.09944],[-4.71125,37.1013],[-4.71107,37.1027],[-4.71081,37.10414],[-4.71063,37.10637],[-4.71032,37.11154],[-4.70995,37.11297],[-4.70945,37.11458],[-4.70846,37.11722],[-4.70778,37.11944],[-4.70766,37.11968]]}},{"type":"Feature","properties":{"id":"way/977168029","kind":"overhead","voltageClass":"low","voltageKv":66,"name":"Línea de alta tensión Aljarafe - Bollullos","circuits":1,"cables":"3","source":"osm"},"geometry":{"type":"LineString","coordinates":[[-6.09422,37.34369],[-6.09446,37.34415]]}},{"type":"Feature","properties":{"id":"way/977168030","kind":"overhead","voltageClass":"low","voltageKv":66,"name":"Línea de alta tensión Aljarafe - Laminilla","circuits":1,"cables":"3","source":"osm"},"geometry":{"type":"LineString","coordinates":[[-6.09422,37.34369],[-6.09431,37.34418]]}},{"type":"Feature","properties":{"id":"way/977168031","kind":"overhead","voltageClass":"low","voltageKv":66,"name":"Línea de alta tensión Aljarafe - Bormujos","circuits":1,"cables":"3","source":"osm"},"geometry":{"type":"LineString","coordinates":[[-6.09408,37.34373],[-6.09425,37.34419]]}},{"type":"Feature","properties":{"id":"way/977168032","kind":"overhead","voltageClass":"low","voltageKv":66,"name":"Línea de alta tensión Aljarafe - Zaudín","circuits":1,"cables":"3","source":"osm"},"geometry":{"type":"LineString","coordinates":[[-6.09408,37.34373],[-6.09415,37.3442]]}},{"type":"Feature","properties":{"id":"way/977520054","kind":"underground","voltageClass":"low","voltageKv":66,"name":"Línea de alta tensión Cementos Niebla - Gibraleón - La Palma del Condado y La Palma del Condado - Niebla","circuits":2,"cables":null,"source":"osm"},"geometry":{"type":"LineString","coordinates":[[-6.55137,37.37942],[-6.54985,37.38044]]}},{"type":"Feature","properties":{"id":"way/977520056","kind":"underground","voltageClass":"low","voltageKv":66,"name":"Línea de alta tensión Almonte - La Palma del Condado","circuits":1,"cables":"3","source":"osm"},"geometry":{"type":"LineString","coordinates":[[-6.54973,37.38029],[-6.55016,37.37999],[-6.55018,37.37925],[-6.55055,37.37906]]}},{"type":"Feature","properties":{"id":"way/977520057","kind":"overhead","voltageClass":"low","voltageKv":66,"name":"Línea de alta tensión Almonte - La Palma del Condado","circuits":1,"cables":"3","source":"osm"},"geometry":{"type":"LineString","coordinates":[[-6.55055,37.37906],[-6.55054,37.37897],[-6.55034,37.37788],[-6.55003,37.37608],[-6.54971,37.37399],[-6.54932,37.37136],[-6.54894,37.36882],[-6.54865,37.36694],[-6.5503,37.36557],[-6.55078,37.36256],[-6.55119,37.36006],[-6.55166,37.35717],[-6.55209,37.35447],[-6.55252,37.35195],[-6.55298,37.34911],[-6.55335,37.34682],[-6.55365,37.34492],[-6.55356,37.34292],[-6.55343,37.34035],[-6.55422,37.33803],[-6.55528,37.3349],[-6.55562,37.33285],[-6.556,37.33048],[-6.55636,37.32831],[-6.55677,37.32583],[-6.5575,37.32186],[-6.55783,37.31927],[-6.55822,37.31687],[-6.55731,37.31416],[-6.55637,37.3114],[-6.55549,37.30878],[-6.55466,37.30639],[-6.55378,37.30378],[-6.55281,37.3009],[-6.55183,37.29803],[-6.55072,37.29472],[-6.54882,37.29195],[-6.54729,37.28969],[-6.54559,37.28722],[-6.54401,37.28489],[-6.54264,37.28291],[-6.54283,37.27976],[-6.54298,37.27703],[-6.54317,37.2741],[-6.54328,37.27237]]}},{"type":"Feature","properties":{"id":"way/977520058","kind":"overhead","voltageClass":"low","voltageKv":66,"name":"Línea de alta tensión Almonte - La Palma del Condado","circuits":1,"cables":"3","source":"osm"},"geometry":{"type":"LineString","coordinates":[[-6.54328,37.27237],[-6.54349,37.27228]]}},{"type":"Feature","properties":{"id":"way/977520059","kind":"overhead","voltageClass":"low","voltageKv":66,"name":"Línea de alta tensión Almonte - Rocío","circuits":1,"cables":"3","source":"osm"},"geometry":{"type":"LineString","coordinates":[[-6.54328,37.27237],[-6.54345,37.27225]]}},{"type":"Feature","properties":{"id":"way/977520061","kind":"overhead","voltageClass":"low","voltageKv":66,"name":"Línea de alta tensión Almonte - Rocío","circuits":1,"cables":"3","source":"osm"},"geometry":{"type":"LineString","coordinates":[[-6.54328,37.27237],[-6.5421,37.27041],[-6.54097,37.26853],[-6.53976,37.26652],[-6.53864,37.26467],[-6.53725,37.26236],[-6.53551,37.25947],[-6.53365,37.25637],[-6.53204,37.2537],[-6.53087,37.25175],[-6.52939,37.24928],[-6.52765,37.24639],[-6.52585,37.2434],[-6.52451,37.24118],[-6.52356,37.2396],[-6.52193,37.2369],[-6.52033,37.23421],[-6.51882,37.23173],[-6.51773,37.22989],[-6.51654,37.22792],[-6.51507,37.22548],[-6.51343,37.22274],[-6.51183,37.22008],[-6.51051,37.21789],[-6.51153,37.21522],[-6.51265,37.21227],[-6.51398,37.20879],[-6.51495,37.20626],[-6.51602,37.20345],[-6.5169,37.20116],[-6.51581,37.19837],[-6.51469,37.19541],[-6.51347,37.1922],[-6.51234,37.18919],[-6.51118,37.18581],[-6.51014,37.18271],[-6.50912,37.17968],[-6.50805,37.17645],[-6.50696,37.17323],[-6.50588,37.17003],[-6.50481,37.16681],[-6.50373,37.16362],[-6.50273,37.16067],[-6.50175,37.15773],[-6.50089,37.15506],[-6.50002,37.15257],[-6.49893,37.15124],[-6.49743,37.14941],[-6.49614,37.14785],[-6.49422,37.14551]]}},{"type":"Feature","properties":{"id":"way/977520062","kind":"underground","voltageClass":"low","voltageKv":66,"name":"Línea de alta tensión Almonte - Rocío","circuits":1,"cables":"3","source":"osm"},"geometry":{"type":"LineString","coordinates":[[-6.49422,37.14551],[-6.49365,37.14447]]}},{"type":"Feature","properties":{"id":"way/977525504","kind":"overhead","voltageClass":"low","voltageKv":66,"name":"Línea de alta tensión Matalascañas - Rocío","circuits":1,"cables":"3","source":"osm"},"geometry":{"type":"LineString","coordinates":[[-6.49363,37.14422],[-6.49382,37.14419],[-6.49395,37.14386],[-6.49421,37.14319],[-6.4948,37.14186],[-6.4957,37.13972],[-6.49676,37.1372],[-6.49758,37.13532],[-6.49854,37.13305],[-6.49972,37.13027],[-6.50152,37.12722],[-6.50329,37.12425],[-6.50478,37.12176],[-6.50628,37.11923],[-6.50787,37.11654],[-6.50929,37.11415],[-6.51065,37.11186],[-6.51246,37.10958],[-6.51414,37.10747],[-6.51604,37.10506],[-6.51795,37.10267],[-6.51946,37.10011],[-6.52099,37.09754],[-6.52247,37.09502],[-6.52394,37.09255],[-6.5255,37.08994],[-6.527,37.08739],[-6.5285,37.08484],[-6.53,37.08232],[-6.53154,37.07971],[-6.53305,37.07717],[-6.53456,37.07463],[-6.53607,37.07206],[-6.5376,37.06945],[-6.53835,37.06823],[-6.53915,37.06684],[-6.54058,37.06445],[-6.54213,37.06183],[-6.54368,37.05921],[-6.54516,37.05672],[-6.54673,37.05409],[-6.54826,37.05149],[-6.54984,37.04883],[-6.55136,37.04627],[-6.5529,37.04369],[-6.55442,37.04112],[-6.55608,37.03833],[-6.55761,37.03572],[-6.5591,37.03319],[-6.56079,37.03032]]}},{"type":"Feature","properties":{"id":"way/977788483","kind":"overhead","voltageClass":"low","voltageKv":66,"name":"Línea de alta tensión Pilas - Rocío","circuits":1,"cables":"6","source":"osm"},"geometry":{"type":"LineString","coordinates":[[-6.49353,37.14437],[-6.49332,37.14442],[-6.49176,37.1454],[-6.48948,37.14771],[-6.48729,37.14993],[-6.48541,37.15186],[-6.48347,37.15382],[-6.48168,37.15566],[-6.47919,37.15711],[-6.47658,37.1586],[-6.47411,37.16002],[-6.47159,37.16147],[-6.46907,37.16291],[-6.4666,37.16434],[-6.46414,37.16575],[-6.46131,37.16737],[-6.45869,37.16889],[-6.45625,37.17029],[-6.45432,37.17258],[-6.45224,37.17503],[-6.45118,37.17629],[-6.4491,37.17876],[-6.44777,37.18035],[-6.44457,37.18168],[-6.44149,37.18258],[-6.43834,37.1835],[-6.43504,37.18446],[-6.43174,37.18541],[-6.42843,37.18638],[-6.4251,37.18734],[-6.42179,37.18831],[-6.41844,37.18928],[-6.41509,37.19026],[-6.41175,37.19122],[-6.40841,37.19219],[-6.40718,37.19254],[-6.40508,37.19316],[-6.40249,37.1939],[-6.40172,37.19412],[-6.3984,37.19509],[-6.39507,37.19605],[-6.39173,37.19701],[-6.38855,37.19793],[-6.38524,37.19889],[-6.3819,37.19985],[-6.37856,37.20081],[-6.3752,37.20177],[-6.37189,37.20273],[-6.36872,37.20364],[-6.36554,37.20456],[-6.36236,37.20548],[-6.3592,37.20639],[-6.35656,37.20714],[-6.35391,37.20791],[-6.34835,37.2047],[-6.34635,37.20677],[-6.34385,37.20935],[-6.34122,37.21207],[-6.33867,37.21468],[-6.3363,37.21713],[-6.33411,37.21939],[-6.3319,37.22164],[-6.3301,37.22418],[-6.32796,37.22715],[-6.3261,37.22978],[-6.32467,37.23177],[-6.32298,37.23414],[-6.32083,37.23713],[-6.31903,37.23963],[-6.31759,37.24163],[-6.31752,37.244],[-6.31744,37.24645],[-6.3165,37.24856],[-6.31526,37.25131],[-6.31405,37.25405],[-6.3136,37.25692],[-6.31308,37.26023],[-6.31265,37.26295],[-6.31231,37.26505],[-6.31182,37.26818],[-6.31135,37.2711],[-6.31097,37.27366],[-6.31064,37.27569],[-6.31016,37.27871],[-6.30973,37.28137],[-6.30931,37.28396],[-6.30884,37.28685],[-6.30841,37.28951],[-6.30804,37.29176],[-6.30761,37.29441]]}},{"type":"Feature","properties":{"id":"way/977788487","kind":"overhead","voltageClass":"low","voltageKv":66,"name":"Línea de alta tensión Pilas - Rocío","circuits":1,"cables":"3","source":"osm"},"geometry":{"type":"LineString","coordinates":[[-6.30761,37.29441],[-6.30795,37.29451]]}},{"type":"Feature","properties":{"id":"way/977788488","kind":"overhead","voltageClass":"low","voltageKv":66,"name":"Línea de alta tensión Pilas - Rocío","circuits":1,"cables":"3","source":"osm"},"geometry":{"type":"LineString","coordinates":[[-6.30761,37.29441],[-6.30788,37.29458]]}},{"type":"Feature","properties":{"id":"way/992193243","kind":"overhead","voltageClass":"low","voltageKv":66,"name":null,"circuits":null,"cables":"3","source":"osm"},"geometry":{"type":"LineString","coordinates":[[-6.00288,38.24171],[-6.0028,38.24125],[-6.00163,38.23947],[-6.00073,38.23807],[-5.99955,38.2362],[-5.99865,38.23483],[-5.99781,38.23352],[-5.9969,38.23209],[-5.99598,38.23068],[-5.99494,38.22907],[-5.99416,38.22789],[-5.99447,38.22649],[-5.99459,38.22593],[-5.99504,38.224],[-5.9954,38.22235],[-5.99567,38.21932],[-5.99554,38.21768],[-5.99544,38.21622],[-5.99532,38.21433],[-5.99523,38.21326],[-5.99496,38.20988],[-5.99481,38.20749],[-5.99839,38.1997]]}},{"type":"Feature","properties":{"id":"way/992205832","kind":"overhead","voltageClass":"low","voltageKv":66,"name":"Línea de alta tensión El Cabril - Peñarroya","circuits":2,"cables":"6","source":"osm"},"geometry":{"type":"LineString","coordinates":[[-5.41217,38.07339],[-5.4118,38.0732],[-5.40915,38.07289],[-5.40417,38.07263],[-5.39868,38.07234],[-5.395,38.07216],[-5.39186,38.07199],[-5.38785,38.07177],[-5.38482,38.07161],[-5.38208,38.07147],[-5.37741,38.07123],[-5.3735,38.07103],[-5.37057,38.07087],[-5.36722,38.07069],[-5.36446,38.07055],[-5.35999,38.07031],[-5.35722,38.07017],[-5.3537,38.06998],[-5.35209,38.0699],[-5.3501,38.06979],[-5.34559,38.06956],[-5.34329,38.06944],[-5.34139,38.06935],[-5.33652,38.06908],[-5.33304,38.06889],[-5.33012,38.06874],[-5.32733,38.0686],[-5.32424,38.06843],[-5.32159,38.0683],[-5.31867,38.06814],[-5.31536,38.06796],[-5.31382,38.06817],[-5.3134,38.06828],[-5.31478,38.07098],[-5.31693,38.07413],[-5.31857,38.07654],[-5.31971,38.07823],[-5.32121,38.08042],[-5.32244,38.08224],[-5.32314,38.08368],[-5.32426,38.08603],[-5.32522,38.08805],[-5.32612,38.08996],[-5.32704,38.09187],[-5.32794,38.09374],[-5.3288,38.09557],[-5.33027,38.09861],[-5.33178,38.10178],[-5.33262,38.10354],[-5.33418,38.10679],[-5.33502,38.10855],[-5.33671,38.11208],[-5.33763,38.11401],[-5.339,38.11689],[-5.34038,38.11976],[-5.3418,38.12273],[-5.34295,38.12512],[-5.34408,38.1275],[-5.34525,38.12992],[-5.34642,38.13238],[-5.34769,38.13504],[-5.34912,38.13802],[-5.3504,38.14066],[-5.35145,38.1429],[-5.35238,38.14482],[-5.35339,38.14693],[-5.35577,38.1489],[-5.35746,38.1503],[-5.35964,38.1521],[-5.36187,38.15395],[-5.36185,38.15652],[-5.36185,38.15832],[-5.36184,38.16047],[-5.36176,38.1629],[-5.3617,38.16462],[-5.36164,38.16684],[-5.36033,38.16815],[-5.35874,38.16977],[-5.35701,38.17152],[-5.35515,38.17341],[-5.35299,38.17561],[-5.35103,38.17759],[-5.34907,38.17957],[-5.34702,38.18164],[-5.34496,38.18374],[-5.34281,38.18591],[-5.34072,38.18803],[-5.33854,38.19023],[-5.33644,38.19236],[-5.33516,38.19365],[-5.33318,38.19565],[-5.33055,38.19842],[-5.32801,38.201],[-5.32625,38.20278],[-5.32347,38.20562],[-5.3205,38.2086],[-5.3183,38.21081],[-5.31639,38.21273],[-5.31444,38.21469],[-5.3125,38.21664],[-5.30966,38.2195],[-5.3065,38.22266],[-5.30486,38.22431],[-5.30293,38.22623],[-5.3005,38.22867],[-5.29824,38.23095],[-5.29616,38.23305],[-5.29412,38.23507],[-5.29279,38.23642],[-5.29048,38.23874],[-5.28903,38.24017],[-5.28734,38.24189],[-5.2854,38.24382],[-5.28321,38.24606],[-5.28235,38.24877],[-5.28153,38.25139],[-5.28069,38.25404],[-5.27986,38.2567],[-5.27906,38.25924],[-5.27768,38.26165],[-5.27634,38.26397],[-5.27504,38.26624],[-5.27444,38.26819],[-5.27379,38.27029],[-5.27256,38.27426],[-5.27109,38.27808],[-5.27047,38.28109],[-5.27215,38.28325],[-5.27388,38.28548],[-5.27548,38.28755],[-5.27729,38.28986],[-5.27894,38.292],[-5.27737,38.29388],[-5.27671,38.29469]]}},{"type":"Feature","properties":{"id":"way/995921564","kind":"overhead","voltageClass":"low","voltageKv":66,"name":"Línea de alta tensión La Dehesa - Moleona - Embalse de Aracena - Presur","circuits":1,"cables":"3","source":"osm"},"geometry":{"type":"LineString","coordinates":[[-6.47955,37.87101],[-6.47934,37.87322],[-6.47917,37.87494],[-6.47846,37.87589],[-6.47715,37.87766],[-6.47403,37.88186],[-6.47258,37.88383],[-6.46959,37.88786],[-6.46775,37.89036],[-6.46517,37.89381],[-6.4642,37.89513],[-6.46205,37.89804],[-6.46051,37.90012],[-6.45932,37.90176],[-6.45775,37.90424],[-6.4568,37.90574],[-6.45676,37.90585],[-6.45565,37.90567],[-6.44986,37.90465]]}},{"type":"Feature","properties":{"id":"way/995921567","kind":"overhead","voltageClass":"low","voltageKv":66,"name":"Línea de alta tensión La Dehesa - Moleona - Embalse de Aracena - Presur","circuits":2,"cables":"6","source":"osm"},"geometry":{"type":"LineString","coordinates":[[-6.53089,37.87951],[-6.53066,37.87968],[-6.52789,37.88004],[-6.52249,37.88319],[-6.51731,37.88546],[-6.51274,37.88617],[-6.50812,37.88689],[-6.50569,37.88605],[-6.50248,37.88493],[-6.50006,37.88408],[-6.49586,37.88262],[-6.49435,37.88002],[-6.49277,37.87733],[-6.49053,37.87621],[-6.48732,37.87462],[-6.4841,37.87302],[-6.48163,37.87178],[-6.47955,37.87101]]}},{"type":"Feature","properties":{"id":"way/996022872","kind":"overhead","voltageClass":"medium","voltageKv":132,"name":"Línea de alta tensión Aznalcóllar - La Dehesa","circuits":1,"cables":"3","source":"osm"},"geometry":{"type":"LineString","coordinates":[[-6.21769,37.52063],[-6.21803,37.52265],[-6.21831,37.52431],[-6.2208,37.52668],[-6.22242,37.52822],[-6.2281,37.52862],[-6.23245,37.52891],[-6.23632,37.52919],[-6.23967,37.53114],[-6.24404,37.53369],[-6.24838,37.53623],[-6.25205,37.53836],[-6.25468,37.5399],[-6.25708,37.54131],[-6.26176,37.54403],[-6.26652,37.54682],[-6.26919,37.54838],[-6.27172,37.54986],[-6.27516,37.55186],[-6.27933,37.5543],[-6.28399,37.55702],[-6.28927,37.56009],[-6.2935,37.56256],[-6.29852,37.56549],[-6.30219,37.56765],[-6.30456,37.56902],[-6.30728,37.5706],[-6.31027,37.57234],[-6.31273,37.57378],[-6.31819,37.57697],[-6.32038,37.57824],[-6.32388,37.58027],[-6.32917,37.58335],[-6.33277,37.58545],[-6.33741,37.58815],[-6.34098,37.59023],[-6.34421,37.59212],[-6.3486,37.59467],[-6.35302,37.59725],[-6.3551,37.59846],[-6.35982,37.6012],[-6.36522,37.60435],[-6.36786,37.60588],[-6.37101,37.60771],[-6.37478,37.6099],[-6.37796,37.61175],[-6.38177,37.61398],[-6.38379,37.61514],[-6.38915,37.61826],[-6.39276,37.62035],[-6.39761,37.62318],[-6.40058,37.6249],[-6.403,37.62631],[-6.40605,37.62809],[-6.40924,37.62994],[-6.41129,37.63113],[-6.41478,37.63316],[-6.41857,37.63536],[-6.42264,37.63772],[-6.42565,37.63946],[-6.42843,37.64109],[-6.43203,37.64316],[-6.43511,37.64496],[-6.44064,37.64817],[-6.44378,37.65],[-6.44914,37.65311],[-6.45248,37.65506],[-6.45709,37.65774],[-6.46035,37.65963],[-6.46349,37.66145],[-6.46878,37.66452],[-6.47283,37.66688],[-6.47766,37.66968],[-6.48119,37.67173],[-6.48462,37.67373],[-6.48885,37.67618],[-6.49214,37.67809],[-6.49469,37.67957],[-6.5,37.68263],[-6.50516,37.68564],[-6.50875,37.68772],[-6.51195,37.68957],[-6.51657,37.69225],[-6.51929,37.69382],[-6.52233,37.69558],[-6.52463,37.69692],[-6.52751,37.69859],[-6.52982,37.69993],[-6.532,37.70119],[-6.5344,37.70258],[-6.53849,37.70495],[-6.54118,37.7065],[-6.54543,37.70897],[-6.54765,37.71026],[-6.55149,37.71178],[-6.5568,37.71385],[-6.56055,37.71533],[-6.56504,37.71708],[-6.57101,37.71942],[-6.57475,37.72089],[-6.57591,37.72135],[-6.57757,37.72202],[-6.57901,37.72207],[-6.57916,37.72175]]}},{"type":"Feature","properties":{"id":"way/996050557","kind":"overhead","voltageClass":"medium","voltageKv":132,"name":null,"circuits":1,"cables":"3","source":"osm"},"geometry":{"type":"LineString","coordinates":[[-6.08151,37.51504],[-6.08126,37.51508]]}},{"type":"Feature","properties":{"id":"way/996050562","kind":"overhead","voltageClass":"medium","voltageKv":132,"name":"Línea de alta tensión Fundiciones Caetano - Ruta de la Plata y Guillena - Ruta de la Plata","circuits":2,"cables":"6","source":"osm"},"geometry":{"type":"LineString","coordinates":[[-6.09073,37.55192],[-6.08795,37.5522]]}},{"type":"Feature","properties":{"id":"way/996050564","kind":"overhead","voltageClass":"high","voltageKv":220,"name":"Línea de alta tensión Las Cruces - Salteras","circuits":1,"cables":"3","source":"osm"},"geometry":{"type":"LineString","coordinates":[[-6.10117,37.49582],[-6.10072,37.49561],[-6.10055,37.49554],[-6.09749,37.49433],[-6.09384,37.49288],[-6.09108,37.49063],[-6.08818,37.48825],[-6.08573,37.48625],[-6.08203,37.48512],[-6.07856,37.48405],[-6.07561,37.48314],[-6.07178,37.48197],[-6.07073,37.48165],[-6.07022,37.48158]]}},{"type":"Feature","properties":{"id":"way/996056803","kind":"overhead","voltageClass":"medium","voltageKv":132,"name":"Línea de alta tensión Aznalcóllar - La Dehesa y Aznalcóllar - Guillena","circuits":2,"cables":"6","source":"osm"},"geometry":{"type":"LineString","coordinates":[[-6.22746,37.5119],[-6.22446,37.51295],[-6.22321,37.51509],[-6.22035,37.51795],[-6.21769,37.52063]]}},{"type":"Feature","properties":{"id":"way/996056804","kind":"overhead","voltageClass":"medium","voltageKv":132,"name":"Línea de alta tensión Aznalcóllar - Guillena","circuits":1,"cables":"3","source":"osm"},"geometry":{"type":"LineString","coordinates":[[-6.09884,37.63461],[-6.0985,37.63425],[-6.0986,37.63281],[-6.09877,37.63028],[-6.09967,37.62873],[-6.10081,37.62676],[-6.102,37.62472],[-6.10336,37.62238],[-6.10494,37.61964],[-6.10629,37.61731],[-6.10771,37.61562],[-6.10926,37.61376],[-6.1113,37.61132],[-6.11307,37.60921],[-6.11585,37.60589],[-6.12052,37.6003],[-6.12293,37.59795],[-6.12493,37.59601],[-6.12827,37.59278],[-6.13035,37.59074],[-6.13276,37.58841],[-6.13505,37.58619],[-6.13742,37.5839],[-6.14067,37.58074],[-6.14281,37.57865],[-6.14762,37.57398],[-6.1493,37.57233],[-6.152,37.57029],[-6.15432,37.56854],[-6.15875,37.56521],[-6.16225,37.56256],[-6.16564,37.55998],[-6.16848,37.55784],[-6.17133,37.55568],[-6.17513,37.55281],[-6.17752,37.55101],[-6.17935,37.54964],[-6.18224,37.54746],[-6.18511,37.54528],[-6.18768,37.54335],[-6.1899,37.54167],[-6.19191,37.54014],[-6.1939,37.53863],[-6.19557,37.53737],[-6.19722,37.53612],[-6.20143,37.53293],[-6.20475,37.53042],[-6.20744,37.52837],[-6.21105,37.52564],[-6.21448,37.52304],[-6.21769,37.52063]]}},{"type":"Feature","properties":{"id":"way/996070947","kind":"overhead","voltageClass":"low","voltageKv":66,"name":"Línea de alta tensión Pintado - San Nicolás","circuits":1,"cables":"3","source":"osm"},"geometry":{"type":"LineString","coordinates":[[-5.65832,37.99612],[-5.65832,37.99573],[-5.65898,37.99405],[-5.6605,37.99296],[-5.66637,37.99175],[-5.67127,37.98913],[-5.67526,37.98699],[-5.68024,37.98432],[-5.68536,37.98158],[-5.68732,37.98113],[-5.69002,37.98052],[-5.6926,37.97994],[-5.69704,37.97893],[-5.70195,37.97782],[-5.70466,37.9772],[-5.70914,37.97619],[-5.71341,37.97522],[-5.71746,37.9743],[-5.72053,37.97361],[-5.72474,37.97265],[-5.72704,37.97213],[-5.73136,37.97115],[-5.73467,37.9704],[-5.73794,37.96966],[-5.74084,37.969],[-5.74424,37.96824],[-5.74729,37.96754],[-5.7499,37.96695],[-5.7565,37.96545],[-5.75952,37.96476],[-5.76196,37.96422],[-5.76441,37.96366],[-5.7682,37.9628],[-5.77047,37.96228],[-5.77545,37.96115],[-5.77806,37.96055],[-5.7811,37.95987],[-5.78484,37.95902],[-5.78763,37.95838],[-5.79238,37.95731],[-5.79361,37.95668],[-5.7965,37.9552],[-5.79968,37.95358],[-5.80239,37.95219],[-5.80576,37.95048],[-5.80896,37.94883],[-5.8123,37.94714],[-5.81519,37.94566],[-5.82044,37.94298],[-5.8246,37.94087],[-5.83159,37.93933],[-5.83439,37.93871],[-5.83611,37.93834],[-5.83975,37.93753],[-5.84261,37.93689],[-5.8477,37.93575],[-5.85136,37.93496],[-5.85576,37.93399],[-5.86058,37.93292],[-5.86456,37.93205],[-5.8707,37.93069],[-5.87606,37.92951],[-5.88186,37.92822],[-5.88615,37.92728],[-5.88767,37.92695],[-5.8939,37.92557],[-5.89726,37.92482],[-5.90044,37.92412],[-5.90703,37.92267],[-5.9105,37.9219],[-5.91194,37.92155],[-5.91717,37.92027],[-5.91997,37.91958],[-5.92211,37.91906],[-5.92654,37.91797],[-5.92992,37.91715],[-5.93241,37.91653],[-5.93083,37.91629]]}},{"type":"Feature","properties":{"id":"way/996070948","kind":"overhead","voltageClass":"low","voltageKv":66,"name":"Línea de alta tensión Llerena - Pintado","circuits":1,"cables":"3","source":"osm"},"geometry":{"type":"LineString","coordinates":[[-5.93081,37.91624],[-5.93233,37.91629],[-5.93451,37.91784],[-5.93575,37.91871],[-5.9366,37.9193],[-5.93957,37.9196],[-5.94144,37.91979],[-5.94497,37.92015],[-5.94715,37.92037],[-5.94879,37.92054],[-5.95018,37.92068],[-5.95136,37.9208],[-5.95376,37.92104],[-5.95771,37.92143],[-5.95961,37.92162],[-5.96182,37.92184],[-5.96286,37.92184],[-5.96172,37.92434],[-5.96072,37.92653],[-5.96027,37.92753],[-5.95995,37.9282],[-5.95941,37.92938],[-5.9573,37.934],[-5.95601,37.9368],[-5.95505,37.93886],[-5.95443,37.94025],[-5.95374,37.94301],[-5.95302,37.946],[-5.95277,37.94706],[-5.95233,37.94886],[-5.95186,37.95082],[-5.95141,37.95268],[-5.95117,37.95365],[-5.95384,37.95754],[-5.95514,37.95945],[-5.95712,37.96234],[-5.95827,37.96355],[-5.96115,37.96656],[-5.96333,37.96884],[-5.96545,37.97104],[-5.96836,37.97409],[-5.96955,37.97534],[-5.97089,37.97674],[-5.9727,37.97863],[-5.97438,37.98038],[-5.97544,37.98147],[-5.9765,37.98259],[-5.97766,37.98381],[-5.97894,37.98515],[-5.97984,37.98609],[-5.98127,37.98759],[-5.98278,37.98916],[-5.98378,37.99021],[-5.98552,37.99203],[-5.98726,37.99357],[-5.9884,37.9946],[-5.99037,37.99635],[-5.99197,37.99777],[-5.99344,37.99909],[-5.99544,38.00087],[-5.99674,38.00203],[-6.00044,38.00534],[-6.00262,38.00727],[-6.00402,38.00853],[-6.00532,38.00968],[-6.00696,38.01117],[-6.00838,38.0124],[-6.01054,38.01435],[-6.0128,38.01635],[-6.01434,38.01772],[-6.01587,38.01909],[-6.01718,38.02025],[-6.01863,38.02154],[-6.02024,38.02297],[-6.02195,38.02448],[-6.02523,38.0274],[-6.02669,38.02869],[-6.02723,38.02974],[-6.02808,38.03136],[-6.02898,38.03308],[-6.02992,38.03488],[-6.03133,38.03757],[-6.03244,38.03967],[-6.03462,38.04383],[-6.03598,38.04639],[-6.03657,38.04757],[-6.03791,38.05007],[-6.03929,38.0527],[-6.04131,38.05655],[-6.04192,38.0577],[-6.0433,38.06036],[-6.04466,38.06292]]}},{"type":"Feature","properties":{"id":"way/996070951","kind":"overhead","voltageClass":"medium","voltageKv":132,"name":"Línea de alta tensión Cala - Pintado","circuits":1,"cables":"3","source":"osm"},"geometry":{"type":"LineString","coordinates":[[-6.13425,37.66847],[-6.13218,37.66941],[-6.13031,37.67124],[-6.12811,37.67337],[-6.12716,37.6743],[-6.12525,37.67616],[-6.12399,37.67739],[-6.12203,37.67928],[-6.11999,37.68126],[-6.11842,37.68276],[-6.11638,37.68474],[-6.11471,37.68634],[-6.11252,37.68847],[-6.1109,37.69003],[-6.1095,37.69139],[-6.10823,37.69262],[-6.1058,37.69497],[-6.1044,37.69632],[-6.10293,37.69774],[-6.10149,37.69913],[-6.10025,37.70034],[-6.09853,37.702],[-6.09678,37.70368],[-6.09531,37.70511],[-6.09403,37.70634],[-6.09261,37.70769],[-6.08915,37.71107],[-6.08544,37.71464],[-6.08534,37.71801],[-6.08524,37.72136],[-6.08517,37.72328],[-6.08506,37.72695],[-6.08491,37.73166],[-6.08488,37.73271],[-6.08483,37.73445],[-6.08473,37.73748],[-6.08465,37.74033],[-6.08458,37.74234],[-6.0845,37.7449],[-6.08447,37.74616],[-6.08441,37.74785],[-6.08435,37.74971],[-6.08426,37.75292],[-6.08422,37.75422],[-6.08416,37.75576],[-6.08413,37.75783],[-6.08399,37.76118],[-6.08388,37.76463],[-6.08385,37.76573],[-6.08363,37.77292],[-6.08359,37.77425],[-6.08269,37.7758],[-6.08148,37.77788],[-6.0802,37.78005],[-6.07902,37.78208],[-6.07821,37.78348],[-6.0772,37.7852],[-6.07632,37.7867],[-6.07483,37.78787],[-6.07375,37.78872],[-6.07205,37.79005],[-6.06986,37.79177],[-6.0667,37.79426],[-6.06266,37.79742],[-6.0609,37.7988],[-6.05879,37.80046],[-6.05563,37.80293],[-6.05389,37.8043],[-6.05262,37.80529],[-6.05117,37.80643],[-6.04838,37.80862],[-6.0444,37.81172],[-6.04163,37.81389],[-6.04017,37.81505],[-6.03787,37.81685],[-6.03612,37.81821],[-6.03402,37.81987],[-6.03042,37.82267],[-6.02948,37.82368],[-6.02725,37.82607],[-6.02615,37.82723],[-6.02461,37.82888],[-6.02304,37.83055],[-6.02147,37.83222],[-6.01991,37.83389],[-6.0164,37.83762],[-6.01529,37.83879],[-6.01439,37.83975],[-6.01341,37.84079],[-6.01178,37.84253],[-6.01036,37.84404],[-6.00814,37.8464],[-6.00696,37.84765],[-6.00268,37.85221],[-6.00162,37.85333],[-5.99748,37.85773],[-5.99522,37.86013],[-5.99356,37.86188],[-5.99218,37.86335],[-5.98893,37.86681],[-5.98633,37.86957],[-5.98396,37.87209],[-5.98221,37.87395],[-5.97984,37.87646],[-5.97884,37.87752],[-5.97833,37.87899],[-5.97491,37.88841],[-5.97345,37.89248],[-5.97185,37.89689],[-5.97049,37.90066],[-5.96967,37.90306],[-5.96898,37.90486],[-5.96861,37.90586],[-5.96772,37.90849],[-5.96689,37.91099],[-5.96604,37.91349],[-5.9653,37.91418],[-5.96308,37.91535],[-5.95684,37.91862],[-5.95511,37.9189],[-5.95041,37.91965],[-5.9482,37.92001],[-5.94555,37.91963],[-5.94348,37.91934],[-5.94145,37.91905],[-5.93738,37.91847],[-5.93554,37.91752],[-5.93425,37.91622],[-5.9325,37.91543],[-5.93066,37.91594]]}},{"type":"Feature","properties":{"id":"way/996070952","kind":"overhead","voltageClass":"medium","voltageKv":132,"name":"Línea de alta tensión Cala - Guillena y Cala - La Dehesa","circuits":2,"cables":"6","source":"osm"},"geometry":{"type":"LineString","coordinates":[[-6.14223,37.66171],[-6.14083,37.66448],[-6.13951,37.66571],[-6.13835,37.6668],[-6.1351,37.66808]]}},{"type":"Feature","properties":{"id":"way/996070956","kind":"overhead","voltageClass":"medium","voltageKv":132,"name":"Línea de alta tensión Cala - La Dehesa","circuits":1,"cables":"3","source":"osm"},"geometry":{"type":"LineString","coordinates":[[-6.14223,37.66171],[-6.14263,37.66125],[-6.14279,37.6597],[-6.14311,37.65702],[-6.14347,37.65386],[-6.14376,37.65129],[-6.14394,37.64967],[-6.14533,37.64833],[-6.14596,37.64771],[-6.1472,37.64647],[-6.14914,37.64621],[-6.15147,37.6459],[-6.15375,37.64559],[-6.15659,37.64581],[-6.15902,37.64628],[-6.16105,37.64668],[-6.16319,37.64709],[-6.1654,37.64751],[-6.16746,37.64791],[-6.16933,37.64827],[-6.17175,37.64874],[-6.17418,37.64921],[-6.17563,37.64942],[-6.17798,37.64977],[-6.18,37.65007],[-6.18259,37.65045],[-6.18466,37.65076],[-6.18722,37.65114],[-6.1887,37.65136],[-6.19144,37.65177],[-6.19375,37.65211],[-6.19586,37.65243],[-6.19792,37.65273],[-6.1999,37.65302],[-6.20218,37.65336],[-6.20482,37.65376],[-6.20577,37.65389],[-6.2097,37.65448],[-6.21157,37.65475],[-6.21366,37.65507],[-6.21622,37.65544],[-6.21785,37.65632],[-6.21975,37.65733],[-6.2218,37.65843],[-6.22385,37.65952],[-6.22527,37.66027],[-6.22702,37.66121],[-6.22933,37.66245],[-6.23116,37.66342],[-6.23323,37.66451],[-6.23476,37.66535],[-6.23531,37.66621],[-6.23617,37.66757],[-6.23701,37.66888],[-6.2379,37.67031],[-6.23869,37.67155],[-6.23962,37.67302],[-6.2405,37.67346],[-6.24295,37.67469],[-6.24457,37.67551],[-6.24606,37.67626],[-6.24759,37.67703],[-6.24866,37.67756],[-6.25014,37.67831],[-6.25194,37.67862],[-6.25388,37.67897],[-6.25494,37.6789],[-6.25804,37.67868],[-6.2606,37.67851],[-6.26286,37.67836],[-6.26447,37.67826],[-6.26646,37.67811],[-6.26867,37.67797],[-6.27039,37.67786],[-6.27141,37.67778],[-6.27386,37.67762],[-6.27594,37.67881],[-6.27782,37.67988],[-6.27997,37.6811],[-6.28214,37.68233],[-6.28333,37.68301],[-6.28551,37.68425],[-6.2872,37.68521],[-6.28923,37.68637],[-6.29127,37.68753],[-6.29343,37.68841],[-6.2959,37.68942],[-6.29813,37.69033],[-6.3005,37.69129],[-6.30244,37.69209],[-6.30453,37.69294],[-6.30667,37.69381],[-6.30903,37.69476],[-6.31034,37.6953],[-6.3125,37.69617],[-6.31458,37.69754],[-6.31693,37.69908],[-6.31896,37.70009],[-6.32105,37.70113],[-6.32261,37.7019],[-6.32476,37.70296],[-6.32693,37.70403],[-6.32827,37.70469],[-6.33122,37.70615],[-6.33367,37.70571],[-6.33579,37.70533],[-6.33824,37.70489],[-6.34025,37.70453],[-6.34234,37.70416],[-6.34613,37.70348],[-6.34863,37.70304],[-6.35116,37.70258],[-6.35286,37.70228],[-6.35721,37.70149],[-6.35941,37.7011],[-6.36085,37.70085],[-6.36329,37.70041],[-6.36554,37.7],[-6.36688,37.69976],[-6.36854,37.69947],[-6.37091,37.69882],[-6.37323,37.69815],[-6.37495,37.69768],[-6.37752,37.69696],[-6.37982,37.69632],[-6.38382,37.69521],[-6.38774,37.69412],[-6.39051,37.69334],[-6.39422,37.69231],[-6.39592,37.69264],[-6.39807,37.69305],[-6.39987,37.69339],[-6.40352,37.69408],[-6.40522,37.69442],[-6.40694,37.69474],[-6.40892,37.69512],[-6.41062,37.69545],[-6.41265,37.69582],[-6.41488,37.69566],[-6.41667,37.6955],[-6.41887,37.69532],[-6.42157,37.69509],[-6.42391,37.69489],[-6.42543,37.69476],[-6.42754,37.69459],[-6.42993,37.69439],[-6.43216,37.69419],[-6.43467,37.69398],[-6.43694,37.69378],[-6.43879,37.69433],[-6.44141,37.6951],[-6.443,37.69557],[-6.44476,37.69609],[-6.4471,37.69678],[-6.45059,37.69781],[-6.45452,37.69897],[-6.45835,37.69935],[-6.4606,37.69958],[-6.46283,37.6998],[-6.46514,37.70003],[-6.46774,37.70029],[-6.46952,37.70047],[-6.47273,37.70078],[-6.47475,37.701],[-6.47802,37.70132],[-6.48081,37.70159],[-6.48493,37.70239],[-6.48695,37.70277],[-6.48873,37.70311],[-6.49092,37.70353],[-6.49243,37.70381],[-6.49533,37.70437],[-6.497,37.70469],[-6.49876,37.70503],[-6.50067,37.7054],[-6.50337,37.70592],[-6.50555,37.70633],[-6.50773,37.70675],[-6.51189,37.70754],[-6.51513,37.70815],[-6.51696,37.70851],[-6.51923,37.70894],[-6.52179,37.70943],[-6.52359,37.70977],[-6.52614,37.71027],[-6.52852,37.71072],[-6.53055,37.7111],[-6.5319,37.71137],[-6.53463,37.71188],[-6.53837,37.7126],[-6.53933,37.71278],[-6.5421,37.71331],[-6.5457,37.714],[-6.5495,37.71473],[-6.55332,37.71546],[-6.55838,37.71642],[-6.56016,37.71676],[-6.56294,37.71729],[-6.56489,37.71766],[-6.57124,37.71985],[-6.5725,37.72066],[-6.57461,37.72202],[-6.57625,37.72309],[-6.57778,37.72314],[-6.57907,37.72224],[-6.57927,37.72183]]}},{"type":"Feature","properties":{"id":"way/996072199","kind":"overhead","voltageClass":"low","voltageKv":66,"name":null,"circuits":2,"cables":"6","source":"osm"},"geometry":{"type":"LineString","coordinates":[[-6.45324,37.90705],[-6.44996,37.90473],[-6.44986,37.90465]]}},{"type":"Feature","properties":{"id":"way/996073082","kind":"overhead","voltageClass":"low","voltageKv":66,"name":"Línea de alta tensión Embalse de Aracena - Embalse de Zufre","circuits":1,"cables":"3","source":"osm"},"geometry":{"type":"LineString","coordinates":[[-6.45341,37.90704],[-6.45324,37.90695],[-6.45254,37.90632],[-6.45067,37.90362],[-6.45031,37.90309],[-6.44869,37.90074],[-6.4473,37.89873],[-6.44626,37.89719],[-6.44474,37.89497],[-6.44213,37.89117],[-6.44146,37.8902],[-6.44008,37.88819],[-6.43873,37.88623],[-6.43724,37.8841],[-6.43677,37.88336],[-6.43436,37.87987],[-6.43382,37.87906],[-6.43217,37.87664],[-6.43067,37.87446],[-6.42831,37.87102],[-6.42755,37.86992],[-6.42472,37.86578],[-6.42397,37.8632],[-6.42347,37.86236],[-6.42167,37.85941],[-6.41917,37.8571],[-6.41825,37.85626],[-6.41715,37.85461],[-6.41661,37.85375],[-6.41446,37.85033],[-6.41269,37.84754],[-6.41138,37.84546],[-6.40996,37.84322],[-6.40854,37.84097],[-6.4075,37.83932],[-6.40628,37.83738],[-6.40555,37.83688],[-6.404,37.8358],[-6.40191,37.83435],[-6.3999,37.83295],[-6.39768,37.83141],[-6.3949,37.82948],[-6.39221,37.82761],[-6.38986,37.82597],[-6.38715,37.82408],[-6.38416,37.82201],[-6.3832,37.82134],[-6.3805,37.81945],[-6.37758,37.81742],[-6.37532,37.81585],[-6.37386,37.81513],[-6.3718,37.81412],[-6.36817,37.81235],[-6.36435,37.81048],[-6.36047,37.80855],[-6.356,37.80638],[-6.35352,37.80588],[-6.34937,37.80506],[-6.34678,37.80454],[-6.34392,37.80396],[-6.34085,37.80335],[-6.33876,37.80293],[-6.33629,37.80244],[-6.33378,37.80193],[-6.33078,37.80133],[-6.32828,37.80118],[-6.32512,37.80099],[-6.32277,37.80085],[-6.32093,37.80073],[-6.31787,37.80054],[-6.31554,37.80041],[-6.3122,37.8002],[-6.30892,37.8],[-6.30587,37.79981],[-6.30432,37.79861],[-6.30208,37.79688],[-6.29922,37.797],[-6.29727,37.79709],[-6.29203,37.79734],[-6.28675,37.79756],[-6.28588,37.79732],[-6.28346,37.7966],[-6.28027,37.79567],[-6.27969,37.79597],[-6.2787,37.79646],[-6.27856,37.79633]]}},{"type":"Feature","properties":{"id":"way/996098041","kind":"overhead","voltageClass":"low","voltageKv":66,"name":"Línea de alta tensión Dehesa - Embalse de Aracena - Moleona - Presur","circuits":1,"cables":"3","source":"osm"},"geometry":{"type":"LineString","coordinates":[[-6.35347,37.9528],[-6.35357,37.95278],[-6.3537,37.9527],[-6.35864,37.9497],[-6.36435,37.94597],[-6.36621,37.94475],[-6.36954,37.94254],[-6.37128,37.94167],[-6.37331,37.94083],[-6.37705,37.93913],[-6.38079,37.93742],[-6.38547,37.93528],[-6.38869,37.93381],[-6.39286,37.9319],[-6.39663,37.93017],[-6.39875,37.92921],[-6.40074,37.9283],[-6.40504,37.92633],[-6.40834,37.92482],[-6.41006,37.92404],[-6.41259,37.92288],[-6.4181,37.92036],[-6.41981,37.91958],[-6.42379,37.91776],[-6.42573,37.91687],[-6.43156,37.91421],[-6.43693,37.91175],[-6.44049,37.91012],[-6.44272,37.9091],[-6.4451,37.90801],[-6.44806,37.90666],[-6.44986,37.90465]]}},{"type":"Feature","properties":{"id":"way/996098043","kind":"overhead","voltageClass":"low","voltageKv":66,"name":"Línea de alta tensión Presur - Río Narcea","circuits":1,"cables":"3","source":"osm"},"geometry":{"type":"LineString","coordinates":[[-6.35351,37.95285],[-6.35357,37.95278],[-6.35375,37.9528],[-6.35504,37.95361],[-6.35502,37.95454],[-6.35354,37.95643],[-6.3506,37.95626],[-6.34737,37.9559],[-6.34439,37.95541],[-6.34211,37.95505],[-6.34009,37.95474],[-6.33749,37.95516],[-6.33473,37.95561],[-6.33199,37.95576],[-6.32874,37.95593],[-6.32583,37.95609],[-6.32364,37.9582],[-6.32248,37.9593],[-6.32068,37.96102],[-6.31903,37.96222],[-6.31691,37.96358],[-6.31498,37.96481],[-6.31245,37.96528],[-6.30887,37.96595],[-6.30642,37.9664],[-6.30283,37.96711],[-6.29978,37.96604],[-6.29692,37.96613],[-6.29404,37.96621],[-6.29117,37.96564],[-6.28834,37.96506],[-6.28529,37.96438],[-6.28203,37.96366],[-6.27872,37.96293],[-6.27541,37.96219],[-6.27189,37.96141],[-6.26949,37.96088],[-6.26742,37.96042],[-6.26531,37.96043],[-6.26209,37.96045],[-6.26099,37.96045],[-6.25783,37.95905],[-6.25502,37.95779],[-6.25254,37.9567],[-6.24997,37.95666],[-6.24656,37.95662],[-6.24303,37.95657],[-6.24018,37.95653],[-6.2367,37.95648],[-6.23391,37.95644],[-6.22991,37.95638],[-6.22653,37.95704],[-6.22395,37.95689],[-6.22204,37.95678],[-6.21915,37.95618],[-6.21636,37.95561],[-6.21273,37.95486],[-6.21056,37.95442],[-6.20824,37.95303],[-6.20559,37.95145],[-6.20294,37.95095],[-6.20036,37.95051],[-6.19725,37.95061],[-6.19354,37.95072],[-6.19037,37.95083],[-6.18686,37.95094],[-6.18483,37.95331],[-6.18282,37.95566],[-6.18141,37.95839],[-6.18042,37.96168],[-6.17984,37.96361],[-6.17924,37.9656],[-6.18032,37.96688],[-6.18066,37.96695]]}},{"type":"Feature","properties":{"id":"way/997703625","kind":"overhead","voltageClass":"low","voltageKv":66,"name":null,"circuits":1,"cables":"3","source":"osm"},"geometry":{"type":"LineString","coordinates":[[-6.51019,37.66563],[-6.51178,37.66664],[-6.51669,37.66834],[-6.51865,37.66902],[-6.52353,37.67071],[-6.52573,37.67147],[-6.5308,37.6728],[-6.53644,37.67193],[-6.53895,37.6717],[-6.54193,37.67142],[-6.54663,37.67135],[-6.54781,37.67148],[-6.55256,37.671],[-6.5555,37.67071],[-6.55855,37.6704],[-6.56064,37.67002],[-6.56413,37.67174],[-6.56684,37.67306],[-6.56907,37.67414],[-6.57227,37.67571],[-6.57595,37.67899],[-6.57754,37.68041],[-6.57807,37.68394],[-6.57854,37.68721],[-6.57856,37.68885],[-6.58039,37.68984],[-6.58192,37.68979],[-6.58499,37.69095],[-6.58599,37.69168],[-6.5875,37.6928],[-6.58897,37.69405],[-6.59137,37.69606],[-6.59288,37.69875],[-6.59381,37.7002],[-6.59411,37.70126],[-6.59491,37.70406],[-6.59558,37.70635],[-6.59616,37.70834],[-6.59519,37.71043],[-6.59461,37.7117],[-6.59315,37.71369],[-6.59161,37.71576],[-6.59052,37.71724],[-6.58835,37.71782],[-6.58404,37.71895],[-6.58243,37.71938],[-6.57913,37.72045]]}},{"type":"Feature","properties":{"id":"way/997703632","kind":"overhead","voltageClass":"low","voltageKv":66,"name":"Línea de alta tensión La Dehesa - Moleona - Embalse de Aracena - Presur","circuits":1,"cables":"3","source":"osm"},"geometry":{"type":"LineString","coordinates":[[-6.57887,37.72096],[-6.57843,37.72081],[-6.57701,37.72032],[-6.57562,37.7206],[-6.57459,37.72086],[-6.57407,37.72161],[-6.57352,37.72242],[-6.57221,37.72362],[-6.57028,37.7255],[-6.56117,37.73418],[-6.55898,37.73628],[-6.55774,37.73745],[-6.55401,37.74101],[-6.55274,37.74222],[-6.54781,37.74694],[-6.54637,37.74828],[-6.545,37.74961],[-6.54284,37.75165],[-6.54097,37.75344],[-6.53733,37.7569],[-6.5368,37.75742],[-6.53292,37.76077],[-6.53252,37.76114],[-6.52802,37.76502],[-6.52509,37.76757],[-6.52045,37.77161],[-6.51826,37.77349],[-6.51625,37.7752],[-6.50593,37.78419],[-6.49928,37.78993],[-6.49665,37.79221],[-6.49409,37.79445],[-6.48944,37.79844],[-6.48653,37.80096],[-6.48625,37.80383],[-6.48591,37.80697],[-6.48569,37.8091],[-6.4853,37.81325],[-6.48477,37.81862],[-6.48447,37.82114],[-6.4835,37.83138],[-6.48326,37.83374],[-6.48301,37.83632],[-6.48265,37.84003],[-6.48247,37.84169],[-6.48222,37.84431],[-6.48197,37.8469],[-6.48165,37.84991],[-6.48142,37.85232],[-6.48032,37.86328],[-6.47971,37.86868],[-6.47955,37.87101]]}},{"type":"Feature","properties":{"id":"way/997890337","kind":"overhead","voltageClass":"medium","voltageKv":132,"name":null,"circuits":2,"cables":"6","source":"osm"},"geometry":{"type":"LineString","coordinates":[[-5.54625,37.6616],[-5.54882,37.66251]]}},{"type":"Feature","properties":{"id":"way/997896780","kind":"overhead","voltageClass":"low","voltageKv":66,"name":"Línea de alta tensión Alcolea del Río - Lora del Río","circuits":1,"cables":"3","source":"osm"},"geometry":{"type":"LineString","coordinates":[[-5.28535,37.7438],[-5.28721,37.74289],[-5.28988,37.74159],[-5.29219,37.74047],[-5.29623,37.73798],[-5.30058,37.7353],[-5.30188,37.73451],[-5.3029,37.73384],[-5.30422,37.73301],[-5.30573,37.73207],[-5.30695,37.73131],[-5.30872,37.73021],[-5.31017,37.72931],[-5.31195,37.72819],[-5.31339,37.72729],[-5.31475,37.72694],[-5.31728,37.72627],[-5.31962,37.7256],[-5.32138,37.72513],[-5.32818,37.72325],[-5.33791,37.72052],[-5.34579,37.71833],[-5.34779,37.71777],[-5.3532,37.71642],[-5.35789,37.71498],[-5.36268,37.71363],[-5.37562,37.70998],[-5.38001,37.70881],[-5.38249,37.70812],[-5.39269,37.70525],[-5.3952,37.70459],[-5.39697,37.70407],[-5.40274,37.70245],[-5.4046,37.70192],[-5.40586,37.70157],[-5.41007,37.70039],[-5.41216,37.6998],[-5.41443,37.69921],[-5.4165,37.6986],[-5.41862,37.698],[-5.42078,37.69739],[-5.42299,37.69677],[-5.42484,37.69625],[-5.4288,37.69514],[-5.43133,37.69439],[-5.43408,37.69369],[-5.43643,37.69303],[-5.43843,37.69248],[-5.44099,37.69178],[-5.44206,37.69148],[-5.44513,37.69059],[-5.44744,37.69003],[-5.44939,37.68952],[-5.45127,37.68903],[-5.45345,37.68845],[-5.46135,37.68637],[-5.46758,37.68471],[-5.47439,37.68288],[-5.47899,37.68166],[-5.48285,37.68084],[-5.48532,37.68021],[-5.49486,37.67775],[-5.49972,37.67649],[-5.50646,37.67474],[-5.50804,37.67431],[-5.51168,37.67333],[-5.51564,37.6723],[-5.5176,37.67176],[-5.51925,37.67133],[-5.52037,37.67103],[-5.52136,37.67048],[-5.52501,37.66846],[-5.52737,37.6669],[-5.52961,37.66522],[-5.53098,37.66444],[-5.53226,37.66424],[-5.53326,37.66398],[-5.53458,37.66317],[-5.53577,37.66254],[-5.53639,37.66218],[-5.53832,37.66111],[-5.53964,37.6603],[-5.53974,37.66026],[-5.54369,37.65815],[-5.54551,37.65716],[-5.54741,37.65612],[-5.54851,37.65551],[-5.54922,37.65517],[-5.55104,37.65412],[-5.55299,37.65305],[-5.55472,37.65211],[-5.5565,37.65113],[-5.55851,37.65003],[-5.56216,37.64803],[-5.5638,37.64714],[-5.5654,37.64628],[-5.56755,37.64508],[-5.56993,37.6438],[-5.57193,37.6427],[-5.57395,37.64161],[-5.57692,37.64014],[-5.57975,37.63847],[-5.58387,37.63625],[-5.58569,37.63524],[-5.58682,37.63464],[-5.58904,37.63344],[-5.59183,37.63195],[-5.59423,37.63067],[-5.5983,37.62845],[-5.60075,37.62714],[-5.60251,37.6262],[-5.60529,37.62472],[-5.60992,37.62226],[-5.6131,37.6205],[-5.61636,37.61979],[-5.62029,37.61999],[-5.6224,37.62009],[-5.62475,37.6202],[-5.62753,37.62033],[-5.6332,37.62058],[-5.63798,37.62085],[-5.64028,37.62096],[-5.64494,37.62125],[-5.64983,37.62154],[-5.65566,37.62179],[-5.65825,37.62194],[-5.6613,37.62217],[-5.66373,37.6223],[-5.66616,37.62237],[-5.66836,37.6241],[-5.67013,37.62542],[-5.67096,37.62388],[-5.67088,37.62207],[-5.67066,37.62198]]}},{"type":"Feature","properties":{"id":"way/997925639","kind":"overhead","voltageClass":"medium","voltageKv":132,"name":"Línea de alta tensión Grullas - Moratalla y Rivero - Setefilla","circuits":2,"cables":"6","source":"osm"},"geometry":{"type":"LineString","coordinates":[[-5.20533,37.78924],[-5.20785,37.78788],[-5.21278,37.78521],[-5.21525,37.78386],[-5.21789,37.78245],[-5.21988,37.78137],[-5.22282,37.77979],[-5.22576,37.77818],[-5.22866,37.77662],[-5.23158,37.77502],[-5.23444,37.77347],[-5.23717,37.77198],[-5.23992,37.77049],[-5.24281,37.76894],[-5.24562,37.7674],[-5.24846,37.76584],[-5.25128,37.76432],[-5.2542,37.76275],[-5.25711,37.76113],[-5.25993,37.75962],[-5.26278,37.75805],[-5.26546,37.75661],[-5.26846,37.75498],[-5.27082,37.75368],[-5.27355,37.75217],[-5.27638,37.75062],[-5.27921,37.74907],[-5.28192,37.74757],[-5.28444,37.74618]]}},{"type":"Feature","properties":{"id":"way/997925647","kind":"overhead","voltageClass":"low","voltageKv":66,"name":null,"circuits":2,"cables":"6","source":"osm"},"geometry":{"type":"LineString","coordinates":[[-5.28535,37.7438],[-5.2867,37.74112]]}},{"type":"Feature","properties":{"id":"way/997925648","kind":"overhead","voltageClass":"medium","voltageKv":132,"name":null,"circuits":2,"cables":"6","source":"osm"},"geometry":{"type":"LineString","coordinates":[[-5.28444,37.74618],[-5.28402,37.7443],[-5.28616,37.7408]]}},{"type":"Feature","properties":{"id":"way/998002096","kind":"overhead","voltageClass":"low","voltageKv":66,"name":"Línea de alta tensión Alcolea del Río - Cantillana","circuits":1,"cables":"3","source":"osm"},"geometry":{"type":"LineString","coordinates":[[-5.80923,37.58061],[-5.80811,37.58091],[-5.80621,37.58141],[-5.80355,37.5821],[-5.80148,37.58265],[-5.79921,37.58324],[-5.79697,37.5839],[-5.79408,37.58475],[-5.79113,37.58559],[-5.78654,37.58694],[-5.78451,37.58753],[-5.78125,37.5885],[-5.77816,37.58941],[-5.77515,37.59032],[-5.77297,37.59095],[-5.77063,37.59165],[-5.76749,37.59258],[-5.76498,37.59333],[-5.76234,37.59411],[-5.75939,37.59498],[-5.75658,37.59581],[-5.75385,37.59662],[-5.75046,37.59763],[-5.74774,37.59844],[-5.74442,37.59942],[-5.74128,37.60035],[-5.7383,37.60123],[-5.7355,37.60207],[-5.73282,37.60286],[-5.73081,37.60346],[-5.72755,37.60443],[-5.72488,37.60522],[-5.72265,37.60589],[-5.71992,37.60671],[-5.71722,37.60749],[-5.71446,37.6083],[-5.71151,37.60914],[-5.70939,37.60976],[-5.70673,37.61054],[-5.70413,37.6113],[-5.70165,37.61203],[-5.69925,37.61272],[-5.69633,37.61358],[-5.694,37.61425],[-5.69162,37.61496],[-5.68894,37.61573],[-5.68617,37.61655],[-5.68329,37.61738],[-5.68074,37.61812],[-5.67751,37.61907],[-5.67498,37.62021],[-5.67324,37.62098],[-5.6711,37.62194],[-5.67077,37.62184]]}},{"type":"Feature","properties":{"id":"way/998004423","kind":"overhead","voltageClass":"low","voltageKv":15,"name":null,"circuits":1,"cables":"3","source":"osm"},"geometry":{"type":"LineString","coordinates":[[-5.75104,37.59648],[-5.75384,37.59569],[-5.75669,37.59491],[-5.75943,37.59412],[-5.76195,37.59343],[-5.76461,37.59267],[-5.7675,37.59187],[-5.7703,37.59109],[-5.77296,37.59034],[-5.77586,37.58951],[-5.77848,37.58876],[-5.78099,37.58807],[-5.7839,37.58725],[-5.78673,37.58629],[-5.78868,37.58564],[-5.79112,37.58483]]}},{"type":"Feature","properties":{"id":"way/998006508","kind":"overhead","voltageClass":"low","voltageKv":66,"name":"Línea de alta tensión Agribética - Alcalá del Río","circuits":1,"cables":"3","source":"osm"},"geometry":{"type":"LineString","coordinates":[[-5.97472,37.51763],[-5.9745,37.51812],[-5.97414,37.51852],[-5.96875,37.51927],[-5.9675,37.51945],[-5.96519,37.51954],[-5.96312,37.51941],[-5.95914,37.51916],[-5.9569,37.51898],[-5.95463,37.51883],[-5.95239,37.51868],[-5.95013,37.51853],[-5.94786,37.51838],[-5.94592,37.51826],[-5.94366,37.5181],[-5.94149,37.51796],[-5.93924,37.51781],[-5.93699,37.51766],[-5.93472,37.51751],[-5.9327,37.51738],[-5.93056,37.51723],[-5.92605,37.51689],[-5.92451,37.51678],[-5.92248,37.51825],[-5.92053,37.51968],[-5.91871,37.521],[-5.91701,37.52223],[-5.91524,37.52352],[-5.91328,37.52495],[-5.911,37.52662],[-5.90894,37.52813],[-5.90663,37.5298],[-5.90474,37.53118],[-5.90248,37.53191],[-5.89991,37.5335],[-5.89508,37.53629],[-5.89286,37.5375],[-5.89029,37.53888],[-5.8878,37.54023],[-5.88568,37.54152],[-5.88518,37.54095]]}},{"type":"Feature","properties":{"id":"way/998116009","kind":"overhead","voltageClass":"low","voltageKv":66,"name":"Línea de alta tensión Alcalá del Río - Empalme - FASA_REN - RENFEACR","circuits":1,"cables":"3","source":"osm"},"geometry":{"type":"LineString","coordinates":[[-5.97465,37.51762],[-5.9745,37.51812],[-5.97429,37.5168],[-5.97443,37.51489],[-5.97456,37.51302],[-5.9747,37.51114],[-5.97483,37.50926],[-5.97497,37.50739],[-5.97512,37.50534],[-5.97525,37.50347],[-5.97538,37.50161],[-5.97552,37.49975],[-5.97566,37.49791],[-5.9758,37.49606],[-5.97592,37.4942],[-5.97606,37.49235],[-5.97625,37.48975],[-5.975,37.4893],[-5.97532,37.48822],[-5.97573,37.48678],[-5.97592,37.48588],[-5.97621,37.48401],[-5.97627,37.48197],[-5.97562,37.48023],[-5.977,37.47942],[-5.97709,37.47795],[-5.97721,37.47637],[-5.97782,37.47444],[-5.9783,37.47293],[-5.97925,37.46991],[-5.97981,37.46814],[-5.98038,37.46636],[-5.98094,37.46461]]}},{"type":"Feature","properties":{"id":"way/998120896","kind":"overhead","voltageClass":"low","voltageKv":66,"name":"Línea de alta tensión Alcolea del Río - Romeral","circuits":1,"cables":"3","source":"osm"},"geometry":{"type":"LineString","coordinates":[[-5.64964,37.5085],[-5.64972,37.51063],[-5.64983,37.51288],[-5.65014,37.51511],[-5.65046,37.51726],[-5.65079,37.51945],[-5.65111,37.52167],[-5.65144,37.52389],[-5.65173,37.52587],[-5.65206,37.5281],[-5.65238,37.53031],[-5.65269,37.53237],[-5.653,37.53454],[-5.65332,37.5367],[-5.65364,37.53886],[-5.65396,37.54099],[-5.65427,37.54311],[-5.65458,37.54523],[-5.65491,37.54738],[-5.65515,37.54907],[-5.65512,37.55107],[-5.65509,37.55301],[-5.65507,37.55495],[-5.65504,37.557],[-5.65502,37.55905],[-5.65499,37.561],[-5.65496,37.56313],[-5.65494,37.56568],[-5.65491,37.56794],[-5.65489,37.57031],[-5.65486,37.57264],[-5.65482,37.57496],[-5.6548,37.57702],[-5.65478,37.57934],[-5.65475,37.58174],[-5.65472,37.58356],[-5.65469,37.5856],[-5.65466,37.58773],[-5.65463,37.59007],[-5.6546,37.59218],[-5.65457,37.59438],[-5.65455,37.59649],[-5.65451,37.59867],[-5.65449,37.6005],[-5.65447,37.60261],[-5.65443,37.60476],[-5.65441,37.60686],[-5.65439,37.60862],[-5.65502,37.61196],[-5.65635,37.61353],[-5.65793,37.61543],[-5.65922,37.61698],[-5.66065,37.61868],[-5.66204,37.62034],[-5.66334,37.62189],[-5.66537,37.62211],[-5.66634,37.62235],[-5.66821,37.62301],[-5.66989,37.6236],[-5.67046,37.62308],[-5.67053,37.62243],[-5.6704,37.6223]]}},{"type":"Feature","properties":{"id":"way/998120901","kind":"overhead","voltageClass":"medium","voltageKv":132,"name":"Línea de alta tensión San José - Setefilla","circuits":1,"cables":"3","source":"osm"},"geometry":{"type":"LineString","coordinates":[[-5.66846,37.6207],[-5.67138,37.61984]]}},{"type":"Feature","properties":{"id":"way/998120902","kind":"overhead","voltageClass":"medium","voltageKv":132,"name":"Línea de alta tensión Alcolea del Río - Valle Inferior del Guadalquivir y San José - Setefilla","circuits":2,"cables":"6","source":"osm"},"geometry":{"type":"LineString","coordinates":[[-5.67138,37.61984],[-5.6741,37.61908],[-5.6798,37.61746],[-5.68273,37.61662],[-5.68567,37.61577],[-5.68841,37.61501],[-5.69095,37.61426],[-5.69374,37.61349],[-5.69691,37.61258],[-5.70007,37.61167],[-5.70298,37.61083],[-5.70636,37.60988],[-5.70993,37.60885],[-5.71176,37.60769],[-5.71336,37.60672],[-5.71604,37.60503],[-5.71867,37.60344],[-5.72166,37.60265],[-5.72458,37.60188],[-5.72759,37.60108],[-5.73016,37.60041],[-5.73338,37.59955],[-5.7363,37.59876],[-5.73925,37.59798],[-5.74203,37.59724],[-5.74505,37.59642],[-5.74806,37.59561],[-5.75098,37.59484],[-5.75436,37.59394],[-5.75758,37.59307],[-5.76086,37.59219],[-5.76414,37.5913],[-5.76724,37.59047],[-5.77055,37.58958],[-5.77383,37.58868],[-5.77676,37.58788],[-5.78003,37.58699],[-5.78328,37.58611],[-5.7865,37.58523],[-5.78953,37.58441],[-5.79283,37.5835],[-5.79611,37.58261],[-5.79946,37.58171],[-5.80276,37.58079],[-5.80616,37.57986],[-5.80952,37.57894],[-5.81291,37.57801],[-5.81445,37.57685],[-5.81663,37.57517],[-5.81905,37.57334],[-5.82143,37.57151],[-5.82298,37.57033],[-5.82548,37.56843],[-5.82797,37.56654],[-5.83052,37.56458],[-5.83289,37.56281],[-5.83496,37.56123],[-5.83752,37.55929],[-5.83999,37.55741],[-5.84238,37.55558],[-5.84485,37.55371],[-5.84634,37.55258]]}},{"type":"Feature","properties":{"id":"way/998204488","kind":"overhead","voltageClass":"low","voltageKv":66,"name":"Línea de alta tensión Palma del Río - Posadas","circuits":1,"cables":"3","source":"osm"},"geometry":{"type":"LineString","coordinates":[[-5.28535,37.7438],[-5.28365,37.74484],[-5.28304,37.7452],[-5.28111,37.74639],[-5.28064,37.74764],[-5.27893,37.74872],[-5.27721,37.74977],[-5.27451,37.75144],[-5.27315,37.75216],[-5.27165,37.75295],[-5.26982,37.75396],[-5.26802,37.75492],[-5.2661,37.75597],[-5.26402,37.75709],[-5.26175,37.75833],[-5.25984,37.75936],[-5.25856,37.76005],[-5.25515,37.76189],[-5.25334,37.76287],[-5.25144,37.7639],[-5.24972,37.76482],[-5.24806,37.76572],[-5.24609,37.76678],[-5.24434,37.76773],[-5.24291,37.7685],[-5.24053,37.76978],[-5.23871,37.77077],[-5.23687,37.77176],[-5.23493,37.7728],[-5.23266,37.77402],[-5.23077,37.77505],[-5.22896,37.77603],[-5.22716,37.777],[-5.22519,37.77807],[-5.22346,37.77899],[-5.22196,37.77981],[-5.21957,37.78123],[-5.21681,37.78257],[-5.21446,37.78384],[-5.21212,37.7851],[-5.2075,37.78758],[-5.20488,37.78816],[-5.20265,37.78863],[-5.19991,37.78938],[-5.19677,37.79018],[-5.19364,37.79059],[-5.19082,37.79117],[-5.18811,37.79178],[-5.18534,37.79239],[-5.1826,37.79298],[-5.17896,37.79379],[-5.176,37.79443],[-5.17233,37.79524],[-5.16981,37.79575],[-5.16629,37.79656],[-5.16344,37.79719],[-5.16027,37.79788],[-5.15737,37.79852],[-5.15373,37.79935],[-5.1502,37.80009],[-5.14783,37.8006],[-5.14521,37.80119],[-5.14192,37.80191],[-5.13935,37.80247],[-5.13726,37.80294],[-5.1348,37.80348],[-5.12963,37.80462],[-5.12591,37.80544],[-5.12253,37.80619],[-5.11888,37.807],[-5.11526,37.80781],[-5.1127,37.80837],[-5.11022,37.80892],[-5.10634,37.80979],[-5.1045,37.81018],[-5.10263,37.81061],[-5.1018,37.80994]]}},{"type":"Feature","properties":{"id":"way/998208689","kind":"overhead","voltageClass":"medium","voltageKv":132,"name":"Línea de alta tensión Moratalla - Posadas y Posadas - Puente Nuevo","circuits":2,"cables":"6","source":"osm"},"geometry":{"type":"LineString","coordinates":[[-5.09993,37.8122],[-5.10023,37.80915]]}},{"type":"Feature","properties":{"id":"way/998218473","kind":"overhead","voltageClass":"low","voltageKv":66,"name":null,"circuits":2,"cables":"6","source":"osm"},"geometry":{"type":"LineString","coordinates":[[-5.05784,37.75412],[-5.06115,37.75405],[-5.0641,37.754],[-5.06716,37.75372],[-5.07013,37.75555],[-5.07313,37.75694],[-5.0736,37.75986],[-5.07411,37.76279],[-5.07463,37.76574],[-5.07514,37.76866],[-5.07604,37.77407],[-5.07613,37.77449],[-5.07759,37.77737],[-5.07915,37.78058],[-5.0813,37.78478],[-5.08203,37.7863],[-5.08334,37.78894],[-5.08456,37.79133],[-5.08599,37.7936],[-5.08761,37.79612],[-5.08921,37.79859],[-5.09153,37.80147],[-5.09383,37.80435]]}},{"type":"Feature","properties":{"id":"way/998218474","kind":"overhead","voltageClass":"low","voltageKv":66,"name":"Línea de alta tensión Posadas - Villar","circuits":1,"cables":"3","source":"osm"},"geometry":{"type":"LineString","coordinates":[[-5.09987,37.80803],[-5.10027,37.80897],[-5.09939,37.80836],[-5.0983,37.80761],[-5.09635,37.80626],[-5.09515,37.80482],[-5.09329,37.8026],[-5.09197,37.801],[-5.08989,37.7985],[-5.08823,37.79588],[-5.08682,37.79366],[-5.08528,37.79124],[-5.08399,37.78869],[-5.08265,37.78602],[-5.08126,37.78324],[-5.08016,37.78104],[-5.07876,37.77828],[-5.0777,37.77615],[-5.0768,37.77437],[-5.07646,37.77219],[-5.07602,37.76953],[-5.07557,37.76679],[-5.0751,37.76382],[-5.07463,37.76096],[-5.07433,37.7591],[-5.07401,37.75709],[-5.07368,37.75501],[-5.07336,37.75302],[-5.07277,37.74936],[-5.07361,37.74699],[-5.07457,37.74416],[-5.07549,37.74152],[-5.07636,37.73899],[-5.07727,37.7364],[-5.07804,37.73422],[-5.07832,37.73133],[-5.07847,37.72976],[-5.0783,37.72696],[-5.07815,37.72431],[-5.07801,37.72196],[-5.07788,37.71959],[-5.07771,37.71662],[-5.07753,37.71367],[-5.07739,37.71132],[-5.07734,37.70882],[-5.07707,37.7058],[-5.07693,37.7036],[-5.07675,37.70076],[-5.07663,37.69833],[-5.07646,37.69557],[-5.07633,37.69334],[-5.07619,37.69091],[-5.07606,37.68856],[-5.0759,37.68582],[-5.07501,37.68338],[-5.07423,37.68126],[-5.07355,37.6794],[-5.07261,37.67684],[-5.07165,37.6742],[-5.07004,37.66985],[-5.06922,37.66762],[-5.06829,37.66507],[-5.06723,37.66216],[-5.06631,37.65969],[-5.0652,37.65663],[-5.06311,37.65397],[-5.06138,37.65174],[-5.05961,37.64947],[-5.05784,37.6472],[-5.05598,37.64482],[-5.05408,37.64238],[-5.05216,37.63989],[-5.05038,37.6376],[-5.04849,37.63517],[-5.04704,37.63334],[-5.04518,37.63093],[-5.04582,37.62531],[-5.04613,37.62269],[-5.0464,37.62024],[-5.0467,37.6177],[-5.04705,37.61455],[-5.04727,37.61269],[-5.04772,37.60889]]}},{"type":"Feature","properties":{"id":"way/998224472","kind":"overhead","voltageClass":"low","voltageKv":66,"name":"Línea de alta tensión Bembézar - Posadas","circuits":1,"cables":"3","source":"osm"},"geometry":{"type":"LineString","coordinates":[[-5.11161,37.82287],[-5.11013,37.82122],[-5.10962,37.82052],[-5.10804,37.81875],[-5.10715,37.81791],[-5.1064,37.81714],[-5.10545,37.81591],[-5.10409,37.81416],[-5.10338,37.8122],[-5.10265,37.81066],[-5.1018,37.80994]]}},{"type":"Feature","properties":{"id":"way/998228359","kind":"overhead","voltageClass":"low","voltageKv":66,"name":null,"circuits":1,"cables":"3","source":"osm"},"geometry":{"type":"LineString","coordinates":[[-4.91326,37.8511],[-4.91264,37.85039]]}},{"type":"Feature","properties":{"id":"way/998228360","kind":"overhead","voltageClass":"low","voltageKv":66,"name":null,"circuits":1,"cables":"3","source":"osm"},"geometry":{"type":"LineString","coordinates":[[-4.91257,37.85042],[-4.91326,37.8511]]}},{"type":"Feature","properties":{"id":"way/998231879","kind":"overhead","voltageClass":"low","voltageKv":66,"name":"Línea de alta tensión La Carlota - Posadas","circuits":1,"cables":"3","source":"osm"},"geometry":{"type":"LineString","coordinates":[[-5.09994,37.80801],[-5.10066,37.80924],[-5.09977,37.80934],[-5.09754,37.80852],[-5.09469,37.80747],[-5.09216,37.80531],[-5.08939,37.80293],[-5.08717,37.80103],[-5.08467,37.8004],[-5.081,37.79946],[-5.08021,37.79604],[-5.07752,37.79535],[-5.0734,37.79428],[-5.07222,37.79132],[-5.07121,37.78874],[-5.07038,37.78666],[-5.06836,37.78493],[-5.06644,37.78327],[-5.06414,37.78131],[-5.06168,37.7792],[-5.05897,37.77689],[-5.05647,37.77474],[-5.05367,37.77234],[-5.05156,37.77054],[-5.04928,37.76858],[-5.04655,37.76624],[-5.04413,37.76417],[-5.04157,37.76197],[-5.03685,37.75793],[-5.03488,37.75622],[-5.03259,37.75428],[-5.0304,37.7524],[-5.02791,37.75027],[-5.02543,37.74815],[-5.02115,37.74447],[-5.01833,37.74205],[-5.0148,37.73902],[-5.01059,37.7354],[-5.00782,37.73302],[-5.00467,37.73031],[-5.00377,37.72759],[-5.00271,37.72438],[-5.00162,37.7211],[-4.99904,37.71829],[-4.99581,37.71484],[-4.99276,37.71447],[-4.98896,37.71402],[-4.98641,37.71372],[-4.98327,37.71189],[-4.98049,37.71038],[-4.97778,37.70892],[-4.97533,37.7076],[-4.97132,37.7071],[-4.96915,37.70427],[-4.96594,37.70254],[-4.96298,37.70094],[-4.96038,37.69953],[-4.9568,37.6976],[-4.95436,37.69629],[-4.95171,37.69485],[-4.95009,37.69398],[-4.94704,37.69472],[-4.94372,37.69553],[-4.93998,37.69523],[-4.93742,37.69387],[-4.93531,37.69252],[-4.93215,37.69069],[-4.92903,37.68887],[-4.92615,37.6872],[-4.92518,37.68575],[-4.92402,37.68401],[-4.92267,37.682],[-4.92393,37.67978],[-4.92385,37.67967]]}},{"type":"Feature","properties":{"id":"way/1000195833","kind":"overhead","voltageClass":"low","voltageKv":66,"name":"Línea de alta tensión Humilladero - La Roda de Andalucía","circuits":1,"cables":"3","source":"osm"},"geometry":{"type":"LineString","coordinates":[[-4.68097,37.21566],[-4.6815,37.21319],[-4.68533,37.19391],[-4.68588,37.19121],[-4.68634,37.189],[-4.68734,37.18402],[-4.68786,37.18136],[-4.68877,37.17688],[-4.68925,37.17454],[-4.68971,37.17225],[-4.69015,37.17003],[-4.69066,37.1675],[-4.6912,37.16495],[-4.69166,37.16271],[-4.69275,37.1572],[-4.69318,37.15509],[-4.69374,37.15211],[-4.69428,37.14969],[-4.69571,37.14264],[-4.69698,37.13623],[-4.69747,37.13548],[-4.69837,37.13406],[-4.69918,37.1328],[-4.69997,37.13158],[-4.70078,37.13033],[-4.7016,37.12906],[-4.70238,37.12786],[-4.70382,37.12563],[-4.70438,37.12475],[-4.70511,37.12361],[-4.70585,37.12248],[-4.70658,37.12134],[-4.70727,37.12025],[-4.7074,37.11993]]}},{"type":"Feature","properties":{"id":"way/1000195840","kind":"overhead","voltageClass":"low","voltageKv":66,"name":null,"circuits":2,"cables":"6","source":"osm"},"geometry":{"type":"LineString","coordinates":[[-4.74075,37.40085],[-4.74506,37.39953]]}},{"type":"Feature","properties":{"id":"way/1000195860","kind":"overhead","voltageClass":"low","voltageKv":66,"name":null,"circuits":1,"cables":"3","source":"osm"},"geometry":{"type":"LineString","coordinates":[[-4.74075,37.40085],[-4.73761,37.40072],[-4.73469,37.40058],[-4.73213,37.40047],[-4.72983,37.40039],[-4.72702,37.40025],[-4.72367,37.4013],[-4.72257,37.40165],[-4.72158,37.40194],[-4.71936,37.40182],[-4.71756,37.40173],[-4.7141,37.40156],[-4.71176,37.40146],[-4.71044,37.4014],[-4.70743,37.40111],[-4.70433,37.40131],[-4.70127,37.40111],[-4.69869,37.40094],[-4.69538,37.4007],[-4.69193,37.40048],[-4.68903,37.40029],[-4.68653,37.40057],[-4.68403,37.40085],[-4.68135,37.40117],[-4.67509,37.40189],[-4.67258,37.40218],[-4.67075,37.40239],[-4.66544,37.40301],[-4.66308,37.40328],[-4.6592,37.40372],[-4.65672,37.40431],[-4.65445,37.40484],[-4.65217,37.40536],[-4.64961,37.40598],[-4.64584,37.40645],[-4.64292,37.40682],[-4.63997,37.40719],[-4.63683,37.40759],[-4.6329,37.40809],[-4.6304,37.40841],[-4.62767,37.40876],[-4.62462,37.40913],[-4.622,37.40948],[-4.61895,37.40976],[-4.61664,37.40997],[-4.61422,37.4102],[-4.61197,37.4104],[-4.60959,37.41063],[-4.60692,37.41088],[-4.60325,37.41122],[-4.60028,37.41151],[-4.59728,37.41165],[-4.59464,37.41177],[-4.59219,37.41188],[-4.58856,37.41207],[-4.58568,37.4122],[-4.58261,37.41235],[-4.57997,37.41248],[-4.57756,37.4126],[-4.57542,37.4127],[-4.57313,37.41281],[-4.57009,37.41296],[-4.5676,37.41308],[-4.56467,37.41322],[-4.5623,37.41333],[-4.55903,37.41349],[-4.55646,37.41361],[-4.55377,37.41374],[-4.55055,37.4139],[-4.54738,37.41405],[-4.54496,37.41416],[-4.54209,37.41431],[-4.53905,37.41445],[-4.53559,37.41462],[-4.53215,37.41473],[-4.52912,37.41481],[-4.52756,37.41488],[-4.52512,37.41496],[-4.52274,37.41503],[-4.52114,37.41508],[-4.51973,37.41531],[-4.51763,37.41566],[-4.51506,37.4161],[-4.51223,37.41657],[-4.51052,37.41686],[-4.50742,37.41706],[-4.50424,37.41726],[-4.4999,37.41737]]}},{"type":"Feature","properties":{"id":"way/1000195863","kind":"overhead","voltageClass":"low","voltageKv":66,"name":"Línea de alta tensión Cordobilla - Lucena","circuits":1,"cables":"3","source":"osm"},"geometry":{"type":"LineString","coordinates":[[-4.74929,37.37024],[-4.74947,37.37024],[-4.74983,37.37203],[-4.74865,37.37303],[-4.74599,37.37316],[-4.7426,37.37332],[-4.74107,37.37366],[-4.73791,37.37428],[-4.73554,37.37476],[-4.73215,37.37544],[-4.72885,37.3761],[-4.72532,37.37679],[-4.72245,37.37736],[-4.71976,37.37797],[-4.7169,37.37873],[-4.71335,37.37969],[-4.71107,37.38033],[-4.70882,37.38096],[-4.70556,37.38189],[-4.70194,37.38289],[-4.69889,37.38374],[-4.69504,37.38483],[-4.69299,37.3854],[-4.6898,37.3863],[-4.68667,37.38718],[-4.68372,37.388],[-4.68023,37.38899],[-4.67703,37.38988],[-4.67353,37.39086],[-4.6705,37.3917],[-4.66679,37.39275],[-4.66395,37.39354],[-4.66151,37.39422],[-4.65775,37.39529],[-4.65471,37.39613],[-4.65185,37.39693],[-4.64838,37.39791],[-4.64524,37.39879],[-4.64297,37.39943],[-4.6397,37.40035],[-4.63647,37.40125],[-4.63329,37.40214],[-4.62987,37.40309],[-4.62655,37.40403],[-4.623,37.40502],[-4.6197,37.40594],[-4.61646,37.40534],[-4.6137,37.40386],[-4.61134,37.40263],[-4.60843,37.40282],[-4.6055,37.40298],[-4.60246,37.40319],[-4.60048,37.40334],[-4.59769,37.40352],[-4.59412,37.40374],[-4.59055,37.40399],[-4.5882,37.40413],[-4.58413,37.4044],[-4.58104,37.4046],[-4.57735,37.40485],[-4.5742,37.40505],[-4.57176,37.40521],[-4.56813,37.40545],[-4.56595,37.40559],[-4.56307,37.40594],[-4.55933,37.40638],[-4.55661,37.40671],[-4.55351,37.4071],[-4.54981,37.40753],[-4.54665,37.40793],[-4.54349,37.4083],[-4.54092,37.40861],[-4.53787,37.40897],[-4.53484,37.41005],[-4.53267,37.41082],[-4.53043,37.41161],[-4.52942,37.41197],[-4.52653,37.41299],[-4.52397,37.4139],[-4.52087,37.41499],[-4.5179,37.41605],[-4.51422,37.41735],[-4.51173,37.41825],[-4.50828,37.41945],[-4.50574,37.42035],[-4.50361,37.4211],[-4.50166,37.4218],[-4.49814,37.42304],[-4.49521,37.42409],[-4.49296,37.42488],[-4.49114,37.42557],[-4.48813,37.42587],[-4.48458,37.42623],[-4.48168,37.42649],[-4.47951,37.42638],[-4.47884,37.42596]]}},{"type":"Feature","properties":{"id":"way/1000195878","kind":"overhead","voltageClass":"medium","voltageKv":132,"name":null,"circuits":2,"cables":"6","source":"osm"},"geometry":{"type":"LineString","coordinates":[[-4.81305,37.45245],[-4.81385,37.45184]]}},{"type":"Feature","properties":{"id":"way/1000195883","kind":"overhead","voltageClass":"low","voltageKv":66,"name":null,"circuits":1,"cables":"3","source":"osm"},"geometry":{"type":"LineString","coordinates":[[-4.74506,37.39953],[-4.74648,37.39906],[-4.74739,37.39919]]}},{"type":"Feature","properties":{"id":"way/1000195895","kind":"overhead","voltageClass":"low","voltageKv":66,"name":"Línea de alta tensión Cordobilla - Isla Redonda","circuits":1,"cables":"3","source":"osm"},"geometry":{"type":"LineString","coordinates":[[-4.76929,37.37297],[-4.76865,37.37298],[-4.76764,37.37283],[-4.76465,37.3724],[-4.76278,37.37213],[-4.75988,37.37172],[-4.75824,37.37148],[-4.75573,37.37111],[-4.75441,37.37091],[-4.75167,37.37054],[-4.74947,37.37024],[-4.7493,37.37019]]}},{"type":"Feature","properties":{"id":"way/1000195906","kind":"overhead","voltageClass":"low","voltageKv":66,"name":"Línea de alta tensión Estepa - Osuna","circuits":1,"cables":"3","source":"osm"},"geometry":{"type":"LineString","coordinates":[[-5.11597,37.23018],[-5.11648,37.23],[-5.11642,37.22839],[-5.11509,37.22691],[-5.1128,37.2263],[-5.10891,37.22653],[-5.10446,37.22679],[-5.10085,37.22699],[-5.09747,37.22719],[-5.09513,37.22733],[-5.0924,37.22748],[-5.0896,37.22875],[-5.08725,37.2298],[-5.08445,37.23107],[-5.08232,37.23204],[-5.07987,37.23314],[-5.07737,37.23427],[-5.07512,37.23528],[-5.07288,37.2363],[-5.07017,37.23752],[-5.06792,37.23853],[-5.06551,37.23962],[-5.06235,37.24103],[-5.05966,37.24225],[-5.05772,37.24312],[-5.05456,37.24455],[-5.05158,37.2459],[-5.04916,37.24699],[-5.0463,37.24829],[-5.04291,37.24981],[-5.04017,37.25104],[-5.03729,37.25234],[-5.03443,37.25363],[-5.03112,37.25512],[-5.02829,37.2564],[-5.02583,37.25751],[-5.02198,37.25924],[-5.01958,37.26032],[-5.01648,37.26172],[-5.0139,37.26288],[-5.01153,37.26394],[-5.009,37.26509],[-5.00652,37.26621],[-5.0037,37.26748],[-5.00068,37.26883],[-4.99814,37.26997],[-4.995,37.27139],[-4.99212,37.27267],[-4.98871,37.27422],[-4.983,37.27679],[-4.98009,37.2781],[-4.97661,37.27965],[-4.9745,37.28061],[-4.97077,37.28229],[-4.9685,37.28332],[-4.96552,37.28465],[-4.96316,37.28571],[-4.96101,37.28667],[-4.95765,37.28818],[-4.95483,37.28945],[-4.95185,37.29079],[-4.94941,37.29189],[-4.94662,37.29314],[-4.94322,37.29467],[-4.9407,37.29581],[-4.9376,37.2972],[-4.93536,37.29821],[-4.93253,37.29949],[-4.9289,37.30111],[-4.92634,37.30225],[-4.92379,37.3034],[-4.92054,37.30484],[-4.91759,37.30617],[-4.91429,37.30766],[-4.91221,37.30859],[-4.90885,37.31011],[-4.9066,37.31112],[-4.9037,37.31241],[-4.90076,37.31373],[-4.89792,37.31501],[-4.89457,37.3165],[-4.89197,37.31767],[-4.88809,37.31942],[-4.8857,37.3205],[-4.88342,37.32151],[-4.88067,37.32275],[-4.87491,37.32534],[-4.872,37.32664],[-4.86893,37.328]]}},{"type":"Feature","properties":{"id":"way/1000195908","kind":"overhead","voltageClass":"medium","voltageKv":132,"name":"Línea de alta tensión Genil-Cabra - Patamulo","circuits":1,"cables":"3","source":"osm"},"geometry":{"type":"LineString","coordinates":[[-4.70894,37.41079],[-4.71266,37.41196],[-4.71669,37.41323],[-4.71911,37.41399],[-4.7224,37.41502],[-4.72574,37.41608],[-4.7285,37.41693],[-4.73176,37.41796],[-4.73823,37.41999],[-4.74196,37.42116],[-4.74403,37.42181],[-4.74771,37.42296],[-4.75061,37.42387],[-4.75313,37.42466],[-4.75549,37.42542],[-4.75858,37.42637],[-4.76144,37.42726],[-4.76511,37.42841],[-4.76749,37.42916],[-4.76966,37.42984],[-4.77221,37.43065],[-4.77567,37.43251],[-4.77896,37.43426],[-4.78242,37.43612],[-4.7857,37.43788],[-4.78926,37.43979],[-4.79183,37.44117],[-4.79604,37.44342],[-4.79799,37.44447],[-4.8007,37.44592],[-4.80406,37.44772],[-4.80716,37.4494],[-4.80942,37.45087],[-4.81129,37.45171],[-4.81305,37.45245]]}},{"type":"Feature","properties":{"id":"way/1000195909","kind":"overhead","voltageClass":"low","voltageKv":66,"name":"Línea de alta tensión Jauja - Procerán y Montilla - Procerán","circuits":2,"cables":"6","source":"osm"},"geometry":{"type":"LineString","coordinates":[[-4.69907,37.45755],[-4.6974,37.4567],[-4.69539,37.45567],[-4.69254,37.45501],[-4.68886,37.45416],[-4.68571,37.45344],[-4.68243,37.4527],[-4.67889,37.4519],[-4.67558,37.45114],[-4.67217,37.45036],[-4.66887,37.4496],[-4.66608,37.44823]]}},{"type":"Feature","properties":{"id":"way/1000195995","kind":"overhead","voltageClass":"low","voltageKv":66,"name":"Línea de alta tensión Cordobilla - Jauja","circuits":2,"cables":"6","source":"osm"},"geometry":{"type":"LineString","coordinates":[[-4.74813,37.36907],[-4.74645,37.36801],[-4.74421,37.36657],[-4.74198,37.36514],[-4.73965,37.36364],[-4.73741,37.36221],[-4.7358,37.36068],[-4.73298,37.35803],[-4.73096,37.35612],[-4.7294,37.35464],[-4.72838,37.35368],[-4.72738,37.35273],[-4.72484,37.35033],[-4.72332,37.3489],[-4.71997,37.34574],[-4.71814,37.34401],[-4.71571,37.3417],[-4.71367,37.33978],[-4.71263,37.33879],[-4.70926,37.33562],[-4.70795,37.33439],[-4.70489,37.33146],[-4.70415,37.33077],[-4.70119,37.32798],[-4.70023,37.32706],[-4.69857,37.32552],[-4.6959,37.32297],[-4.69352,37.32073],[-4.69126,37.3186],[-4.68933,37.31677],[-4.68753,37.31508],[-4.68517,37.31285],[-4.68347,37.31123],[-4.68237,37.31019],[-4.67912,37.30712],[-4.67711,37.30522],[-4.67524,37.30414],[-4.67306,37.3029],[-4.67094,37.30168],[-4.6688,37.30045],[-4.66657,37.29917],[-4.6635,37.29741],[-4.66117,37.29607],[-4.66051,37.29599]]}},{"type":"Feature","properties":{"id":"way/1000196018","kind":"overhead","voltageClass":"low","voltageKv":66,"name":"Línea de alta tensión Jauja - La Roda de Andalucía","circuits":1,"cables":"3","source":"osm"},"geometry":{"type":"LineString","coordinates":[[-4.66003,37.2957],[-4.65965,37.29532],[-4.6596,37.29395],[-4.65969,37.29251],[-4.6605,37.29102],[-4.66134,37.28947],[-4.66231,37.28805],[-4.66553,37.28342],[-4.66684,37.28154],[-4.66745,37.27977],[-4.66838,37.27714],[-4.6691,37.27509],[-4.66998,37.27259],[-4.6708,37.27023],[-4.67159,37.26798],[-4.67242,37.26562],[-4.67344,37.2627],[-4.67412,37.2608],[-4.67545,37.257],[-4.67542,37.25229],[-4.67541,37.25065],[-4.6756,37.24909],[-4.67597,37.24608],[-4.6762,37.24416],[-4.67615,37.24337],[-4.67598,37.24051],[-4.67635,37.23863],[-4.67666,37.23716],[-4.67729,37.23402],[-4.6777,37.23197],[-4.67795,37.23075],[-4.67845,37.22829],[-4.67898,37.22564],[-4.67924,37.22436],[-4.67974,37.22183],[-4.6804,37.21861],[-4.68097,37.21566]]}},{"type":"Feature","properties":{"id":"way/1000196020","kind":"overhead","voltageClass":"low","voltageKv":66,"name":"Línea de alta tensión Osuna - Villanueva del Rey 1 y Osuna - Villanueva del Rey 2","circuits":2,"cables":"6","source":"osm"},"geometry":{"type":"LineString","coordinates":[[-5.16393,37.52655],[-5.16382,37.5258],[-5.16338,37.52259],[-5.16419,37.52077],[-5.16401,37.51827],[-5.16148,37.51513],[-5.1602,37.51253],[-5.15886,37.50981],[-5.15736,37.50678],[-5.15604,37.50408],[-5.15457,37.50108],[-5.15311,37.49812],[-5.15155,37.49496],[-5.15028,37.49239],[-5.14885,37.48947],[-5.14654,37.4871],[-5.14438,37.4849],[-5.14245,37.48291],[-5.14159,37.48002],[-5.14067,37.47685],[-5.13974,37.47365],[-5.13863,37.46984],[-5.13767,37.46659],[-5.13614,37.46351],[-5.13447,37.46015],[-5.13246,37.45613],[-5.13083,37.45284],[-5.12942,37.45],[-5.12774,37.44662],[-5.12653,37.44419],[-5.12504,37.44119],[-5.12357,37.43824],[-5.12201,37.43512],[-5.12093,37.43293],[-5.11946,37.42996],[-5.11799,37.42701],[-5.11654,37.42411],[-5.11511,37.42122],[-5.1136,37.41818],[-5.11244,37.41585],[-5.11092,37.41279],[-5.10932,37.40956],[-5.10794,37.40677],[-5.10667,37.40422],[-5.10526,37.4014],[-5.10422,37.3993],[-5.10273,37.39631],[-5.10159,37.39402],[-5.10028,37.39136],[-5.09869,37.38818],[-5.09767,37.38612],[-5.09601,37.38276],[-5.09483,37.38038],[-5.09316,37.37702],[-5.09162,37.37392],[-5.09026,37.37118],[-5.089,37.36864],[-5.08787,37.36633],[-5.0864,37.3634],[-5.08477,37.36013],[-5.08342,37.35739],[-5.08208,37.35468],[-5.08099,37.35249],[-5.07942,37.34931],[-5.07758,37.34561],[-5.07642,37.34329],[-5.07521,37.34083],[-5.074,37.33839],[-5.07246,37.33528],[-5.07134,37.33304],[-5.06993,37.33018],[-5.06825,37.32678],[-5.06685,37.32397],[-5.06915,37.32176],[-5.07156,37.31944],[-5.07393,37.31716],[-5.07663,37.31457],[-5.07926,37.31204],[-5.08187,37.30954],[-5.08443,37.30707],[-5.08704,37.30455],[-5.08959,37.30211],[-5.09205,37.29974],[-5.09461,37.29729],[-5.09719,37.29481],[-5.09957,37.29251],[-5.1022,37.28999],[-5.10454,37.28773],[-5.107,37.28536],[-5.10965,37.28282],[-5.11164,37.28091],[-5.11389,37.27874],[-5.11606,37.27665],[-5.11844,37.27437],[-5.11883,37.27176],[-5.11934,37.26846],[-5.11979,37.26554],[-5.12024,37.26261],[-5.12073,37.25938],[-5.12122,37.25623],[-5.1217,37.25308],[-5.12203,37.2509],[-5.12253,37.24768],[-5.12303,37.2444],[-5.12348,37.24166],[-5.12391,37.23865],[-5.12245,37.23693],[-5.12084,37.23506],[-5.1192,37.23312],[-5.11869,37.23243],[-5.11809,37.23183],[-5.11663,37.2301]]}},{"type":"Feature","properties":{"id":"way/1000196021","kind":"overhead","voltageClass":"low","voltageKv":66,"name":null,"circuits":1,"cables":"3","source":"osm"},"geometry":{"type":"LineString","coordinates":[[-5.11685,37.22827],[-5.11798,37.22729],[-5.11869,37.22544],[-5.1199,37.22292],[-5.12116,37.22047],[-5.12234,37.21809],[-5.12415,37.21602],[-5.12626,37.21356],[-5.12882,37.20955],[-5.13098,37.20617],[-5.13259,37.20367],[-5.13419,37.20114],[-5.13608,37.19817],[-5.13811,37.19498],[-5.1391,37.1911],[-5.14023,37.18661],[-5.14109,37.18323],[-5.14201,37.17959],[-5.14277,37.17664],[-5.14376,37.17266],[-5.14463,37.16917],[-5.14517,37.16705],[-5.14635,37.16234],[-5.14725,37.15882],[-5.14833,37.15555],[-5.14891,37.15378],[-5.14909,37.15368]]}},{"type":"Feature","properties":{"id":"way/1000196025","kind":"overhead","voltageClass":"low","voltageKv":66,"name":"Línea de alta tensión Écija - Los Humosos","circuits":1,"cables":"3","source":"osm"},"geometry":{"type":"LineString","coordinates":[[-5.04376,37.53337],[-5.04044,37.53186],[-5.03767,37.53064],[-5.03563,37.52975],[-5.03248,37.52837],[-5.0297,37.52714],[-5.02638,37.52569],[-5.02428,37.52477],[-5.02081,37.52324],[-5.01882,37.52237],[-5.01534,37.52085],[-5.01174,37.51926],[-5.00807,37.51765],[-5.00505,37.51632],[-5.00147,37.51429],[-4.99884,37.51279]]}},{"type":"Feature","properties":{"id":"way/1000196033","kind":"overhead","voltageClass":"low","voltageKv":66,"name":"Línea de alta tensión La Rambla - Montilla","circuits":2,"cables":"6","source":"osm"},"geometry":{"type":"LineString","coordinates":[[-4.67727,37.60562],[-4.67835,37.60496],[-4.68042,37.6035],[-4.68137,37.60281],[-4.68301,37.60248],[-4.68574,37.60192],[-4.68772,37.60152],[-4.69026,37.601],[-4.69397,37.60025],[-4.69759,37.59951],[-4.70177,37.59866],[-4.70494,37.59801],[-4.70801,37.59739],[-4.71186,37.5966],[-4.71569,37.59582],[-4.71897,37.59515],[-4.72173,37.59458],[-4.72436,37.59405],[-4.72757,37.59339],[-4.73,37.5929],[-4.73239,37.59241],[-4.73423,37.59203],[-4.73702,37.59146],[-4.73937,37.59148],[-4.74165,37.59168],[-4.74482,37.59181],[-4.74599,37.59317],[-4.74783,37.59529],[-4.74908,37.59673],[-4.75076,37.59915],[-4.75242,37.60152]]}},{"type":"Feature","properties":{"id":"way/1000196036","kind":"overhead","voltageClass":"low","voltageKv":66,"name":"Línea de alta tensión Humilladero - Jauja","circuits":1,"cables":"3","source":"osm"},"geometry":{"type":"LineString","coordinates":[[-4.66051,37.29599],[-4.66052,37.29575],[-4.65975,37.29494],[-4.66038,37.29213],[-4.66063,37.29104],[-4.66141,37.29005],[-4.66257,37.28853],[-4.66668,37.28317],[-4.66815,37.28127],[-4.67022,37.27856],[-4.67071,37.2766],[-4.67141,37.27379],[-4.672,37.27146],[-4.67261,37.269],[-4.67298,37.26752],[-4.67338,37.26593],[-4.67378,37.26433],[-4.67416,37.26281],[-4.67465,37.26089],[-4.67524,37.25853],[-4.67549,37.25752],[-4.67574,37.25652],[-4.67631,37.25421],[-4.67665,37.25284],[-4.67693,37.25172],[-4.67737,37.24996],[-4.67792,37.2475],[-4.67834,37.24545],[-4.67858,37.24435],[-4.67885,37.2431],[-4.67929,37.24107],[-4.67954,37.23991],[-4.68008,37.23739],[-4.68042,37.23584],[-4.68076,37.23423],[-4.68116,37.23236],[-4.68154,37.23063],[-4.68187,37.22909],[-4.68217,37.22765],[-4.68252,37.22605],[-4.68287,37.2244],[-4.68326,37.22259],[-4.68364,37.22082],[-4.68403,37.219],[-4.68439,37.2173],[-4.68479,37.21546],[-4.68503,37.21431],[-4.68553,37.21201],[-4.6858,37.21072],[-4.68617,37.20907],[-4.68657,37.20721],[-4.68694,37.20545],[-4.6873,37.20381],[-4.68765,37.20211],[-4.68801,37.20045],[-4.68838,37.19874],[-4.68872,37.19715],[-4.6891,37.1954],[-4.68945,37.19374],[-4.68976,37.19231],[-4.69008,37.19082],[-4.69044,37.18918],[-4.6908,37.18747],[-4.69113,37.18593],[-4.69154,37.18406],[-4.69189,37.18241],[-4.69224,37.18075],[-4.6926,37.17911],[-4.69296,37.17741],[-4.69335,37.17558],[-4.69373,37.17379],[-4.694,37.17244],[-4.69432,37.17075],[-4.69472,37.16867],[-4.69496,37.16743],[-4.6953,37.16567],[-4.69562,37.16399],[-4.69588,37.16264],[-4.69621,37.1609],[-4.69659,37.15895],[-4.69692,37.15721],[-4.69722,37.15568],[-4.69757,37.15389],[-4.69785,37.15239],[-4.69816,37.15076],[-4.69852,37.14887],[-4.69881,37.1473],[-4.69917,37.14544],[-4.69947,37.14389],[-4.69983,37.14206],[-4.70004,37.14093],[-4.70045,37.13883],[-4.70076,37.13718],[-4.70109,37.13552],[-4.70148,37.13346],[-4.70169,37.13234],[-4.70235,37.13096],[-4.70293,37.12974],[-4.70376,37.12798],[-4.70456,37.12628],[-4.70537,37.12457],[-4.70608,37.12305],[-4.70694,37.12123],[-4.70744,37.12028],[-4.70745,37.11995]]}},{"type":"Feature","properties":{"id":"way/1000196042","kind":"overhead","voltageClass":"low","voltageKv":66,"name":"Línea de alta tensión Cordobilla - Estepa y Estepa - Osuna","circuits":2,"cables":"6","source":"osm"},"geometry":{"type":"LineString","coordinates":[[-4.87287,37.29909],[-4.87254,37.30274],[-4.87225,37.30458],[-4.87183,37.30725],[-4.87136,37.31023],[-4.87097,37.31276],[-4.87053,37.31555],[-4.87019,37.31776],[-4.86989,37.31967],[-4.86965,37.32121],[-4.86929,37.3235],[-4.86895,37.32563],[-4.86865,37.32752],[-4.86893,37.328]]}},{"type":"Feature","properties":{"id":"way/1000196055","kind":"overhead","voltageClass":"medium","voltageKv":132,"name":"Línea de alta tensión Genil-Cabra - Lucena 1 y Genil-Cabra - Patamulo","circuits":2,"cables":"6","source":"osm"},"geometry":{"type":"LineString","coordinates":[[-4.70894,37.41079],[-4.70989,37.40801],[-4.71073,37.40553],[-4.71186,37.40224],[-4.71244,37.40053],[-4.7134,37.39777],[-4.71405,37.39585],[-4.71476,37.39376],[-4.7156,37.39132],[-4.7163,37.38925],[-4.71708,37.38698],[-4.71787,37.38469],[-4.71863,37.38245],[-4.7194,37.38019],[-4.72008,37.37819],[-4.72022,37.37762],[-4.72109,37.37433],[-4.72158,37.3724],[-4.72218,37.37009],[-4.7228,37.36771],[-4.72341,37.3654],[-4.72414,37.36252],[-4.72369,37.35962],[-4.72346,37.3581],[-4.72379,37.35775]]}},{"type":"Feature","properties":{"id":"way/1000196061","kind":"overhead","voltageClass":"low","voltageKv":66,"name":null,"circuits":2,"cables":"6","source":"osm"},"geometry":{"type":"LineString","coordinates":[[-4.8313,37.83765],[-4.829,37.8396],[-4.82677,37.84151],[-4.82392,37.8424],[-4.82033,37.84353],[-4.8173,37.84447],[-4.81442,37.84539],[-4.81168,37.84503],[-4.8096,37.84476],[-4.80697,37.8444],[-4.80285,37.8464]]}},{"type":"Feature","properties":{"id":"way/1000196070","kind":"overhead","voltageClass":"low","voltageKv":66,"name":null,"circuits":1,"cables":"3","source":"osm"},"geometry":{"type":"LineString","coordinates":[[-4.74506,37.39953],[-4.7465,37.39911],[-4.74742,37.39924]]}},{"type":"Feature","properties":{"id":"way/1000196075","kind":"overhead","voltageClass":"low","voltageKv":66,"name":null,"circuits":1,"cables":"3","source":"osm"},"geometry":{"type":"LineString","coordinates":[[-4.66954,37.51749],[-4.67104,37.51642],[-4.6726,37.5153],[-4.67446,37.51396],[-4.67642,37.51254],[-4.67798,37.51143],[-4.67965,37.51022],[-4.68113,37.50916],[-4.6839,37.50716],[-4.68615,37.50554],[-4.68823,37.50405],[-4.69041,37.50248],[-4.69232,37.5011],[-4.69445,37.49957],[-4.69571,37.49843],[-4.69611,37.49663],[-4.69644,37.49515],[-4.69694,37.49287],[-4.69821,37.49054],[-4.69997,37.48826],[-4.70121,37.48665],[-4.7025,37.48496],[-4.70427,37.48267],[-4.70535,37.48099],[-4.70688,37.47865],[-4.70816,37.47667],[-4.70967,37.47435],[-4.71076,37.47266],[-4.7119,37.47067],[-4.71274,37.46921],[-4.71386,37.46724],[-4.71504,37.46518],[-4.71638,37.46284],[-4.7176,37.4607],[-4.7189,37.45843],[-4.72008,37.45637],[-4.72104,37.45469],[-4.72234,37.45243],[-4.72325,37.45061],[-4.72432,37.44847],[-4.72538,37.44634],[-4.72649,37.44413],[-4.7273,37.44252],[-4.72847,37.44014],[-4.72944,37.4382],[-4.73051,37.43608],[-4.73183,37.43343],[-4.73272,37.43165],[-4.73359,37.42968],[-4.73417,37.42849],[-4.73519,37.42603],[-4.73604,37.42411],[-4.7368,37.42239],[-4.73753,37.42072],[-4.73836,37.41885],[-4.73899,37.4174],[-4.73982,37.41551],[-4.74074,37.41343],[-4.74143,37.41186],[-4.74112,37.40912],[-4.74085,37.4067],[-4.7407,37.40497],[-4.7404,37.40234],[-4.74075,37.40085]]}},{"type":"Feature","properties":{"id":"way/1000255458","kind":"overhead","voltageClass":"high","voltageKv":400,"name":"Línea de alta tensión Archidona - Tajo de la Encantada","circuits":1,"cables":"3","source":"osm"},"geometry":{"type":"LineString","coordinates":[[-4.4088,37.11028],[-4.41378,37.10838],[-4.41906,37.10642],[-4.42411,37.10451],[-4.4288,37.10272],[-4.43382,37.10081],[-4.43898,37.09889],[-4.44185,37.09779],[-4.44659,37.09601],[-4.4502,37.09501],[-4.45665,37.09325],[-4.46241,37.09167],[-4.46844,37.08999],[-4.47175,37.08909],[-4.47574,37.08643],[-4.47896,37.08711],[-4.48568,37.08525],[-4.49202,37.0835],[-4.49705,37.08213],[-4.50532,37.0798],[-4.50926,37.07872],[-4.51602,37.07689],[-4.52216,37.07519],[-4.52784,37.07363],[-4.53343,37.07207],[-4.53838,37.07072],[-4.54292,37.06947],[-4.54964,37.06762],[-4.55539,37.06603],[-4.55866,37.06402],[-4.56414,37.06065],[-4.56924,37.05751],[-4.5724,37.05569],[-4.57515,37.05412],[-4.57922,37.05178],[-4.58228,37.05002],[-4.58586,37.04798],[-4.58881,37.04627],[-4.59265,37.04406],[-4.59615,37.04204],[-4.60056,37.03952],[-4.60376,37.03769],[-4.60788,37.03531],[-4.61059,37.03376],[-4.61244,37.03271],[-4.61463,37.02993],[-4.61684,37.02719],[-4.61941,37.02396],[-4.62236,37.02031],[-4.62703,37.01444],[-4.62947,37.01139],[-4.63182,37.00848],[-4.63493,37.00457],[-4.637,37.002],[-4.64211,36.99559],[-4.64421,36.99298],[-4.64674,36.98982],[-4.64865,36.98742],[-4.6515,36.98387],[-4.65437,36.98026],[-4.65706,36.97689],[-4.66198,36.97076],[-4.66399,36.96824],[-4.66521,36.96455],[-4.66644,36.96086],[-4.66757,36.95746],[-4.66873,36.95395],[-4.66939,36.95186],[-4.671,36.94714],[-4.67217,36.94362],[-4.67298,36.94119],[-4.67422,36.93746],[-4.67609,36.93181],[-4.67682,36.92961],[-4.6782,36.92554],[-4.68049,36.92408],[-4.68556,36.92092],[-4.6912,36.9174],[-4.69511,36.91494],[-4.69778,36.91368],[-4.7038,36.91081],[-4.70659,36.90948],[-4.71162,36.90707],[-4.71461,36.90565],[-4.72494,36.90108],[-4.73257,36.89771],[-4.73756,36.89552],[-4.74117,36.89432],[-4.74318,36.89399],[-4.74371,36.89427]]}},{"type":"Feature","properties":{"id":"way/1000283895","kind":"overhead","voltageClass":"low","voltageKv":66,"name":"Línea de alta tensión Antequera - Paredones","circuits":1,"cables":"3","source":"osm"},"geometry":{"type":"LineString","coordinates":[[-4.71912,36.8609],[-4.71888,36.86101],[-4.71687,36.86256],[-4.71282,36.86572],[-4.70896,36.86874],[-4.70695,36.87128],[-4.70566,36.87292],[-4.70398,36.87506],[-4.70217,36.87736],[-4.70078,36.87924],[-4.69775,36.88333],[-4.69317,36.88953],[-4.69227,36.89075],[-4.68986,36.894],[-4.68561,36.89974],[-4.68257,36.90385],[-4.67871,36.90904],[-4.67884,36.91335],[-4.67888,36.91461],[-4.67775,36.91762],[-4.67642,36.9212],[-4.67546,36.92476],[-4.67399,36.93022],[-4.67346,36.93222],[-4.67184,36.93821],[-4.67105,36.94117],[-4.67035,36.94377],[-4.66955,36.94677],[-4.66848,36.95071],[-4.66795,36.95268],[-4.66676,36.95711],[-4.66514,36.9607],[-4.66281,36.96292],[-4.66046,36.96511],[-4.65787,36.96757],[-4.65414,36.97107],[-4.65166,36.97341],[-4.64964,36.97531],[-4.64826,36.97674],[-4.64553,36.97968],[-4.64325,36.98212],[-4.64129,36.98421],[-4.63897,36.98668],[-4.63663,36.98917],[-4.63423,36.99173],[-4.6316,36.99453],[-4.62914,36.99715],[-4.62715,36.99927],[-4.62294,37.00375],[-4.62097,37.00585],[-4.61937,37.00759],[-4.61704,37.01004],[-4.61426,37.01262],[-4.6114,37.01526],[-4.60967,37.01686],[-4.60835,37.01809],[-4.60547,37.02075],[-4.60215,37.02383],[-4.60058,37.02528],[-4.59899,37.02651],[-4.59624,37.02863],[-4.58971,37.03398],[-4.58719,37.03604],[-4.58427,37.03843],[-4.58171,37.04019],[-4.57864,37.04232],[-4.57579,37.04429],[-4.57266,37.04646],[-4.56951,37.04864],[-4.56632,37.05083],[-4.56425,37.05227],[-4.56339,37.05247],[-4.56334,37.0524]]}},{"type":"Feature","properties":{"id":"way/1002382380","kind":"overhead","voltageClass":"low","voltageKv":66,"name":"Línea de alta tensión Algodonales - Olvera","circuits":1,"cables":"3","source":"osm"},"geometry":{"type":"LineString","coordinates":[[-5.23837,36.93289],[-5.23859,36.93286],[-5.23983,36.93148],[-5.24254,36.92988],[-5.2451,36.92838],[-5.24827,36.92652],[-5.25288,36.92383],[-5.25795,36.92085],[-5.26101,36.91905],[-5.26381,36.91741],[-5.27117,36.91309],[-5.27577,36.9104],[-5.27756,36.90935],[-5.27971,36.90809],[-5.28323,36.90602],[-5.28724,36.90367],[-5.28896,36.90266],[-5.29201,36.90087],[-5.29502,36.89909],[-5.29989,36.89624],[-5.3055,36.89295],[-5.30917,36.89081],[-5.3152,36.88725],[-5.31827,36.88544],[-5.32329,36.8825],[-5.32504,36.88229],[-5.32861,36.88187],[-5.33473,36.88115],[-5.3381,36.88075],[-5.34262,36.88022],[-5.34937,36.87942],[-5.35374,36.87891],[-5.35868,36.87832],[-5.3639,36.87771],[-5.36548,36.87755],[-5.36681,36.87739],[-5.37098,36.87723],[-5.38265,36.87661],[-5.38825,36.8763],[-5.39356,36.87491],[-5.39624,36.8742],[-5.40009,36.87318],[-5.40468,36.87198],[-5.40989,36.87059],[-5.4127,36.86984],[-5.41342,36.87005],[-5.41741,36.8712]]}},{"type":"Feature","properties":{"id":"way/1002396012","kind":"overhead","voltageClass":"low","voltageKv":66,"name":"Línea de alta tensión Gobantes - Guadalteba - Nuevo Chorro","circuits":1,"cables":"3","source":"osm"},"geometry":{"type":"LineString","coordinates":[[-4.77135,36.91507],[-4.77312,36.91318]]}},{"type":"Feature","properties":{"id":"way/1002396016","kind":"overhead","voltageClass":"low","voltageKv":66,"name":"Línea de alta tensión Gobantes - Guadalteba - Nuevo Chorro","circuits":1,"cables":"3","source":"osm"},"geometry":{"type":"LineString","coordinates":[[-4.78737,36.92867],[-4.78857,36.93206],[-4.78883,36.93237],[-4.79275,36.93293],[-4.7951,36.93327],[-4.79935,36.93388],[-4.7998,36.93394],[-4.80247,36.93434],[-4.80228,36.93402]]}},{"type":"Feature","properties":{"id":"way/1002396017","kind":"overhead","voltageClass":"low","voltageKv":66,"name":"Línea de alta tensión Bobadilla - Guadalteba y Gobantes - Guadalteba - Nuevo Chorro","circuits":2,"cables":"6","source":"osm"},"geometry":{"type":"LineString","coordinates":[[-4.79513,36.93901],[-4.79367,36.93867],[-4.79259,36.93855],[-4.79028,36.93789],[-4.78781,36.93742],[-4.7866,36.93779],[-4.78476,36.93829]]}},{"type":"Feature","properties":{"id":"way/1002396022","kind":"overhead","voltageClass":"low","voltageKv":66,"name":"Línea de alta tensión Gobantes - Guadalteba - Nuevo Chorro","circuits":1,"cables":"3","source":"osm"},"geometry":{"type":"LineString","coordinates":[[-4.78476,36.93829],[-4.78684,36.93524],[-4.78708,36.92917],[-4.78711,36.92883],[-4.78594,36.92597],[-4.78392,36.92002],[-4.78292,36.91934],[-4.77937,36.91689],[-4.77781,36.91547],[-4.77521,36.91386],[-4.77312,36.91318]]}},{"type":"Feature","properties":{"id":"way/1002399916","kind":"overhead","voltageClass":"low","voltageKv":66,"name":null,"circuits":2,"cables":"6","source":"osm"},"geometry":{"type":"LineString","coordinates":[[-4.72328,36.901],[-4.72402,36.9007],[-4.72587,36.90008],[-4.73212,36.89714],[-4.73521,36.8957],[-4.73695,36.8949]]}},{"type":"Feature","properties":{"id":"way/1002409021","kind":"overhead","voltageClass":"low","voltageKv":66,"name":"Línea de alta tensión Alcores - Cantosal - El Viso del Alcor","circuits":2,"cables":"6","source":"osm"},"geometry":{"type":"LineString","coordinates":[[-5.7719,37.39563],[-5.77102,37.3935],[-5.77008,37.39129],[-5.76799,37.38918],[-5.76751,37.38612],[-5.76646,37.38474],[-5.76588,37.38187]]}},{"type":"Feature","properties":{"id":"way/1002409024","kind":"overhead","voltageClass":"low","voltageKv":66,"name":"Línea de alta tensión Carmona - El Viso del Alcor","circuits":1,"cables":"3","source":"osm"},"geometry":{"type":"LineString","coordinates":[[-5.71595,37.40195],[-5.71629,37.40309],[-5.71732,37.40557],[-5.71825,37.40782],[-5.71956,37.411],[-5.72048,37.41323],[-5.72129,37.41518],[-5.72131,37.41771],[-5.72134,37.42058],[-5.72137,37.42299],[-5.7197,37.4255],[-5.71827,37.4277],[-5.71701,37.42958],[-5.71565,37.43163],[-5.71405,37.43406],[-5.71185,37.43576],[-5.7098,37.43736],[-5.7077,37.43899],[-5.70524,37.44089],[-5.70259,37.44295],[-5.70061,37.44447],[-5.69799,37.44647],[-5.69609,37.44792],[-5.69344,37.44995],[-5.69109,37.45175],[-5.68864,37.45362],[-5.68611,37.45556],[-5.68365,37.45743],[-5.68131,37.4592],[-5.67927,37.46077],[-5.67704,37.46248],[-5.67456,37.46438],[-5.67223,37.46615],[-5.66959,37.46817],[-5.66731,37.46991],[-5.66433,37.47218],[-5.66119,37.47309],[-5.65788,37.47392],[-5.65512,37.47466],[-5.65383,37.47552],[-5.65246,37.4758],[-5.65114,37.47582],[-5.64866,37.47559],[-5.64785,37.47613]]}},{"type":"Feature","properties":{"id":"way/1002409025","kind":"overhead","voltageClass":"low","voltageKv":66,"name":"Línea de alta tensión Carmona - Romeral","circuits":1,"cables":"3","source":"osm"},"geometry":{"type":"LineString","coordinates":[[-5.64785,37.47619],[-5.64854,37.47639],[-5.64826,37.47761],[-5.64748,37.47847],[-5.64672,37.47996],[-5.64601,37.48138],[-5.64695,37.4825],[-5.64726,37.48284],[-5.64854,37.48432],[-5.6486,37.48552],[-5.64869,37.48759],[-5.64879,37.48983],[-5.64889,37.49187],[-5.64899,37.49394],[-5.64908,37.49618],[-5.64917,37.49825],[-5.64928,37.50059],[-5.64937,37.50263],[-5.64945,37.50455],[-5.64954,37.50652],[-5.64964,37.5085]]}},{"type":"Feature","properties":{"id":"way/1002409026","kind":"overhead","voltageClass":"low","voltageKv":66,"name":"Línea de alta tensión Carmona - Marchena","circuits":1,"cables":"3","source":"osm"},"geometry":{"type":"LineString","coordinates":[[-5.64692,37.47819],[-5.64677,37.47845],[-5.64476,37.47979],[-5.6428,37.48111],[-5.64137,37.48207],[-5.63954,37.48225],[-5.63679,37.48251],[-5.63282,37.48289],[-5.62922,37.48049],[-5.62745,37.47932],[-5.62449,37.47735],[-5.62128,37.47521],[-5.61893,37.47364],[-5.61616,37.47179],[-5.61329,37.46988],[-5.61069,37.46814],[-5.60781,37.46622],[-5.60496,37.46432],[-5.6024,37.46262],[-5.60018,37.46033],[-5.59801,37.45812],[-5.5957,37.45709],[-5.59338,37.45605],[-5.59105,37.45503],[-5.58857,37.45337],[-5.58589,37.45158],[-5.58327,37.44984],[-5.58035,37.44788],[-5.57791,37.44626],[-5.57559,37.4447],[-5.57281,37.44285],[-5.57001,37.44097],[-5.56732,37.43918],[-5.56473,37.43727],[-5.56209,37.43533],[-5.55941,37.43336],[-5.5568,37.43143],[-5.55415,37.42948],[-5.55143,37.42748],[-5.54881,37.42556],[-5.54625,37.42367],[-5.54351,37.42166],[-5.54098,37.4198],[-5.53844,37.41792],[-5.53562,37.41585],[-5.53292,37.41387],[-5.5301,37.41179],[-5.52754,37.4099],[-5.52495,37.40799],[-5.52218,37.40596],[-5.51938,37.40389],[-5.51676,37.40195],[-5.51411,37.39999],[-5.51151,37.3981],[-5.50904,37.39629],[-5.5064,37.39434],[-5.50374,37.39238],[-5.50102,37.39037],[-5.4984,37.38844],[-5.49581,37.38654],[-5.49321,37.38463],[-5.49055,37.38266],[-5.48796,37.38074],[-5.48571,37.3787],[-5.48368,37.37681],[-5.48162,37.37493],[-5.47953,37.373],[-5.47691,37.37061],[-5.47443,37.36832],[-5.46987,37.36412],[-5.46723,37.36168],[-5.46509,37.35971],[-5.46307,37.35784],[-5.46013,37.35512],[-5.45864,37.35375],[-5.45686,37.35169],[-5.45455,37.34902],[-5.45265,37.34684],[-5.45058,37.34442],[-5.44864,37.34218],[-5.44659,37.33983],[-5.44472,37.33766],[-5.44272,37.33537],[-5.44102,37.33339],[-5.43904,37.3311],[-5.43752,37.32933],[-5.43584,37.32716],[-5.43442,37.32534],[-5.43304,37.3236],[-5.43292,37.32308]]}},{"type":"Feature","properties":{"id":"way/1002409032","kind":"overhead","voltageClass":"low","voltageKv":66,"name":"Línea de alta tensión Arahal - Exolum Arahal 1 y Arahal - Marchena","circuits":2,"cables":"6","source":"osm"},"geometry":{"type":"LineString","coordinates":[[-5.54711,37.27305],[-5.54667,37.27239]]}},{"type":"Feature","properties":{"id":"way/1002409034","kind":"overhead","voltageClass":"low","voltageKv":66,"name":"Línea de alta tensión Arahal - Marchena","circuits":1,"cables":"3","source":"osm"},"geometry":{"type":"LineString","coordinates":[[-5.43339,37.32306],[-5.43349,37.3234],[-5.43593,37.32297],[-5.43966,37.32232],[-5.4426,37.32111],[-5.44597,37.31971],[-5.44905,37.31844],[-5.4524,37.31706],[-5.45579,37.31566],[-5.45823,37.31465],[-5.46159,37.31326],[-5.46454,37.31204],[-5.4674,37.31086],[-5.47068,37.3095],[-5.47382,37.30821],[-5.47701,37.30689],[-5.4803,37.30553],[-5.48346,37.30422],[-5.48639,37.30301],[-5.48994,37.30155],[-5.49281,37.30035],[-5.49623,37.29894],[-5.49973,37.2975],[-5.50299,37.29615],[-5.50642,37.29472],[-5.50936,37.29351],[-5.51219,37.29234],[-5.51543,37.29101],[-5.51841,37.28978],[-5.52208,37.28897],[-5.52497,37.28713],[-5.5271,37.28578],[-5.52961,37.28418],[-5.53225,37.2825],[-5.53511,37.28068],[-5.53745,37.27919],[-5.54016,37.27748],[-5.54349,37.27535],[-5.54605,37.27372],[-5.54711,37.27305]]}},{"type":"Feature","properties":{"id":"way/1002409035","kind":"overhead","voltageClass":"low","voltageKv":66,"name":"Línea de alta tensión Arahal - Exolum Arahal 1","circuits":1,"cables":"3","source":"osm"},"geometry":{"type":"LineString","coordinates":[[-5.57755,37.25236],[-5.5765,37.25299],[-5.57446,37.25448],[-5.57137,37.25673],[-5.56818,37.25907],[-5.56527,37.2612],[-5.56383,37.26224],[-5.56192,37.26363],[-5.55742,37.26649],[-5.55423,37.26853],[-5.55127,37.27041],[-5.54871,37.27204],[-5.54711,37.27305]]}},{"type":"Feature","properties":{"id":"way/1002409037","kind":"overhead","voltageClass":"low","voltageKv":66,"name":"Línea de alta tensión Arahal I - Base Aérea de Morón","circuits":1,"cables":"3","source":"osm"},"geometry":{"type":"LineString","coordinates":[[-5.57755,37.25236],[-5.57723,37.24976],[-5.57786,37.24761],[-5.57869,37.24469],[-5.57935,37.24237],[-5.58019,37.23937],[-5.58071,37.23756],[-5.58119,37.23591],[-5.58181,37.23371],[-5.58251,37.23122],[-5.58322,37.22871],[-5.58387,37.2264],[-5.58438,37.22455],[-5.58499,37.22237],[-5.58551,37.22057],[-5.58624,37.21797],[-5.58697,37.21536],[-5.58796,37.21184],[-5.58851,37.20994],[-5.58935,37.20692],[-5.59014,37.20411],[-5.59089,37.20144],[-5.59161,37.19887],[-5.59251,37.19564],[-5.59319,37.19322],[-5.59369,37.19142],[-5.59428,37.18935],[-5.60091,37.18995],[-5.60117,37.18993]]}},{"type":"Feature","properties":{"id":"way/1002409039","kind":"overhead","voltageClass":"low","voltageKv":66,"name":"Línea de alta tensión Exolum Arahal 1 - Exolum Arahal 2","circuits":2,"cables":"6","source":"osm"},"geometry":{"type":"LineString","coordinates":[[-5.57755,37.25236],[-5.57789,37.25284],[-5.57989,37.25356],[-5.58193,37.25304],[-5.58355,37.25264],[-5.58594,37.25203],[-5.58793,37.25153],[-5.59036,37.25091],[-5.59279,37.2503],[-5.59441,37.24988],[-5.59609,37.24824],[-5.59752,37.24683],[-5.59882,37.24558],[-5.60002,37.24439],[-5.60143,37.243],[-5.60259,37.24187],[-5.60417,37.2403],[-5.60324,37.2395]]}},{"type":"Feature","properties":{"id":"way/1002409040","kind":"overhead","voltageClass":"low","voltageKv":66,"name":"Línea de alta tensión Exolum Arahal 2 - Don Rodrigo 1","circuits":2,"cables":"6","source":"osm"},"geometry":{"type":"LineString","coordinates":[[-5.84262,37.24412],[-5.84137,37.24414],[-5.84038,37.24446],[-5.83947,37.24477],[-5.8374,37.24547],[-5.83493,37.24684],[-5.8316,37.24573],[-5.82858,37.24577],[-5.82563,37.2458],[-5.82244,37.24584],[-5.81909,37.24588],[-5.81626,37.24591],[-5.81389,37.24594],[-5.81043,37.24743],[-5.80706,37.24671],[-5.80397,37.24605],[-5.80064,37.24609],[-5.79789,37.24612],[-5.79498,37.24616],[-5.79197,37.24619],[-5.78865,37.24623],[-5.78625,37.24626],[-5.78405,37.24628],[-5.78108,37.24632],[-5.77804,37.24635],[-5.77574,37.24638],[-5.77241,37.24642],[-5.76894,37.24646],[-5.76555,37.24649],[-5.7626,37.24653],[-5.7597,37.24656],[-5.75716,37.24659],[-5.75468,37.24662],[-5.75206,37.24665],[-5.74846,37.24737],[-5.74537,37.24799],[-5.74237,37.24859],[-5.73911,37.24925],[-5.73554,37.24996],[-5.73306,37.25045],[-5.7297,37.25113],[-5.72659,37.25175],[-5.72345,37.25238],[-5.7206,37.25295],[-5.71778,37.25351],[-5.71475,37.25412],[-5.71317,37.25443],[-5.71012,37.25411],[-5.70705,37.25378],[-5.70379,37.25344],[-5.70022,37.25306],[-5.69702,37.25272],[-5.69405,37.2524],[-5.691,37.25208],[-5.68799,37.25175],[-5.68484,37.25142],[-5.68176,37.25109],[-5.67868,37.25076],[-5.67525,37.2504],[-5.6715,37.25],[-5.66848,37.24968],[-5.66514,37.24932],[-5.66203,37.24899],[-5.65963,37.24873],[-5.65693,37.24844],[-5.65471,37.24821],[-5.65182,37.2479],[-5.64986,37.24769],[-5.64696,37.24738],[-5.64424,37.24709],[-5.6413,37.24677],[-5.63741,37.24662],[-5.63579,37.24656],[-5.6334,37.24587],[-5.62968,37.2449],[-5.62655,37.24425],[-5.62385,37.24368],[-5.62152,37.24319],[-5.61891,37.24264],[-5.61581,37.24199],[-5.61288,37.24137],[-5.60965,37.24069],[-5.60764,37.24027],[-5.60478,37.23966],[-5.60335,37.23943]]}},{"type":"Feature","properties":{"id":"way/1002409041","kind":"overhead","voltageClass":"low","voltageKv":66,"name":"Línea de alta tensión Don Rodrigo - Torrejón 1 y Don Rodrigo - Torrejón 2","circuits":2,"cables":"6","source":"osm"},"geometry":{"type":"LineString","coordinates":[[-5.84267,37.24401],[-5.84084,37.24335],[-5.84053,37.2412],[-5.84019,37.23881],[-5.83997,37.23478],[-5.83956,37.23148],[-5.83909,37.22771],[-5.83877,37.2252],[-5.83834,37.22168],[-5.83787,37.21782],[-5.83757,37.21549],[-5.83709,37.21158],[-5.83676,37.20887],[-5.83605,37.20586],[-5.83626,37.2034],[-5.83557,37.19967],[-5.83522,37.19689],[-5.83487,37.19409],[-5.83395,37.19338],[-5.83164,37.19202],[-5.82824,37.19002],[-5.82542,37.18836],[-5.82502,37.18545],[-5.82462,37.18252],[-5.82412,37.17887],[-5.82368,37.17576],[-5.8232,37.17221],[-5.82278,37.16908],[-5.82242,37.16645],[-5.82194,37.16298],[-5.82151,37.15986],[-5.82104,37.15643],[-5.82063,37.15346],[-5.81827,37.15237],[-5.81512,37.15093],[-5.8114,37.14922],[-5.80711,37.14725],[-5.80365,37.14566],[-5.80038,37.14416],[-5.79728,37.14274],[-5.79383,37.14116],[-5.7904,37.13958],[-5.78713,37.13807],[-5.78395,37.13729],[-5.78018,37.13775],[-5.77625,37.13751],[-5.77221,37.13591],[-5.76835,37.13439],[-5.76484,37.133],[-5.76121,37.13158],[-5.75793,37.13029],[-5.75439,37.12889],[-5.75138,37.12771],[-5.74765,37.12624],[-5.74472,37.12509],[-5.74032,37.12335],[-5.73654,37.12186],[-5.73294,37.12045],[-5.72841,37.11866],[-5.72477,37.11723],[-5.72046,37.11552],[-5.71729,37.11428],[-5.71358,37.11281],[-5.70926,37.11111],[-5.70556,37.10965],[-5.7022,37.10832],[-5.6978,37.10659],[-5.6945,37.10529],[-5.69125,37.104],[-5.68707,37.10235],[-5.68348,37.102],[-5.67863,37.10152],[-5.67512,37.10118],[-5.67141,37.10082],[-5.66511,37.1002],[-5.66082,37.09978],[-5.65666,37.09938],[-5.65303,37.09901],[-5.64932,37.09866],[-5.64565,37.09829],[-5.64184,37.09791],[-5.63848,37.10026],[-5.63413,37.10196],[-5.63044,37.10144],[-5.6261,37.10173],[-5.62173,37.10202],[-5.61802,37.10225],[-5.61331,37.10254],[-5.6094,37.10278],[-5.60556,37.10122],[-5.60108,37.10189],[-5.5962,37.10262],[-5.59214,37.10369],[-5.58802,37.10477],[-5.58432,37.10575],[-5.58192,37.10638],[-5.57789,37.10744],[-5.57344,37.10861],[-5.57006,37.10748]]}},{"type":"Feature","properties":{"id":"way/1002409042","kind":"overhead","voltageClass":"low","voltageKv":66,"name":"Línea de alta tensión Don Rodrigo - Morera y Morera - Utrera","circuits":2,"cables":"6","source":"osm"},"geometry":{"type":"LineString","coordinates":[[-5.80121,37.20604],[-5.80325,37.20501]]}},{"type":"Feature","properties":{"id":"way/1002409043","kind":"overhead","voltageClass":"low","voltageKv":66,"name":"Línea de alta tensión Don Rodrigo - Morera y Don Rodrigo - Utrera 2","circuits":2,"cables":"6","source":"osm"},"geometry":{"type":"LineString","coordinates":[[-5.84271,37.24383],[-5.84246,37.2436],[-5.84072,37.24202],[-5.83911,37.24054],[-5.83728,37.23887],[-5.83556,37.23731],[-5.83372,37.23564],[-5.83181,37.23391],[-5.8302,37.23245],[-5.8284,37.23083],[-5.82664,37.22922],[-5.82484,37.22759],[-5.8231,37.22601],[-5.82126,37.22432],[-5.81941,37.22266],[-5.81773,37.22111],[-5.81611,37.21963],[-5.81433,37.218],[-5.81244,37.21628],[-5.81132,37.21504],[-5.81008,37.21367],[-5.80666,37.21213],[-5.80483,37.21225],[-5.8036,37.21014],[-5.80287,37.20888],[-5.80201,37.20741],[-5.80121,37.20604]]}},{"type":"Feature","properties":{"id":"way/1002409044","kind":"overhead","voltageClass":"low","voltageKv":66,"name":"Línea de alta tensión Don Rodrigo - Utrera y Morera - Utrera","circuits":2,"cables":"6","source":"osm"},"geometry":{"type":"LineString","coordinates":[[-5.80121,37.20604],[-5.79916,37.20458],[-5.79727,37.20322],[-5.79542,37.20188],[-5.79137,37.19897],[-5.78939,37.19754],[-5.78727,37.19608],[-5.78567,37.19488],[-5.7838,37.19345]]}},{"type":"Feature","properties":{"id":"way/1002409047","kind":"overhead","voltageClass":"low","voltageKv":66,"name":"Línea de alta tensión Coronil - Don Rodrigo y Don Rodrigo - Los Palacios","circuits":2,"cables":"6","source":"osm"},"geometry":{"type":"LineString","coordinates":[[-5.8428,37.2438],[-5.84243,37.24335],[-5.84086,37.24187],[-5.8404,37.23883],[-5.84044,37.23538],[-5.84049,37.23209],[-5.84053,37.22962],[-5.84056,37.22723],[-5.83995,37.22404],[-5.83937,37.22099],[-5.8388,37.21797],[-5.83823,37.21495],[-5.83766,37.212],[-5.83713,37.20921],[-5.83652,37.20598],[-5.83588,37.20268],[-5.83509,37.20087],[-5.83445,37.20016],[-5.8327,37.19792],[-5.83099,37.19567],[-5.82878,37.19422],[-5.82656,37.19277],[-5.82518,37.19131],[-5.82219,37.18813],[-5.81974,37.18553],[-5.81632,37.18294],[-5.81587,37.18121],[-5.81542,37.17953],[-5.81192,37.17808],[-5.80926,37.1762],[-5.80683,37.17449],[-5.80361,37.17222],[-5.80075,37.17021],[-5.79801,37.16828],[-5.79762,37.16589],[-5.79717,37.16314]]}},{"type":"Feature","properties":{"id":"way/1002409053","kind":"overhead","voltageClass":"low","voltageKv":66,"name":"Línea de alta tensión Don Rodrigo - Los Palacios y Los Palacios - Utrera 1","circuits":2,"cables":"6","source":"osm"},"geometry":{"type":"LineString","coordinates":[[-5.79717,37.16314],[-5.80035,37.1617],[-5.8036,37.16021],[-5.80694,37.15869],[-5.81033,37.15715],[-5.81229,37.15482],[-5.81463,37.15205],[-5.81683,37.14946],[-5.81911,37.14676],[-5.8213,37.14417],[-5.82319,37.14195],[-5.82544,37.13974],[-5.82783,37.13743],[-5.82969,37.13491],[-5.83154,37.13241],[-5.83328,37.13009],[-5.83466,37.12847],[-5.83665,37.12613],[-5.83853,37.12392],[-5.8422,37.12451],[-5.84595,37.12513],[-5.84954,37.12571],[-5.85309,37.12629],[-5.85658,37.12684],[-5.86012,37.12743],[-5.8624,37.1266],[-5.86497,37.12566],[-5.86817,37.12449],[-5.87129,37.12334],[-5.87393,37.12239],[-5.87613,37.12158],[-5.87889,37.12022],[-5.88223,37.11855]]}},{"type":"Feature","properties":{"id":"way/1002409056","kind":"overhead","voltageClass":"low","voltageKv":66,"name":"Línea de alta tensión Los Palacios - Utrera 2","circuits":1,"cables":"3","source":"osm"},"geometry":{"type":"LineString","coordinates":[[-5.77741,37.17083],[-5.77983,37.17083],[-5.78212,37.17084],[-5.78399,37.16998],[-5.78592,37.16912],[-5.78749,37.16839],[-5.78851,37.16793],[-5.79025,37.16714],[-5.79204,37.16632],[-5.79383,37.16552],[-5.79544,37.16477],[-5.79711,37.16401],[-5.79887,37.16321],[-5.80055,37.16245],[-5.80231,37.16165],[-5.80399,37.16088],[-5.80584,37.16003],[-5.80758,37.15924],[-5.80931,37.15846],[-5.81112,37.15763],[-5.81288,37.15682],[-5.81436,37.15615],[-5.81596,37.15542],[-5.81743,37.15474],[-5.81862,37.15419],[-5.82025,37.15345],[-5.82188,37.1527],[-5.82344,37.15199],[-5.82501,37.15126],[-5.82666,37.15051],[-5.8284,37.14972],[-5.83028,37.14886],[-5.83202,37.14806],[-5.83376,37.14726],[-5.83566,37.1464],[-5.83735,37.14565],[-5.83924,37.14476],[-5.84078,37.14406],[-5.84239,37.14335],[-5.8441,37.14257],[-5.84581,37.14179],[-5.84763,37.14097],[-5.84941,37.14016],[-5.85115,37.13937],[-5.85292,37.13856],[-5.85469,37.13777],[-5.85645,37.13697],[-5.85822,37.13617],[-5.85999,37.13537],[-5.86173,37.13458],[-5.86352,37.13376],[-5.86529,37.13296],[-5.86706,37.13217],[-5.86885,37.13135],[-5.87041,37.13065],[-5.87223,37.12982],[-5.87401,37.12902],[-5.87581,37.1282],[-5.8776,37.12739],[-5.87939,37.12658],[-5.88116,37.12577],[-5.883,37.12494]]}},{"type":"Feature","properties":{"id":"way/1002409057","kind":"overhead","voltageClass":"low","voltageKv":66,"name":"Línea de alta tensión Los Palacios - Utrera 2","circuits":1,"cables":"3","source":"osm"},"geometry":{"type":"LineString","coordinates":[[-5.77197,37.1773],[-5.77154,37.17873],[-5.77105,37.18041],[-5.77055,37.18208],[-5.77074,37.18324],[-5.77075,37.18369],[-5.77115,37.18413],[-5.77184,37.18452]]}},{"type":"Feature","properties":{"id":"way/1002409062","kind":"overhead","voltageClass":"low","voltageKv":66,"name":"Línea de alta tensión Los Palacios - Utrera 1","circuits":2,"cables":"6","source":"osm"},"geometry":{"type":"LineString","coordinates":[[-5.77003,37.17622],[-5.76936,37.17658],[-5.76771,37.17869],[-5.76865,37.18106],[-5.76931,37.1828],[-5.77115,37.18413],[-5.77179,37.18456]]}},{"type":"Feature","properties":{"id":"way/1002409064","kind":"overhead","voltageClass":"low","voltageKv":66,"name":"Línea de alta tensión Torrejón - Utrera","circuits":1,"cables":"3","source":"osm"},"geometry":{"type":"LineString","coordinates":[[-5.77168,37.18463],[-5.77092,37.18413],[-5.76948,37.18393],[-5.7674,37.18322],[-5.76541,37.18254],[-5.76321,37.18179],[-5.76109,37.18107],[-5.75882,37.18029],[-5.75657,37.1795],[-5.75433,37.17872],[-5.75212,37.17795],[-5.74994,37.17719],[-5.74795,37.17651],[-5.74596,37.17582],[-5.7438,37.17507],[-5.74129,37.17421],[-5.73873,37.17334],[-5.73634,37.17253],[-5.73393,37.17155],[-5.73134,37.17066],[-5.72905,37.16988],[-5.72678,37.1691],[-5.7246,37.16836],[-5.72202,37.16748],[-5.71951,37.16662],[-5.71698,37.16574],[-5.7146,37.16492],[-5.71214,37.16407],[-5.70983,37.16327],[-5.70744,37.16245],[-5.70478,37.16152],[-5.7021,37.16059],[-5.69952,37.1597],[-5.69677,37.15874],[-5.69411,37.15783],[-5.69148,37.15692],[-5.68884,37.156],[-5.68619,37.15509],[-5.68375,37.15425],[-5.68102,37.1533],[-5.67878,37.15254],[-5.67655,37.15176],[-5.67438,37.15102],[-5.67185,37.15014],[-5.66938,37.14928],[-5.66692,37.14844],[-5.66515,37.14694],[-5.66343,37.14548],[-5.66172,37.14402],[-5.65997,37.14253],[-5.65823,37.14106],[-5.65651,37.13959],[-5.65477,37.13812],[-5.65304,37.13664],[-5.65142,37.13526],[-5.64973,37.13383],[-5.64779,37.13218],[-5.64607,37.13071],[-5.64452,37.12939],[-5.64315,37.12822],[-5.64147,37.1268],[-5.63914,37.12584],[-5.63685,37.12491],[-5.63471,37.12405],[-5.63284,37.12413],[-5.62992,37.12425],[-5.62822,37.12433],[-5.62543,37.12445],[-5.62265,37.12457],[-5.61983,37.12469],[-5.61706,37.12481],[-5.61426,37.12493],[-5.61154,37.12505],[-5.60894,37.12475],[-5.60638,37.12446],[-5.60368,37.12415],[-5.6011,37.12385],[-5.59855,37.12356],[-5.59598,37.12326],[-5.59355,37.12294],[-5.59093,37.12259],[-5.5881,37.1222],[-5.58541,37.12185],[-5.58294,37.12152],[-5.58012,37.12114],[-5.57734,37.12077],[-5.57451,37.12039],[-5.57209,37.12006],[-5.57149,37.11785],[-5.57037,37.11579],[-5.56959,37.11427],[-5.56893,37.11233]]}},{"type":"Feature","properties":{"id":"way/1002409077","kind":"overhead","voltageClass":"medium","voltageKv":132,"name":"Línea de alta tensión Genil-Cabra - Lucena 1","circuits":1,"cables":"3","source":"osm"},"geometry":{"type":"LineString","coordinates":[[-4.70894,37.41079],[-4.70693,37.41085],[-4.70428,37.41093],[-4.70181,37.411],[-4.69995,37.41105],[-4.69614,37.41116],[-4.69354,37.41124],[-4.68958,37.41135],[-4.68603,37.41146],[-4.68194,37.41157],[-4.67806,37.41169],[-4.67391,37.4118],[-4.66994,37.41192],[-4.66679,37.41201],[-4.66401,37.41209],[-4.66035,37.41219],[-4.65767,37.41227],[-4.65465,37.41235],[-4.65146,37.41245],[-4.64811,37.41255],[-4.64559,37.41212],[-4.64191,37.41149],[-4.63906,37.411],[-4.63526,37.41036],[-4.632,37.40981],[-4.62721,37.409],[-4.62402,37.40845],[-4.62241,37.40818],[-4.61874,37.40755],[-4.61516,37.40695],[-4.61295,37.40656],[-4.61116,37.40617],[-4.60834,37.40578],[-4.60527,37.40526],[-4.60159,37.40463],[-4.59973,37.40474],[-4.59541,37.40505],[-4.59251,37.40526],[-4.58971,37.40545],[-4.58559,37.40573],[-4.58243,37.40595],[-4.57937,37.40616],[-4.57617,37.40638],[-4.5731,37.40659],[-4.56996,37.40681],[-4.56755,37.40698],[-4.56374,37.4077],[-4.55971,37.40848],[-4.55704,37.409],[-4.55341,37.40969],[-4.55064,37.41023],[-4.54686,37.41096],[-4.5437,37.41157],[-4.54114,37.41206],[-4.53648,37.41295],[-4.53365,37.4135],[-4.52983,37.41423],[-4.52723,37.41472],[-4.52524,37.41512],[-4.52115,37.41591],[-4.51756,37.41658],[-4.51429,37.41722],[-4.51113,37.41782],[-4.50796,37.41844],[-4.50424,37.41914],[-4.50071,37.42035],[-4.4997,37.42071],[-4.49569,37.42202],[-4.49368,37.42249],[-4.49029,37.42327],[-4.48759,37.4239],[-4.4836,37.42483],[-4.48032,37.42558],[-4.48007,37.42549]]}},{"type":"Feature","properties":{"id":"way/1002426342","kind":"overhead","voltageClass":"low","voltageKv":66,"name":"Línea de alta tensión Don Rodrigo - El Coronil y El Coronil - Morón de la Frontera","circuits":2,"cables":"6","source":"osm"},"geometry":{"type":"LineString","coordinates":[[-5.62786,37.0886],[-5.6278,37.09032],[-5.62772,37.09286],[-5.62777,37.09654],[-5.62739,37.10107]]}},{"type":"Feature","properties":{"id":"way/1002426343","kind":"overhead","voltageClass":"low","voltageKv":66,"name":"Línea de alta tensión Don Rodrigo - El Coronil","circuits":1,"cables":"3","source":"osm"},"geometry":{"type":"LineString","coordinates":[[-5.76842,37.17545],[-5.76682,37.17354],[-5.76511,37.17153],[-5.76305,37.16909],[-5.76101,37.16667],[-5.7591,37.16441],[-5.75707,37.162],[-5.75517,37.15976],[-5.75405,37.15814],[-5.75235,37.15569],[-5.75117,37.15399],[-5.74957,37.15168],[-5.74805,37.14948],[-5.74609,37.14665],[-5.74465,37.14457],[-5.74275,37.14184],[-5.74129,37.13972],[-5.73937,37.13695],[-5.73794,37.13489],[-5.73636,37.13261],[-5.73447,37.12987],[-5.73295,37.12769],[-5.73029,37.12634],[-5.72839,37.12539],[-5.7246,37.1239],[-5.72214,37.12292],[-5.71978,37.122],[-5.71757,37.12113],[-5.71408,37.11976],[-5.71157,37.11877],[-5.70884,37.1177],[-5.70624,37.11668],[-5.70395,37.11577],[-5.70097,37.1146],[-5.69806,37.11437],[-5.69477,37.11411],[-5.69141,37.11385],[-5.68928,37.11368],[-5.68601,37.11263],[-5.68261,37.11154],[-5.67973,37.11062],[-5.67714,37.10979],[-5.67328,37.10855],[-5.67081,37.10776],[-5.6687,37.10709],[-5.66608,37.10624],[-5.66341,37.10539],[-5.6612,37.10468],[-5.65755,37.10399],[-5.65541,37.10362],[-5.65188,37.10298],[-5.6484,37.10234],[-5.64587,37.10188],[-5.64308,37.10138],[-5.64069,37.10094],[-5.63756,37.10037],[-5.63458,37.10058],[-5.63219,37.10074],[-5.62986,37.10089],[-5.62739,37.10107]]}},{"type":"Feature","properties":{"id":"way/1002441516","kind":"overhead","voltageClass":"low","voltageKv":66,"name":"Línea de alta tensión Fontanal - Lebrija y Fontanal - Palacios","circuits":2,"cables":"6","source":"osm"},"geometry":{"type":"LineString","coordinates":[[-6.0616,36.9331],[-6.0614,36.93313],[-6.05967,36.9333],[-6.05641,36.93395],[-6.05453,36.93713],[-6.05378,36.93841],[-6.05508,36.94064],[-6.0567,36.94338],[-6.0581,36.9459],[-6.0595,36.9483],[-6.06118,36.95126],[-6.06267,36.95378],[-6.0646,36.95714],[-6.06583,36.9601],[-6.0685,36.9633],[-6.06796,36.96459],[-6.06792,36.96501]]}},{"type":"Feature","properties":{"id":"way/1003666886","kind":"overhead","voltageClass":"low","voltageKv":66,"name":"Línea de alta tensión Cordobilla - Isla Redonda","circuits":1,"cables":"3","source":"osm"},"geometry":{"type":"LineString","coordinates":[[-4.89999,37.45571],[-4.89851,37.45336],[-4.89695,37.45088],[-4.89504,37.44785],[-4.89319,37.44491],[-4.89134,37.44198],[-4.89063,37.44085],[-4.89036,37.43932],[-4.89016,37.43818],[-4.8897,37.43549],[-4.88941,37.43382],[-4.8889,37.43091],[-4.88874,37.43],[-4.88856,37.42897],[-4.88799,37.42569],[-4.88763,37.42366],[-4.88737,37.42213],[-4.88712,37.42072],[-4.88569,37.41837],[-4.88377,37.41685],[-4.88054,37.41551],[-4.87825,37.41478],[-4.87698,37.41437],[-4.87538,37.41386],[-4.87362,37.4133],[-4.87074,37.41238],[-4.86559,37.41075],[-4.86214,37.40964],[-4.85728,37.4081],[-4.85409,37.40708],[-4.85058,37.40597],[-4.8485,37.40529],[-4.84748,37.40496],[-4.84449,37.40402],[-4.84265,37.40343],[-4.84085,37.40286],[-4.83908,37.40229],[-4.83743,37.40175],[-4.83585,37.40125],[-4.83399,37.40065],[-4.83249,37.39986],[-4.83093,37.39902],[-4.82858,37.39776],[-4.82721,37.39702],[-4.82508,37.39586],[-4.82335,37.39493],[-4.82109,37.39371],[-4.81957,37.39289],[-4.8174,37.39171],[-4.81609,37.391],[-4.81433,37.39005],[-4.81288,37.38927],[-4.81098,37.38824],[-4.80923,37.38729],[-4.80754,37.38637],[-4.80625,37.38569],[-4.80491,37.38496],[-4.80332,37.3841],[-4.80158,37.38317],[-4.79921,37.38189],[-4.79772,37.38108],[-4.79623,37.38028],[-4.79383,37.37898],[-4.79199,37.37799],[-4.79035,37.3771],[-4.78787,37.37577],[-4.7858,37.37547],[-4.78461,37.3753],[-4.78009,37.37464],[-4.77944,37.37446]]}},{"type":"Feature","properties":{"id":"way/1003666888","kind":"overhead","voltageClass":"low","voltageKv":66,"name":"Línea de alta tensión Cordobilla - Isla Redonda e Isla Redonda - Los Humosos","circuits":2,"cables":"6","source":"osm"},"geometry":{"type":"LineString","coordinates":[[-4.89999,37.45571],[-4.89856,37.45671],[-4.89669,37.45774]]}},{"type":"Feature","properties":{"id":"way/1003666894","kind":"overhead","voltageClass":"low","voltageKv":66,"name":"Línea de alta tensión Écija - Los Humosos e Isla Redonda - Los Humosos","circuits":2,"cables":"6","source":"osm"},"geometry":{"type":"LineString","coordinates":[[-4.99779,37.51476],[-4.99884,37.51279]]}},{"type":"Feature","properties":{"id":"way/1003975865","kind":"overhead","voltageClass":"low","voltageKv":66,"name":"Línea de alta tensión Alcolea del Río - Romeral y Carmona - Romeral","circuits":2,"cables":"6","source":"osm"},"geometry":{"type":"LineString","coordinates":[[-5.65297,37.50742],[-5.65165,37.50785],[-5.64964,37.5085]]}},{"type":"Feature","properties":{"id":"way/1004004353","kind":"overhead","voltageClass":"low","voltageKv":66,"name":"Línea de alta tensión Cordobilla - Estepa","circuits":1,"cables":"3","source":"osm"},"geometry":{"type":"LineString","coordinates":[[-4.74932,37.37014],[-4.74947,37.37015],[-4.75221,37.37001],[-4.75439,37.36991],[-4.75731,37.36967],[-4.76032,37.36943],[-4.76242,37.36925],[-4.76626,37.36891],[-4.7695,37.36866],[-4.7715,37.36849],[-4.77425,37.36825],[-4.7775,37.36797],[-4.77979,37.36776],[-4.7828,37.36644],[-4.78572,37.36514],[-4.7887,37.36381],[-4.79133,37.36264],[-4.79467,37.36115],[-4.79726,37.36],[-4.80003,37.35876],[-4.80284,37.35751],[-4.80539,37.35637],[-4.80798,37.35523],[-4.81123,37.35379],[-4.81392,37.35259],[-4.81729,37.3511],[-4.81972,37.35002],[-4.82273,37.34868],[-4.82601,37.34722],[-4.82896,37.34591],[-4.83173,37.34467],[-4.83462,37.34338],[-4.83713,37.34226],[-4.83992,37.34101],[-4.8421,37.34003],[-4.84526,37.33861],[-4.8479,37.33743],[-4.85044,37.33629],[-4.85442,37.33451],[-4.85701,37.33335],[-4.86005,37.33199],[-4.86275,37.33078],[-4.86577,37.32942],[-4.86893,37.328]]}},{"type":"Feature","properties":{"id":"way/1004034321","kind":"overhead","voltageClass":"low","voltageKv":66,"name":null,"circuits":2,"cables":"6","source":"osm"},"geometry":{"type":"LineString","coordinates":[[-6.0086,37.34184],[-6.0069,37.34664],[-6.00637,37.34817],[-6.00312,37.35014],[-6.00301,37.35259],[-6.00291,37.35507],[-6.0028,37.35751],[-6.00272,37.35933],[-6.00209,37.36187],[-6.00161,37.36269],[-6.00011,37.36434],[-5.99993,37.36601]]}},{"type":"Feature","properties":{"id":"way/1004034324","kind":"overhead","voltageClass":"low","voltageKv":66,"name":null,"circuits":2,"cables":"6","source":"osm"},"geometry":{"type":"LineString","coordinates":[[-6.00335,37.33716],[-6.00207,37.33565]]}},{"type":"Feature","properties":{"id":"way/1004034325","kind":"overhead","voltageClass":"low","voltageKv":66,"name":null,"circuits":1,"cables":"3","source":"osm"},"geometry":{"type":"LineString","coordinates":[[-6.00164,37.33585],[-6.00207,37.33565]]}},{"type":"Feature","properties":{"id":"way/1004034326","kind":"overhead","voltageClass":"low","voltageKv":66,"name":null,"circuits":1,"cables":"3","source":"osm"},"geometry":{"type":"LineString","coordinates":[[-6.00379,37.33711],[-6.00335,37.33716]]}},{"type":"Feature","properties":{"id":"way/1004034327","kind":"overhead","voltageClass":"low","voltageKv":66,"name":null,"circuits":2,"cables":"6","source":"osm"},"geometry":{"type":"LineString","coordinates":[[-6.0086,37.34184],[-6.00678,37.33908],[-6.00594,37.33838],[-6.00379,37.33711],[-6.00247,37.33553],[-6.0009,37.33364],[-5.99925,37.33171],[-5.99665,37.33109]]}},{"type":"Feature","properties":{"id":"way/1004034328","kind":"overhead","voltageClass":"low","voltageKv":66,"name":"Línea de alta tensión Guadaíra - Torrecuéllar y Palomares - Torrecuéllar","circuits":2,"cables":"6","source":"osm"},"geometry":{"type":"LineString","coordinates":[[-6.00207,37.33565],[-6.00042,37.33373],[-5.99897,37.33199]]}},{"type":"Feature","properties":{"id":"way/1004034330","kind":"overhead","voltageClass":"low","voltageKv":66,"name":"Línea de alta tensión Guadaíra - Palomares y Palomares - Torrecuéllar","circuits":1,"cables":"3","source":"osm"},"geometry":{"type":"LineString","coordinates":[[-6.03791,37.31374],[-6.03424,37.31556],[-6.03241,37.31603],[-6.03063,37.31652],[-6.02883,37.31698],[-6.0255,37.31784],[-6.02212,37.3187],[-6.01815,37.31972],[-6.0159,37.3212]]}},{"type":"Feature","properties":{"id":"way/1004034331","kind":"overhead","voltageClass":"low","voltageKv":66,"name":null,"circuits":4,"cables":"12","source":"osm"},"geometry":{"type":"LineString","coordinates":[[-5.9952,37.33132],[-5.99665,37.33109]]}},{"type":"Feature","properties":{"id":"way/1004034332","kind":"overhead","voltageClass":"low","voltageKv":66,"name":null,"circuits":2,"cables":"6","source":"osm"},"geometry":{"type":"LineString","coordinates":[[-5.9937,37.33188],[-5.9952,37.33132]]}},{"type":"Feature","properties":{"id":"way/1004034333","kind":"overhead","voltageClass":"low","voltageKv":66,"name":null,"circuits":3,"cables":"9","source":"osm"},"geometry":{"type":"LineString","coordinates":[[-5.9937,37.33188],[-5.99121,37.33267]]}},{"type":"Feature","properties":{"id":"way/1004034334","kind":"overhead","voltageClass":"low","voltageKv":66,"name":null,"circuits":3,"cables":"9","source":"osm"},"geometry":{"type":"LineString","coordinates":[[-5.99111,37.33234],[-5.99354,37.33169]]}},{"type":"Feature","properties":{"id":"way/1004034337","kind":"overhead","voltageClass":"low","voltageKv":66,"name":null,"circuits":1,"cables":"3","source":"osm"},"geometry":{"type":"LineString","coordinates":[[-5.99121,37.33267],[-5.9901,37.33318]]}},{"type":"Feature","properties":{"id":"way/1004034339","kind":"overhead","voltageClass":"low","voltageKv":66,"name":null,"circuits":2,"cables":"6","source":"osm"},"geometry":{"type":"LineString","coordinates":[[-5.99095,37.33739],[-5.98972,37.33641],[-5.9894,37.33538],[-5.99,37.33311],[-5.99121,37.33267]]}},{"type":"Feature","properties":{"id":"way/1004034340","kind":"overhead","voltageClass":"low","voltageKv":66,"name":null,"circuits":2,"cables":"6","source":"osm"},"geometry":{"type":"LineString","coordinates":[[-5.99093,37.33756],[-5.98953,37.3368],[-5.98903,37.33539],[-5.99,37.33271],[-5.99111,37.33234]]}},{"type":"Feature","properties":{"id":"way/1004034343","kind":"overhead","voltageClass":"low","voltageKv":66,"name":null,"circuits":2,"cables":"6","source":"osm"},"geometry":{"type":"LineString","coordinates":[[-6.0223,37.38119],[-6.01993,37.37865],[-6.01775,37.3766],[-6.0161,37.37503],[-6.01557,37.37447],[-6.01436,37.37275],[-6.01345,37.37146],[-6.01141,37.37059],[-6.00913,37.37007],[-6.00676,37.36958],[-6.00472,37.36918]]}},{"type":"Feature","properties":{"id":"way/1004034344","kind":"overhead","voltageClass":"low","voltageKv":66,"name":null,"circuits":2,"cables":"6","source":"osm"},"geometry":{"type":"LineString","coordinates":[[-6.02457,37.38072],[-6.02301,37.38084],[-6.0223,37.38119]]}},{"type":"Feature","properties":{"id":"way/1004041473","kind":"overhead","voltageClass":"low","voltageKv":66,"name":"Línea de alta tensión Aljarafe - Bollullos de la Mitación","circuits":1,"cables":"3","source":"osm"},"geometry":{"type":"LineString","coordinates":[[-6.13468,37.34554],[-6.13316,37.34535],[-6.12978,37.34494],[-6.12602,37.34449],[-6.1217,37.34393],[-6.1175,37.34339],[-6.1151,37.34211],[-6.11271,37.34083],[-6.11113,37.34],[-6.10902,37.33887],[-6.10782,37.33823],[-6.10512,37.3368]]}},{"type":"Feature","properties":{"id":"way/1004041474","kind":"overhead","voltageClass":"low","voltageKv":66,"name":"Línea de alta tensión Aljarafe - Bollullos y Aljarafe - Laminilla","circuits":2,"cables":"6","source":"osm"},"geometry":{"type":"LineString","coordinates":[[-6.09422,37.34369],[-6.0938,37.34339],[-6.09478,37.34192],[-6.09722,37.34026],[-6.0993,37.33883],[-6.1015,37.33807],[-6.10512,37.3368]]}},{"type":"Feature","properties":{"id":"way/1004041476","kind":"overhead","voltageClass":"low","voltageKv":66,"name":"Línea de alta tensión Alcalá de Guadaira - Palomares","circuits":2,"cables":"6","source":"osm"},"geometry":{"type":"LineString","coordinates":[[-6.03791,37.31374],[-6.04054,37.31356],[-6.04419,37.31329],[-6.04747,37.31306]]}},{"type":"Feature","properties":{"id":"way/1004046530","kind":"overhead","voltageClass":"low","voltageKv":66,"name":"Línea de alta tensión Huévar del Aljarafe - Sanlúcar la Mayor","circuits":1,"cables":"3","source":"osm"},"geometry":{"type":"LineString","coordinates":[[-6.20515,37.39258],[-6.20506,37.39292],[-6.20641,37.39277],[-6.20781,37.39267],[-6.20962,37.39222],[-6.21375,37.39121],[-6.21486,37.38976],[-6.21375,37.3864],[-6.21271,37.38299],[-6.21198,37.38064],[-6.20994,37.37394],[-6.20914,37.37148],[-6.20803,37.36798],[-6.20744,37.36608]]}},{"type":"Feature","properties":{"id":"way/1022620475","kind":"overhead","voltageClass":"low","voltageKv":66,"name":"Línea de alta tensión Morón de la Frontera - Torrejón y Torrejón - Utrera","circuits":2,"cables":"6","source":"osm"},"geometry":{"type":"LineString","coordinates":[[-5.56996,37.10769],[-5.56959,37.11048],[-5.56893,37.11233]]}},{"type":"Feature","properties":{"id":"way/1030712516","kind":"overhead","voltageClass":"unknown","voltageKv":null,"name":null,"circuits":null,"cables":null,"source":"osm"},"geometry":{"type":"LineString","coordinates":[[-6.10177,37.40741],[-6.10157,37.40772]]}},{"type":"Feature","properties":{"id":"way/1032009167","kind":"overhead","voltageClass":"medium","voltageKv":132,"name":null,"circuits":1,"cables":"3","source":"osm"},"geometry":{"type":"LineString","coordinates":[[-5.79647,37.42361],[-5.79669,37.42361],[-5.7994,37.42353],[-5.80258,37.42345],[-5.80477,37.4234],[-5.80647,37.42337],[-5.81038,37.4227],[-5.8141,37.42209],[-5.81842,37.42133],[-5.81942,37.41824],[-5.82036,37.4152],[-5.8212,37.41268],[-5.82204,37.41008],[-5.82287,37.40728],[-5.82392,37.40411],[-5.82489,37.40114],[-5.82573,37.39824],[-5.82621,37.39439],[-5.82669,37.39068],[-5.82682,37.38958],[-5.82819,37.38801],[-5.83272,37.38723],[-5.83641,37.38661],[-5.84052,37.3859],[-5.84382,37.38648],[-5.84715,37.38705],[-5.84939,37.38673],[-5.85161,37.38641],[-5.85431,37.38515],[-5.85701,37.38387],[-5.85752,37.3852],[-5.85718,37.3854]]}},{"type":"Feature","properties":{"id":"way/1032009174","kind":"overhead","voltageClass":"medium","voltageKv":132,"name":null,"circuits":null,"cables":null,"source":"osm"},"geometry":{"type":"LineString","coordinates":[[-5.79652,37.42858],[-5.79721,37.42677],[-5.79934,37.42531],[-5.80117,37.42423],[-5.80406,37.42407],[-5.80428,37.42392]]}},{"type":"Feature","properties":{"id":"way/1032906162","kind":"overhead","voltageClass":"low","voltageKv":66,"name":null,"circuits":2,"cables":"6","source":"osm"},"geometry":{"type":"LineString","coordinates":[[-6.00335,37.33716],[-6.00362,37.33837],[-6.00356,37.34008],[-6.00347,37.34188],[-6.00338,37.34379],[-6.0033,37.34558],[-6.00326,37.34704]]}},{"type":"Feature","properties":{"id":"way/1032906163","kind":"overhead","voltageClass":"low","voltageKv":66,"name":null,"circuits":1,"cables":"3","source":"osm"},"geometry":{"type":"LineString","coordinates":[[-6.04814,37.31315],[-6.04893,37.31305]]}},{"type":"Feature","properties":{"id":"way/1032906164","kind":"overhead","voltageClass":"low","voltageKv":66,"name":null,"circuits":1,"cables":"3","source":"osm"},"geometry":{"type":"LineString","coordinates":[[-6.04814,37.31315],[-6.04894,37.3131]]}},{"type":"Feature","properties":{"id":"way/1032906165","kind":"overhead","voltageClass":"low","voltageKv":66,"name":null,"circuits":1,"cables":"3","source":"osm"},"geometry":{"type":"LineString","coordinates":[[-6.04747,37.31306],[-6.04871,37.31295],[-6.04891,37.31294]]}},{"type":"Feature","properties":{"id":"way/1032906168","kind":"overhead","voltageClass":"low","voltageKv":66,"name":null,"circuits":1,"cables":"3","source":"osm"},"geometry":{"type":"LineString","coordinates":[[-6.04747,37.31306],[-6.04892,37.31299]]}},{"type":"Feature","properties":{"id":"way/1034442465","kind":"underground","voltageClass":"low","voltageKv":66,"name":null,"circuits":2,"cables":"6","source":"osm"},"geometry":{"type":"LineString","coordinates":[[-4.80079,37.89899],[-4.80041,37.89938],[-4.80029,37.89946],[-4.80006,37.89944],[-4.79886,37.89908],[-4.79883,37.89847],[-4.799,37.89821],[-4.79927,37.89795],[-4.79928,37.89703],[-4.7992,37.89381],[-4.79913,37.89371],[-4.79896,37.89366],[-4.79887,37.89355],[-4.79883,37.89344],[-4.79887,37.89331],[-4.79894,37.89313],[-4.79857,37.89231],[-4.79579,37.88627],[-4.79556,37.88579],[-4.7949,37.8859],[-4.79456,37.88597]]}},{"type":"Feature","properties":{"id":"way/1034442467","kind":"overhead","voltageClass":"low","voltageKv":66,"name":null,"circuits":1,"cables":"3","source":"osm"},"geometry":{"type":"LineString","coordinates":[[-4.81447,37.89725],[-4.81627,37.89645],[-4.81596,37.89766]]}},{"type":"Feature","properties":{"id":"way/1034442468","kind":"overhead","voltageClass":"low","voltageKv":66,"name":null,"circuits":1,"cables":"3","source":"osm"},"geometry":{"type":"LineString","coordinates":[[-4.81636,37.89633],[-4.81447,37.89725]]}},{"type":"Feature","properties":{"id":"way/1034442470","kind":"overhead","voltageClass":"low","voltageKv":66,"name":null,"circuits":1,"cables":"3","source":"osm"},"geometry":{"type":"LineString","coordinates":[[-4.81636,37.89633],[-4.81602,37.89767]]}},{"type":"Feature","properties":{"id":"way/1034442471","kind":"underground","voltageClass":"low","voltageKv":66,"name":null,"circuits":null,"cables":null,"source":"osm"},"geometry":{"type":"LineString","coordinates":[[-4.81846,37.87283],[-4.81864,37.87277],[-4.81861,37.87269],[-4.8179,37.87287],[-4.81781,37.87268],[-4.81696,37.87168],[-4.81463,37.87237],[-4.81471,37.87254],[-4.81464,37.87255]]}},{"type":"Feature","properties":{"id":"way/1034442476","kind":"underground","voltageClass":"low","voltageKv":66,"name":null,"circuits":2,"cables":"6","source":"osm"},"geometry":{"type":"LineString","coordinates":[[-4.8112,37.85826],[-4.81136,37.85825],[-4.81149,37.85801],[-4.81109,37.85669],[-4.81103,37.85666],[-4.80956,37.85699],[-4.80821,37.8573],[-4.80686,37.8577],[-4.80438,37.85843],[-4.80262,37.85895],[-4.8002,37.85971],[-4.79826,37.86016],[-4.79768,37.86198],[-4.79757,37.86218],[-4.79696,37.86305],[-4.79688,37.8632],[-4.7968,37.86362],[-4.79688,37.8637],[-4.79747,37.86393],[-4.79865,37.86458],[-4.80015,37.86549],[-4.80142,37.86647],[-4.80224,37.86716],[-4.80303,37.86804],[-4.80326,37.86834],[-4.80362,37.86897],[-4.80395,37.86977],[-4.80427,37.87032],[-4.80439,37.87065],[-4.80433,37.87125],[-4.80439,37.87201],[-4.80442,37.87273],[-4.80435,37.87351],[-4.8042,37.87411],[-4.80415,37.87489],[-4.80455,37.87551],[-4.80628,37.87786],[-4.80625,37.87807],[-4.80575,37.8783],[-4.80602,37.87892],[-4.80651,37.87953],[-4.80704,37.88012],[-4.80733,37.88033],[-4.80762,37.8808],[-4.8084,37.8819],[-4.80751,37.88263],[-4.80738,37.88282],[-4.80736,37.883],[-4.80742,37.88319],[-4.80793,37.88416],[-4.80824,37.88491],[-4.80848,37.88564],[-4.80855,37.88582],[-4.80872,37.88596],[-4.80879,37.88611],[-4.80876,37.88644],[-4.80883,37.88674],[-4.809,37.8867]]}},{"type":"Feature","properties":{"id":"way/1034442477","kind":"overhead","voltageClass":"low","voltageKv":66,"name":null,"circuits":2,"cables":"6","source":"osm"},"geometry":{"type":"LineString","coordinates":[[-4.81241,37.85873],[-4.81457,37.85978],[-4.81641,37.86068],[-4.81771,37.8632],[-4.81847,37.86467],[-4.81899,37.86614],[-4.81984,37.86853],[-4.82025,37.86963],[-4.82103,37.87186],[-4.82201,37.87459],[-4.82291,37.87711],[-4.82292,37.8797],[-4.8229,37.88199],[-4.82234,37.88331],[-4.82173,37.88466],[-4.8204,37.88517],[-4.81987,37.88735],[-4.81929,37.88986],[-4.81869,37.89239],[-4.81751,37.89436],[-4.81636,37.89633]]}},{"type":"Feature","properties":{"id":"way/1034442478","kind":"overhead","voltageClass":"low","voltageKv":66,"name":null,"circuits":1,"cables":"3","source":"osm"},"geometry":{"type":"LineString","coordinates":[[-4.81233,37.85854],[-4.81241,37.85873]]}},{"type":"Feature","properties":{"id":"way/1034442479","kind":"overhead","voltageClass":"low","voltageKv":66,"name":null,"circuits":1,"cables":"3","source":"osm"},"geometry":{"type":"LineString","coordinates":[[-4.81246,37.85855],[-4.81241,37.85873]]}},{"type":"Feature","properties":{"id":"way/1034442480","kind":"overhead","voltageClass":"low","voltageKv":66,"name":null,"circuits":1,"cables":"3","source":"osm"},"geometry":{"type":"LineString","coordinates":[[-4.81165,37.8585],[-4.81164,37.85867],[-4.81233,37.85899],[-4.81263,37.85945],[-4.81372,37.86104],[-4.81467,37.86243],[-4.81528,37.86446],[-4.81601,37.86638],[-4.81683,37.86852],[-4.81766,37.8707],[-4.81846,37.87283],[-4.81915,37.87464],[-4.81969,37.87584],[-4.81895,37.87808],[-4.81712,37.87849],[-4.81549,37.87884],[-4.81359,37.87925],[-4.81156,37.87937],[-4.81127,37.87858]]}},{"type":"Feature","properties":{"id":"way/1034442481","kind":"overhead","voltageClass":"low","voltageKv":66,"name":"Línea de alta tensión Casillas - Villarrubia","circuits":1,"cables":"3","source":"osm"},"geometry":{"type":"LineString","coordinates":[[-4.91646,37.85557],[-4.91347,37.85702],[-4.91188,37.85778],[-4.91023,37.85858],[-4.90789,37.85972],[-4.90519,37.86103],[-4.90244,37.86236],[-4.89984,37.86362],[-4.89768,37.86466],[-4.89488,37.86601],[-4.89262,37.86709],[-4.89001,37.86836],[-4.8874,37.86962],[-4.88488,37.87085],[-4.88237,37.87206],[-4.88025,37.8731],[-4.8772,37.87353],[-4.87432,37.87394],[-4.87152,37.87434],[-4.86881,37.87473],[-4.86613,37.8751],[-4.863,37.8751],[-4.86015,37.8751],[-4.85718,37.8751],[-4.85434,37.87511],[-4.85104,37.87454],[-4.84988,37.87306],[-4.84885,37.87177],[-4.84771,37.87037],[-4.84637,37.86863],[-4.84458,37.86626],[-4.84359,37.86497],[-4.84274,37.86446],[-4.84187,37.86396],[-4.83973,37.86344],[-4.83715,37.86282],[-4.83432,37.8621],[-4.83175,37.86145],[-4.82919,37.86083],[-4.82685,37.86025],[-4.82428,37.85963],[-4.82135,37.85892],[-4.8196,37.85849],[-4.81782,37.85805],[-4.81546,37.85746],[-4.81329,37.85694],[-4.81197,37.85756],[-4.812,37.85838]]}},{"type":"Feature","properties":{"id":"way/1034442482","kind":"overhead","voltageClass":"low","voltageKv":66,"name":null,"circuits":1,"cables":"3","source":"osm"},"geometry":{"type":"LineString","coordinates":[[-4.81189,37.85735],[-4.81186,37.85837]]}},{"type":"Feature","properties":{"id":"way/1034442483","kind":"overhead","voltageClass":"low","voltageKv":66,"name":null,"circuits":1,"cables":"3","source":"osm"},"geometry":{"type":"LineString","coordinates":[[-4.81189,37.85735],[-4.81193,37.85838]]}},{"type":"Feature","properties":{"id":"way/1034442484","kind":"overhead","voltageClass":"low","voltageKv":66,"name":"Línea de alta tensión Casillas - Santuario","circuits":1,"cables":"3","source":"osm"},"geometry":{"type":"LineString","coordinates":[[-4.81184,37.85755],[-4.81173,37.85837]]}},{"type":"Feature","properties":{"id":"way/1034442485","kind":"overhead","voltageClass":"low","voltageKv":66,"name":"Línea de alta tensión Casillas - Torrecillas","circuits":1,"cables":"3","source":"osm"},"geometry":{"type":"LineString","coordinates":[[-4.81184,37.85755],[-4.8118,37.85837]]}},{"type":"Feature","properties":{"id":"way/1034442487","kind":"overhead","voltageClass":"medium","voltageKv":132,"name":"Línea de alta tensión Casillas - Lancha 2","circuits":1,"cables":"3","source":"osm"},"geometry":{"type":"LineString","coordinates":[[-4.8127,37.85777],[-4.81272,37.85694]]}},{"type":"Feature","properties":{"id":"way/1034442488","kind":"overhead","voltageClass":"medium","voltageKv":132,"name":"Línea de alta tensión Casillas - Puente Nuevo","circuits":1,"cables":"3","source":"osm"},"geometry":{"type":"LineString","coordinates":[[-4.81281,37.85778],[-4.81272,37.85694]]}},{"type":"Feature","properties":{"id":"way/1034827797","kind":"overhead","voltageClass":"medium","voltageKv":132,"name":"Línea de alta tensión Moratalla","circuits":1,"cables":"3","source":"osm"},"geometry":{"type":"LineString","coordinates":[[-5.20533,37.78924],[-5.20545,37.78959]]}},{"type":"Feature","properties":{"id":"way/1034827798","kind":"overhead","voltageClass":"medium","voltageKv":132,"name":"Línea de alta tensión Grullas - Moratalla","circuits":1,"cables":"3","source":"osm"},"geometry":{"type":"LineString","coordinates":[[-5.20533,37.78924],[-5.20555,37.78956]]}},{"type":"Feature","properties":{"id":"way/1034827799","kind":"overhead","voltageClass":"medium","voltageKv":132,"name":"Línea de alta tensión Lancha - Rivero","circuits":1,"cables":"3","source":"osm"},"geometry":{"type":"LineString","coordinates":[[-5.14231,37.80287],[-5.14191,37.80265]]}},{"type":"Feature","properties":{"id":"way/1034827800","kind":"overhead","voltageClass":"medium","voltageKv":132,"name":"Línea de alta tensión Rivero - Setefilla","circuits":1,"cables":"3","source":"osm"},"geometry":{"type":"LineString","coordinates":[[-5.14231,37.80287],[-5.142,37.80259]]}},{"type":"Feature","properties":{"id":"way/1034827804","kind":"overhead","voltageClass":"medium","voltageKv":132,"name":"Línea de alta tensión Posadas - Puente Nuevo","circuits":1,"cables":"3","source":"osm"},"geometry":{"type":"LineString","coordinates":[[-5.10023,37.80915],[-5.0997,37.80823]]}},{"type":"Feature","properties":{"id":"way/1034827805","kind":"overhead","voltageClass":"medium","voltageKv":132,"name":"Línea de alta tensión Moratalla - Posadas","circuits":1,"cables":"3","source":"osm"},"geometry":{"type":"LineString","coordinates":[[-5.10023,37.80915],[-5.09981,37.8082]]}},{"type":"Feature","properties":{"id":"way/1034827807","kind":"overhead","voltageClass":"low","voltageKv":66,"name":null,"circuits":1,"cables":"3","source":"osm"},"geometry":{"type":"LineString","coordinates":[[-5.10031,37.80807],[-5.10019,37.80793]]}},{"type":"Feature","properties":{"id":"way/1034827808","kind":"overhead","voltageClass":"low","voltageKv":66,"name":null,"circuits":1,"cables":"3","source":"osm"},"geometry":{"type":"LineString","coordinates":[[-5.10019,37.8081],[-5.10007,37.80797]]}},{"type":"Feature","properties":{"id":"way/1034827809","kind":"overhead","voltageClass":"low","voltageKv":66,"name":null,"circuits":1,"cables":"3","source":"osm"},"geometry":{"type":"LineString","coordinates":[[-5.10019,37.8081],[-5.10013,37.80795]]}},{"type":"Feature","properties":{"id":"way/1034827811","kind":"overhead","voltageClass":"low","voltageKv":66,"name":"Línea de alta tensión Bembézar - Posadas y Palma del Río - Posadas","circuits":2,"cables":"6","source":"osm"},"geometry":{"type":"LineString","coordinates":[[-5.1018,37.80994],[-5.10105,37.80928],[-5.10019,37.8081]]}},{"type":"Feature","properties":{"id":"way/1036484142","kind":"overhead","voltageClass":"unknown","voltageKv":null,"name":null,"circuits":null,"cables":null,"source":"osm"},"geometry":{"type":"LineString","coordinates":[[-6.07261,36.95357],[-6.07264,36.9536],[-6.07284,36.95379],[-6.07291,36.95387]]}},{"type":"Feature","properties":{"id":"way/1036484149","kind":"overhead","voltageClass":"low","voltageKv":66,"name":"Línea de alta tensión Fontanal - Lebrija","circuits":1,"cables":"3","source":"osm"},"geometry":{"type":"LineString","coordinates":[[-6.06792,36.96501],[-6.06829,36.96462]]}},{"type":"Feature","properties":{"id":"way/1036502157","kind":"underground","voltageClass":"medium","voltageKv":132,"name":null,"circuits":2,"cables":"6","source":"osm"},"geometry":{"type":"LineString","coordinates":[[-5.87552,37.41239],[-5.88353,37.40716]]}},{"type":"Feature","properties":{"id":"way/1036775499","kind":"overhead","voltageClass":"low","voltageKv":66,"name":"Línea de alta tensión Monclova - Villanueva del Rey","circuits":1,"cables":"3","source":"osm"},"geometry":{"type":"LineString","coordinates":[[-5.32982,37.55489],[-5.33051,37.55485]]}},{"type":"Feature","properties":{"id":"way/1036775500","kind":"overhead","voltageClass":"low","voltageKv":66,"name":"Línea de alta tensión Monclova - Villanueva del Rey","circuits":1,"cables":"3","source":"osm"},"geometry":{"type":"LineString","coordinates":[[-5.32982,37.55489],[-5.33051,37.55492]]}},{"type":"Feature","properties":{"id":"way/1036775501","kind":"overhead","voltageClass":"medium","voltageKv":132,"name":null,"circuits":1,"cables":"3","source":"osm"},"geometry":{"type":"LineString","coordinates":[[-5.85769,37.38564],[-5.8573,37.38566]]}},{"type":"Feature","properties":{"id":"way/1036775502","kind":"overhead","voltageClass":"medium","voltageKv":132,"name":null,"circuits":1,"cables":"3","source":"osm"},"geometry":{"type":"LineString","coordinates":[[-5.85769,37.38564],[-5.85734,37.38575]]}},{"type":"Feature","properties":{"id":"way/1036775503","kind":"overhead","voltageClass":"medium","voltageKv":132,"name":"Línea de alta tensión Alcores - Parque Aeronáutico y Alcores - Santa Elvira 1","circuits":2,"cables":"6","source":"osm"},"geometry":{"type":"LineString","coordinates":[[-5.8581,37.38705],[-5.85769,37.38564]]}},{"type":"Feature","properties":{"id":"way/1036775507","kind":"overhead","voltageClass":"low","voltageKv":66,"name":null,"circuits":1,"cables":"3","source":"osm"},"geometry":{"type":"LineString","coordinates":[[-5.8642,37.35668],[-5.86452,37.35653],[-5.86446,37.35664]]}},{"type":"Feature","properties":{"id":"way/1036775508","kind":"overhead","voltageClass":"low","voltageKv":66,"name":null,"circuits":1,"cables":"3","source":"osm"},"geometry":{"type":"LineString","coordinates":[[-5.8642,37.35668],[-5.86459,37.35656],[-5.86453,37.35666]]}},{"type":"Feature","properties":{"id":"way/1036775510","kind":"overhead","voltageClass":"low","voltageKv":66,"name":null,"circuits":1,"cables":"3","source":"osm"},"geometry":{"type":"LineString","coordinates":[[-5.866,37.35506],[-5.86581,37.35644],[-5.86445,37.3565],[-5.86439,37.35661]]}},{"type":"Feature","properties":{"id":"way/1036775511","kind":"overhead","voltageClass":"low","voltageKv":66,"name":null,"circuits":1,"cables":"3","source":"osm"},"geometry":{"type":"LineString","coordinates":[[-5.86439,37.35675],[-5.86595,37.35652],[-5.86634,37.35407]]}},{"type":"Feature","properties":{"id":"way/1036775512","kind":"overhead","voltageClass":"low","voltageKv":66,"name":null,"circuits":1,"cables":"3","source":"osm"},"geometry":{"type":"LineString","coordinates":[[-5.86439,37.35675],[-5.86591,37.3565],[-5.86634,37.35407]]}},{"type":"Feature","properties":{"id":"way/1036775513","kind":"overhead","voltageClass":"low","voltageKv":66,"name":null,"circuits":1,"cables":"3","source":"osm"},"geometry":{"type":"LineString","coordinates":[[-5.866,37.35506],[-5.86577,37.35641],[-5.86438,37.35647],[-5.86432,37.35658]]}},{"type":"Feature","properties":{"id":"way/1036775514","kind":"overhead","voltageClass":"low","voltageKv":66,"name":null,"circuits":2,"cables":"6","source":"osm"},"geometry":{"type":"LineString","coordinates":[[-5.86634,37.35407],[-5.86682,37.35362],[-5.86824,37.35317],[-5.87016,37.35029],[-5.8725,37.35016],[-5.87393,37.35043]]}},{"type":"Feature","properties":{"id":"way/1036775515","kind":"overhead","voltageClass":"low","voltageKv":66,"name":null,"circuits":1,"cables":"3","source":"osm"},"geometry":{"type":"LineString","coordinates":[[-5.87393,37.35043],[-5.87384,37.35124],[-5.87366,37.35291],[-5.87361,37.35297]]}},{"type":"Feature","properties":{"id":"way/1036775517","kind":"overhead","voltageClass":"low","voltageKv":66,"name":null,"circuits":1,"cables":"3","source":"osm"},"geometry":{"type":"LineString","coordinates":[[-5.8735,37.35291],[-5.87347,37.35282],[-5.87357,37.35],[-5.87138,37.34879]]}},{"type":"Feature","properties":{"id":"way/1036775518","kind":"overhead","voltageClass":"medium","voltageKv":132,"name":null,"circuits":1,"cables":"3","source":"osm"},"geometry":{"type":"LineString","coordinates":[[-5.87294,37.35705],[-5.87268,37.35705]]}},{"type":"Feature","properties":{"id":"way/1036775520","kind":"overhead","voltageClass":"high","voltageKv":220,"name":null,"circuits":1,"cables":"3","source":"osm"},"geometry":{"type":"LineString","coordinates":[[-6.06913,37.48154],[-6.06964,37.4817]]}},{"type":"Feature","properties":{"id":"way/1036775521","kind":"overhead","voltageClass":"high","voltageKv":220,"name":null,"circuits":1,"cables":"3","source":"osm"},"geometry":{"type":"LineString","coordinates":[[-6.06913,37.48154],[-6.06968,37.48158]]}},{"type":"Feature","properties":{"id":"way/1036775524","kind":"overhead","voltageClass":"medium","voltageKv":132,"name":null,"circuits":1,"cables":"3","source":"osm"},"geometry":{"type":"LineString","coordinates":[[-5.93858,37.47955],[-5.9387,37.47957]]}},{"type":"Feature","properties":{"id":"way/1036775525","kind":"overhead","voltageClass":"medium","voltageKv":132,"name":null,"circuits":1,"cables":"3","source":"osm"},"geometry":{"type":"LineString","coordinates":[[-5.93858,37.47955],[-5.93863,37.47963]]}},{"type":"Feature","properties":{"id":"way/1036775527","kind":"overhead","voltageClass":"medium","voltageKv":132,"name":null,"circuits":2,"cables":"6","source":"osm"},"geometry":{"type":"LineString","coordinates":[[-5.93749,37.47892],[-5.93858,37.47955]]}},{"type":"Feature","properties":{"id":"way/1036775528","kind":"overhead","voltageClass":"medium","voltageKv":132,"name":null,"circuits":2,"cables":"6","source":"osm"},"geometry":{"type":"LineString","coordinates":[[-5.93749,37.47892],[-5.93571,37.48069],[-5.9334,37.48222],[-5.93118,37.48368],[-5.92926,37.48496],[-5.9273,37.48623],[-5.92508,37.48771],[-5.92176,37.49137],[-5.91904,37.49465],[-5.91707,37.49694],[-5.91499,37.49933],[-5.91297,37.50163],[-5.9105,37.5035],[-5.90805,37.50539],[-5.90561,37.50727],[-5.90322,37.50902],[-5.90068,37.51096],[-5.89836,37.51271],[-5.89577,37.51466],[-5.89324,37.51659],[-5.89068,37.51854],[-5.88819,37.52042],[-5.88568,37.52236],[-5.88311,37.52431],[-5.88073,37.52622],[-5.87848,37.52795],[-5.87617,37.52968],[-5.87379,37.53151],[-5.87131,37.53338],[-5.86901,37.53514],[-5.86655,37.53703],[-5.86403,37.53901],[-5.86158,37.54093],[-5.85916,37.54281],[-5.85682,37.54461],[-5.85427,37.54654],[-5.8522,37.54812],[-5.84981,37.54996],[-5.84731,37.55185],[-5.84634,37.55258]]}},{"type":"Feature","properties":{"id":"way/1036775529","kind":"overhead","voltageClass":"medium","voltageKv":132,"name":null,"circuits":1,"cables":"3","source":"osm"},"geometry":{"type":"LineString","coordinates":[[-5.84634,37.55258],[-5.84651,37.55282]]}},{"type":"Feature","properties":{"id":"way/1036775530","kind":"overhead","voltageClass":"medium","voltageKv":132,"name":null,"circuits":1,"cables":"3","source":"osm"},"geometry":{"type":"LineString","coordinates":[[-5.84634,37.55258],[-5.84661,37.55274]]}},{"type":"Feature","properties":{"id":"way/1036775532","kind":"underground","voltageClass":"unknown","voltageKv":null,"name":null,"circuits":2,"cables":"6","source":"osm"},"geometry":{"type":"LineString","coordinates":[[-5.84629,37.55204],[-5.84684,37.55273]]}},{"type":"Feature","properties":{"id":"way/1036775533","kind":"overhead","voltageClass":"medium","voltageKv":132,"name":"Línea de alta tensión Alcolea del Río - Grullas y San José - Setefilla","circuits":2,"cables":"6","source":"osm"},"geometry":{"type":"LineString","coordinates":[[-5.54882,37.66251],[-5.55135,37.66161],[-5.55467,37.66046],[-5.55764,37.6594],[-5.56044,37.6584],[-5.56368,37.65725],[-5.5665,37.65626],[-5.56927,37.65532],[-5.57238,37.6542],[-5.57574,37.65303],[-5.57895,37.65191],[-5.58182,37.65092],[-5.58307,37.65047],[-5.5855,37.64967],[-5.58799,37.6488],[-5.59038,37.64799],[-5.59335,37.64696],[-5.59551,37.64623],[-5.59861,37.64518],[-5.60161,37.64415],[-5.60435,37.64318],[-5.60763,37.64207],[-5.61047,37.64108],[-5.61299,37.64021],[-5.61573,37.6393],[-5.61885,37.63823],[-5.62191,37.63719],[-5.62443,37.6363],[-5.62763,37.6352],[-5.63272,37.63348],[-5.63634,37.63221],[-5.63892,37.63135],[-5.64247,37.62995],[-5.645,37.62895],[-5.64789,37.62779],[-5.65003,37.62694],[-5.65295,37.62579],[-5.65577,37.62466],[-5.65905,37.62337],[-5.66155,37.62265],[-5.66338,37.62213],[-5.66612,37.62137],[-5.66846,37.6207]]}},{"type":"Feature","properties":{"id":"way/1036775534","kind":"overhead","voltageClass":"medium","voltageKv":132,"name":null,"circuits":1,"cables":"3","source":"osm"},"geometry":{"type":"LineString","coordinates":[[-5.54625,37.6616],[-5.54593,37.66137]]}},{"type":"Feature","properties":{"id":"way/1036775535","kind":"overhead","voltageClass":"medium","voltageKv":132,"name":null,"circuits":1,"cables":"3","source":"osm"},"geometry":{"type":"LineString","coordinates":[[-5.54625,37.6616],[-5.546,37.66132]]}},{"type":"Feature","properties":{"id":"way/1036775536","kind":"overhead","voltageClass":"medium","voltageKv":132,"name":"Línea de alta tensión Grullas - Moratalla y Rivero - Setefilla","circuits":1,"cables":"3","source":"osm"},"geometry":{"type":"LineString","coordinates":[[-5.41893,37.70819],[-5.41903,37.70852]]}},{"type":"Feature","properties":{"id":"way/1036775537","kind":"overhead","voltageClass":"medium","voltageKv":132,"name":"Línea de alta tensión Alcolea del Río - Grullas","circuits":1,"cables":"3","source":"osm"},"geometry":{"type":"LineString","coordinates":[[-5.41893,37.70819],[-5.41914,37.70848]]}},{"type":"Feature","properties":{"id":"way/1036775538","kind":"overhead","voltageClass":"low","voltageKv":66,"name":"Línea de alta tensión Écija - Villanueva del Rey y Los Humosos - Villanueva del Rey","circuits":1,"cables":"3","source":"osm"},"geometry":{"type":"LineString","coordinates":[[-5.16379,37.52652],[-5.16362,37.52576],[-5.16252,37.52424],[-5.16112,37.5223],[-5.16003,37.5208],[-5.1601,37.51869],[-5.15866,37.51743],[-5.15707,37.51602],[-5.15515,37.51369],[-5.15311,37.51125],[-5.15106,37.50875],[-5.14925,37.50659],[-5.1465,37.50594],[-5.14362,37.50528],[-5.14169,37.50482],[-5.13892,37.50418],[-5.13587,37.50347],[-5.13221,37.50262],[-5.12843,37.50174],[-5.1243,37.50078],[-5.12144,37.50011],[-5.11825,37.49936],[-5.11459,37.4985],[-5.11097,37.49767],[-5.10771,37.49691],[-5.10502,37.49628],[-5.1019,37.49793],[-5.09892,37.49951],[-5.09601,37.50106],[-5.09288,37.50273],[-5.08983,37.50434],[-5.08731,37.50568],[-5.08441,37.50722],[-5.08165,37.50869],[-5.07809,37.51057],[-5.07516,37.51213],[-5.07267,37.51345],[-5.06965,37.51506],[-5.0667,37.51662],[-5.06318,37.51849],[-5.06053,37.5199],[-5.05702,37.52175],[-5.05376,37.52348],[-5.05175,37.52454],[-5.04922,37.5275],[-5.04731,37.52954],[-5.04602,37.53094],[-5.04376,37.53337]]}},{"type":"Feature","properties":{"id":"way/1036775539","kind":"overhead","voltageClass":"low","voltageKv":66,"name":"Línea de alta tensión Osuna - Villanueva del Rey","circuits":1,"cables":"3","source":"osm"},"geometry":{"type":"LineString","coordinates":[[-5.16393,37.52655],[-5.164,37.52681]]}},{"type":"Feature","properties":{"id":"way/1036775540","kind":"overhead","voltageClass":"low","voltageKv":66,"name":"Línea de alta tensión Écija - Villanueva del Rey","circuits":1,"cables":"3","source":"osm"},"geometry":{"type":"LineString","coordinates":[[-5.16379,37.52652],[-5.16379,37.52683]]}},{"type":"Feature","properties":{"id":"way/1036775541","kind":"overhead","voltageClass":"low","voltageKv":66,"name":"Línea de alta tensión Humosos - Villanueva del Rey","circuits":1,"cables":"3","source":"osm"},"geometry":{"type":"LineString","coordinates":[[-5.16379,37.52652],[-5.16386,37.52682]]}},{"type":"Feature","properties":{"id":"way/1036775542","kind":"overhead","voltageClass":"low","voltageKv":66,"name":"Línea de alta tensión Osuna - Villanueva del Rey","circuits":1,"cables":"3","source":"osm"},"geometry":{"type":"LineString","coordinates":[[-5.16393,37.52655],[-5.16393,37.52682]]}},{"type":"Feature","properties":{"id":"way/1036775543","kind":"overhead","voltageClass":"low","voltageKv":66,"name":"Línea de alta tensión Monclova - Villanueva del Rey","circuits":1,"cables":"3","source":"osm"},"geometry":{"type":"LineString","coordinates":[[-5.1647,37.52623],[-5.16461,37.52677]]}},{"type":"Feature","properties":{"id":"way/1036775544","kind":"overhead","voltageClass":"low","voltageKv":66,"name":"Línea de alta tensión Monclova - Villanueva del Rey","circuits":1,"cables":"3","source":"osm"},"geometry":{"type":"LineString","coordinates":[[-5.1647,37.52623],[-5.16468,37.52676]]}},{"type":"Feature","properties":{"id":"way/1036775549","kind":"overhead","voltageClass":"high","voltageKv":220,"name":"Línea de alta tensión Almodóvar del Río - Villanueva del Rey","circuits":1,"cables":"3","source":"osm"},"geometry":{"type":"LineString","coordinates":[[-5.16431,37.52856],[-5.16423,37.52829]]}},{"type":"Feature","properties":{"id":"way/1036775550","kind":"overhead","voltageClass":"high","voltageKv":220,"name":"Línea de alta tensión Carmona - Villanueva del Rey","circuits":1,"cables":"3","source":"osm"},"geometry":{"type":"LineString","coordinates":[[-5.16431,37.52856],[-5.1644,37.52827]]}},{"type":"Feature","properties":{"id":"way/1036775551","kind":"overhead","voltageClass":"high","voltageKv":220,"name":null,"circuits":1,"cables":"3","source":"osm"},"geometry":{"type":"LineString","coordinates":[[-5.1636,37.52999],[-5.16361,37.52972]]}},{"type":"Feature","properties":{"id":"way/1036775552","kind":"overhead","voltageClass":"high","voltageKv":220,"name":null,"circuits":1,"cables":"3","source":"osm"},"geometry":{"type":"LineString","coordinates":[[-5.1636,37.52999],[-5.16377,37.52974]]}},{"type":"Feature","properties":{"id":"way/1038373177","kind":"underground","voltageClass":"low","voltageKv":66,"name":null,"circuits":2,"cables":"6","source":"osm"},"geometry":{"type":"LineString","coordinates":[[-5.93092,37.39076],[-5.93156,37.39027],[-5.93149,37.38985],[-5.93067,37.39004],[-5.93062,37.38992]]}},{"type":"Feature","properties":{"id":"way/1038373178","kind":"overhead","voltageClass":"high","voltageKv":220,"name":"Línea de alta tensión Alcores - Santa Elvira 1","circuits":1,"cables":"3","source":"osm"},"geometry":{"type":"LineString","coordinates":[[-5.85379,37.38633],[-5.85382,37.3868]]}},{"type":"Feature","properties":{"id":"way/1038373179","kind":"overhead","voltageClass":"high","voltageKv":220,"name":"Línea de alta tensión Alcores - Santa Elvira 2","circuits":1,"cables":"3","source":"osm"},"geometry":{"type":"LineString","coordinates":[[-5.85379,37.38633],[-5.85515,37.38623]]}},{"type":"Feature","properties":{"id":"way/1038373180","kind":"overhead","voltageClass":"high","voltageKv":220,"name":"Línea de alta tensión Alcores - Santa Elvira 1 y Alcores - Santa Elvira 2","circuits":2,"cables":"6","source":"osm"},"geometry":{"type":"LineString","coordinates":[[-5.86977,37.37835],[-5.86756,37.37996],[-5.86319,37.38315],[-5.85737,37.3839],[-5.85379,37.38633]]}},{"type":"Feature","properties":{"id":"way/1038373181","kind":"underground","voltageClass":"high","voltageKv":220,"name":"Línea de alta tensión Alcores - Santa Elvira","circuits":2,"cables":"6","source":"osm"},"geometry":{"type":"LineString","coordinates":[[-5.93118,37.39033],[-5.93129,37.39061],[-5.93076,37.39075],[-5.93038,37.39108],[-5.93027,37.39115],[-5.93001,37.39126],[-5.92793,37.39171],[-5.92778,37.39173],[-5.92763,37.3917],[-5.92757,37.39164],[-5.9272,37.39104],[-5.92704,37.39082],[-5.92668,37.39021],[-5.92653,37.38999],[-5.92647,37.38993],[-5.92636,37.38993],[-5.92627,37.38994],[-5.9261,37.39005],[-5.92604,37.39016],[-5.92595,37.39026],[-5.92586,37.39034],[-5.92574,37.39041],[-5.9256,37.39046],[-5.92547,37.39049],[-5.92531,37.3905],[-5.92515,37.39048],[-5.92502,37.39045],[-5.92462,37.3903],[-5.92442,37.39023],[-5.9242,37.39017],[-5.92394,37.39011],[-5.92361,37.39004],[-5.92324,37.38998],[-5.92283,37.38993],[-5.92182,37.3899],[-5.92104,37.3899],[-5.91944,37.38983],[-5.91749,37.38983],[-5.91476,37.38983],[-5.91466,37.38981],[-5.9145,37.38963],[-5.9145,37.3895],[-5.91453,37.3894],[-5.91462,37.38929],[-5.91642,37.38748],[-5.91666,37.38728],[-5.91646,37.38714],[-5.91483,37.38662],[-5.9146,37.38643],[-5.91393,37.38638],[-5.9128,37.38636],[-5.91273,37.38629],[-5.9127,37.38594],[-5.91258,37.38588],[-5.91149,37.38589],[-5.9102,37.38588],[-5.9101,37.38563],[-5.9097,37.38547],[-5.91024,37.38443],[-5.91024,37.38429],[-5.90819,37.38357],[-5.90429,37.38219],[-5.90083,37.38098],[-5.89883,37.38031],[-5.89863,37.38029],[-5.89846,37.38036],[-5.89647,37.38194],[-5.8948,37.38284],[-5.89319,37.38383],[-5.89289,37.38396],[-5.89257,37.38405],[-5.89222,37.38409],[-5.88985,37.38393],[-5.88904,37.38378],[-5.88797,37.38369],[-5.88685,37.38347],[-5.88606,37.38332],[-5.88444,37.38291],[-5.88283,37.38247],[-5.88042,37.38169],[-5.87414,37.38003],[-5.87244,37.37959],[-5.87232,37.37949],[-5.87212,37.37944],[-5.87196,37.37946],[-5.87186,37.37954],[-5.87172,37.37956],[-5.87076,37.37931],[-5.87007,37.37911],[-5.86964,37.37896],[-5.86966,37.37875],[-5.86988,37.37834],[-5.86986,37.3783],[-5.86982,37.37829],[-5.86977,37.37835]]}},{"type":"Feature","properties":{"id":"way/1042595471","kind":"overhead","voltageClass":"low","voltageKv":66,"name":"Línea de alta tensión Écija - Villar","circuits":1,"cables":"3","source":"osm"},"geometry":{"type":"LineString","coordinates":[[-5.04772,37.60889],[-5.04805,37.60602],[-5.04836,37.60329],[-5.04873,37.60024],[-5.049,37.59772],[-5.04935,37.59491],[-5.0496,37.59272],[-5.04992,37.58993],[-5.05018,37.58763],[-5.05057,37.58429],[-5.05082,37.58201],[-5.0511,37.57955],[-5.05135,37.57734],[-5.05225,37.57429],[-5.05301,37.57168],[-5.05371,37.56929],[-5.05433,37.56717],[-5.055,37.56481],[-5.05572,37.5624],[-5.05648,37.55983],[-5.05739,37.55671],[-5.05807,37.55431],[-5.05881,37.55174],[-5.0596,37.54899],[-5.06032,37.54648],[-5.06088,37.54453],[-5.06295,37.54432],[-5.06319,37.54469]]}},{"type":"Feature","properties":{"id":"way/1043690159","kind":"overhead","voltageClass":"low","voltageKv":66,"name":"Línea de alta tensión Laminillas - Palomares del Río","circuits":1,"cables":"3","source":"osm"},"geometry":{"type":"LineString","coordinates":[[-6.06147,37.32938],[-6.06118,37.32966]]}},{"type":"Feature","properties":{"id":"way/1043690160","kind":"overhead","voltageClass":"low","voltageKv":66,"name":"Línea de alta tensión Aljarafe - Laminillas","circuits":1,"cables":"3","source":"osm"},"geometry":{"type":"LineString","coordinates":[[-6.06147,37.32938],[-6.06127,37.32965]]}},{"type":"Feature","properties":{"id":"way/1043690161","kind":"overhead","voltageClass":"low","voltageKv":66,"name":"Línea de alta tensión Laminillas - Palomares del Río","circuits":1,"cables":"3","source":"osm"},"geometry":{"type":"LineString","coordinates":[[-6.06147,37.32938],[-6.05575,37.32878],[-6.05358,37.32643],[-6.0519,37.32463],[-6.05055,37.32146],[-6.04958,37.31917],[-6.04847,37.31651],[-6.04744,37.3141],[-6.04798,37.3134],[-6.04897,37.31331]]}},{"type":"Feature","properties":{"id":"way/1047803579","kind":"overhead","voltageClass":"low","voltageKv":66,"name":"Línea de alta tensión Bobadilla - Guadalteba y Bobadilla - Humilladero","circuits":2,"cables":"6","source":"osm"},"geometry":{"type":"LineString","coordinates":[[-4.73377,37.03147],[-4.73146,37.03145],[-4.72811,37.03061],[-4.72546,37.03044]]}},{"type":"Feature","properties":{"id":"way/1047803580","kind":"overhead","voltageClass":"low","voltageKv":66,"name":"Línea de alta tensión Bobadilla - Humilladero","circuits":1,"cables":"3","source":"osm"},"geometry":{"type":"LineString","coordinates":[[-4.73377,37.03147],[-4.73392,37.03151]]}},{"type":"Feature","properties":{"id":"way/1047803581","kind":"overhead","voltageClass":"low","voltageKv":66,"name":"Línea de alta tensión Bobadilla - Guadalteba","circuits":1,"cables":"3","source":"osm"},"geometry":{"type":"LineString","coordinates":[[-4.73377,37.03147],[-4.73395,37.03147]]}},{"type":"Feature","properties":{"id":"way/1047803583","kind":"overhead","voltageClass":"low","voltageKv":66,"name":"Línea de alta tensión Bobadilla - Guadalteba","circuits":2,"cables":"6","source":"osm"},"geometry":{"type":"LineString","coordinates":[[-4.72546,37.03044],[-4.72665,37.02786],[-4.72782,37.02527],[-4.72906,37.02255],[-4.73031,37.01983],[-4.73104,37.01857],[-4.73147,37.01724],[-4.73301,37.01392],[-4.73274,37.0107],[-4.73256,37.00833],[-4.73223,37.00468],[-4.73199,37.00168],[-4.73173,36.9988],[-4.73147,36.99559],[-4.73305,36.99369],[-4.73339,36.99077],[-4.73364,36.98857],[-4.73585,36.98543],[-4.73785,36.98259],[-4.7396,36.9801],[-4.74105,36.97805],[-4.74419,36.97357],[-4.74713,36.97186],[-4.74801,36.97133],[-4.7512,36.96945],[-4.75486,36.96729],[-4.75841,36.9652],[-4.76003,36.96427],[-4.76225,36.96294],[-4.76335,36.9623],[-4.76541,36.96109],[-4.76725,36.96],[-4.76937,36.95875],[-4.7721,36.95557],[-4.77332,36.95414],[-4.77603,36.95099],[-4.77774,36.94855],[-4.77969,36.94574],[-4.78032,36.94474],[-4.78154,36.94296],[-4.78476,36.93829]]}},{"type":"Feature","properties":{"id":"way/1047803585","kind":"overhead","voltageClass":"low","voltageKv":66,"name":null,"circuits":1,"cables":"3","source":"osm"},"geometry":{"type":"LineString","coordinates":[[-4.79513,36.93901],[-4.79519,36.93887]]}},{"type":"Feature","properties":{"id":"way/1047803586","kind":"overhead","voltageClass":"low","voltageKv":66,"name":null,"circuits":1,"cables":"3","source":"osm"},"geometry":{"type":"LineString","coordinates":[[-4.79513,36.93901],[-4.79525,36.93891]]}},{"type":"Feature","properties":{"id":"way/1047803587","kind":"overhead","voltageClass":"low","voltageKv":66,"name":"Línea de alta tensión Gobantes - Guadalteba - Nuevo Chorro","circuits":1,"cables":"3","source":"osm"},"geometry":{"type":"LineString","coordinates":[[-4.78737,36.92867],[-4.78711,36.92883]]}},{"type":"Feature","properties":{"id":"way/1047803588","kind":"overhead","voltageClass":"unknown","voltageKv":null,"name":null,"circuits":null,"cables":null,"source":"osm"},"geometry":{"type":"LineString","coordinates":[[-4.78851,36.93255],[-4.78737,36.92867]]}},{"type":"Feature","properties":{"id":"way/1047803591","kind":"overhead","voltageClass":"low","voltageKv":66,"name":"Línea de alta tensión Abdalajís - Nuevo Chorro","circuits":1,"cables":"3","source":"osm"},"geometry":{"type":"LineString","coordinates":[[-4.77131,36.91503],[-4.77312,36.91318]]}},{"type":"Feature","properties":{"id":"way/1092291551","kind":"overhead","voltageClass":"low","voltageKv":66,"name":"Línea de alta tensión Humilladero - La Roda de Andalucía y Jauja - La Roda de Andalucía","circuits":2,"cables":"6","source":"osm"},"geometry":{"type":"LineString","coordinates":[[-4.68097,37.21566],[-4.68403,37.21674],[-4.68551,37.21744],[-4.6887,37.21668],[-4.6911,37.21611],[-4.69381,37.21545],[-4.69693,37.21471],[-4.70057,37.21451],[-4.70415,37.21432],[-4.70737,37.21414],[-4.70981,37.21401],[-4.7124,37.21386],[-4.7162,37.21366],[-4.71925,37.21288],[-4.72236,37.21211],[-4.72538,37.21135],[-4.7289,37.21117],[-4.73255,37.21099],[-4.73674,37.21079],[-4.74061,37.21059],[-4.74402,37.21043],[-4.74773,37.21068],[-4.75138,37.21092],[-4.75488,37.21115],[-4.7584,37.21139],[-4.76234,37.21062],[-4.76689,37.20972],[-4.77145,37.20883],[-4.77333,37.20923]]}},{"type":"Feature","properties":{"id":"way/1116761559","kind":"overhead","voltageClass":"medium","voltageKv":132,"name":"Línea de alta tensión Aznalcóllar - Guillena","circuits":1,"cables":"3","source":"osm"},"geometry":{"type":"LineString","coordinates":[[-6.22746,37.5119],[-6.23007,37.51094],[-6.22961,37.51007],[-6.22947,37.50989]]}},{"type":"Feature","properties":{"id":"way/1116761560","kind":"overhead","voltageClass":"medium","voltageKv":132,"name":"Línea de alta tensión Aznalcóllar - La Dehesa","circuits":1,"cables":"3","source":"osm"},"geometry":{"type":"LineString","coordinates":[[-6.22746,37.5119],[-6.23014,37.51096],[-6.22961,37.51007],[-6.22959,37.50985]]}},{"type":"Feature","properties":{"id":"way/1116765676","kind":"overhead","voltageClass":"unknown","voltageKv":null,"name":null,"circuits":2,"cables":"6","source":"osm"},"geometry":{"type":"LineString","coordinates":[[-6.22729,37.51442],[-6.22858,37.51306],[-6.23046,37.51201],[-6.23008,37.50998]]}},{"type":"Feature","properties":{"id":"way/1116765677","kind":"underground","voltageClass":"unknown","voltageKv":null,"name":null,"circuits":2,"cables":"6","source":"osm"},"geometry":{"type":"LineString","coordinates":[[-6.23008,37.50998],[-6.22954,37.50974]]}},{"type":"Feature","properties":{"id":"way/1143842303","kind":"underground","voltageClass":"low","voltageKv":15,"name":null,"circuits":2,"cables":"6","source":"osm"},"geometry":{"type":"LineString","coordinates":[[-6.08048,37.39644],[-6.08046,37.39647]]}},{"type":"Feature","properties":{"id":"way/1155900386","kind":"underground","voltageClass":"low","voltageKv":33,"name":null,"circuits":1,"cables":"3","source":"osm"},"geometry":{"type":"LineString","coordinates":[[-5.26191,36.93351],[-5.26205,36.93374]]}},{"type":"Feature","properties":{"id":"way/1155900387","kind":"underground","voltageClass":"low","voltageKv":33,"name":null,"circuits":1,"cables":"3","source":"osm"},"geometry":{"type":"LineString","coordinates":[[-5.25959,36.93179],[-5.25907,36.93194],[-5.25888,36.93183]]}},{"type":"Feature","properties":{"id":"way/1194253007","kind":"overhead","voltageClass":"low","voltageKv":66,"name":null,"circuits":1,"cables":"3","source":"osm"},"geometry":{"type":"LineString","coordinates":[[-6.45324,37.90705],[-6.45339,37.9071]]}},{"type":"Feature","properties":{"id":"way/1194253008","kind":"overhead","voltageClass":"low","voltageKv":66,"name":null,"circuits":1,"cables":"3","source":"osm"},"geometry":{"type":"LineString","coordinates":[[-6.45324,37.90705],[-6.45339,37.90708]]}},{"type":"Feature","properties":{"id":"way/1202737216","kind":"overhead","voltageClass":"medium","voltageKv":132,"name":null,"circuits":1,"cables":"3","source":"osm"},"geometry":{"type":"LineString","coordinates":[[-4.81385,37.45184],[-4.81453,37.45195]]}},{"type":"Feature","properties":{"id":"way/1202737217","kind":"overhead","voltageClass":"medium","voltageKv":132,"name":null,"circuits":1,"cables":"3","source":"osm"},"geometry":{"type":"LineString","coordinates":[[-4.81385,37.45184],[-4.81451,37.45204]]}},{"type":"Feature","properties":{"id":"way/1202737222","kind":"overhead","voltageClass":"medium","voltageKv":132,"name":null,"circuits":1,"cables":"3","source":"osm"},"geometry":{"type":"LineString","coordinates":[[-4.81305,37.45245],[-4.81301,37.45251]]}},{"type":"Feature","properties":{"id":"way/1202737231","kind":"overhead","voltageClass":"medium","voltageKv":132,"name":null,"circuits":1,"cables":"3","source":"osm"},"geometry":{"type":"LineString","coordinates":[[-4.72379,37.35775],[-4.72391,37.35753]]}},{"type":"Feature","properties":{"id":"way/1202737232","kind":"overhead","voltageClass":"medium","voltageKv":132,"name":null,"circuits":1,"cables":"3","source":"osm"},"geometry":{"type":"LineString","coordinates":[[-4.72379,37.35775],[-4.72402,37.3576]]}},{"type":"Feature","properties":{"id":"way/1202853388","kind":"overhead","voltageClass":"low","voltageKv":66,"name":"Línea de alta tensión Agribética - Cantillana","circuits":1,"cables":"3","source":"osm"},"geometry":{"type":"LineString","coordinates":[[-5.80923,37.58061],[-5.81026,37.58034],[-5.81244,37.57977],[-5.8152,37.57904],[-5.81735,37.57846],[-5.81995,37.57778],[-5.82267,37.57706],[-5.82568,37.57627],[-5.82805,37.57564],[-5.83051,37.57498],[-5.83273,37.57439],[-5.83514,37.57376],[-5.83755,37.57311],[-5.84058,37.5723],[-5.84341,37.57153],[-5.84606,37.57084],[-5.84879,37.57009],[-5.85164,37.56932],[-5.8544,37.56858],[-5.85673,37.56795],[-5.86145,37.56664],[-5.86297,37.56513],[-5.86459,37.56346],[-5.86626,37.56173],[-5.86797,37.55996],[-5.86958,37.55829],[-5.87118,37.55662],[-5.87271,37.55503],[-5.87446,37.55323],[-5.87646,37.55115],[-5.8779,37.54965],[-5.87966,37.54783],[-5.88137,37.54606],[-5.88287,37.5445],[-5.88458,37.54274],[-5.88568,37.54152],[-5.88512,37.54098]]}},{"type":"Feature","properties":{"id":"way/1202853389","kind":"overhead","voltageClass":"low","voltageKv":66,"name":"Línea de alta tensión Alcolea del Río - Cantillana y Agribética - Cantillana","circuits":2,"cables":"6","source":"osm"},"geometry":{"type":"LineString","coordinates":[[-5.80923,37.58061],[-5.81043,37.58215],[-5.81168,37.58377],[-5.8129,37.58536],[-5.81415,37.58697],[-5.81355,37.58818],[-5.8128,37.58967],[-5.81206,37.59114]]}},{"type":"Feature","properties":{"id":"way/1202853390","kind":"overhead","voltageClass":"low","voltageKv":66,"name":null,"circuits":1,"cables":"3","source":"osm"},"geometry":{"type":"LineString","coordinates":[[-5.81206,37.59114],[-5.81167,37.59111]]}},{"type":"Feature","properties":{"id":"way/1202853391","kind":"overhead","voltageClass":"low","voltageKv":66,"name":null,"circuits":1,"cables":"3","source":"osm"},"geometry":{"type":"LineString","coordinates":[[-5.81206,37.59114],[-5.81159,37.59121]]}},{"type":"Feature","properties":{"id":"way/1215621848","kind":"underground","voltageClass":"unknown","voltageKv":null,"name":null,"circuits":null,"cables":null,"source":"osm"},"geometry":{"type":"LineString","coordinates":[[-5.97022,37.58539],[-5.97002,37.58548],[-5.96979,37.58559],[-5.96952,37.58572],[-5.96923,37.58586]]}},{"type":"Feature","properties":{"id":"way/1216869175","kind":"overhead","voltageClass":"low","voltageKv":66,"name":"Línea de alta tensión Humilladero - Mollina","circuits":1,"cables":"3","source":"osm"},"geometry":{"type":"LineString","coordinates":[[-4.66754,37.11243],[-4.66948,37.11373],[-4.67146,37.11506],[-4.6741,37.11684],[-4.6763,37.11832],[-4.67954,37.11848],[-4.68213,37.11861],[-4.68472,37.11874],[-4.68724,37.11887],[-4.69101,37.11906],[-4.69375,37.11921],[-4.69664,37.11935],[-4.69994,37.11952],[-4.70273,37.11967],[-4.70666,37.11986],[-4.70737,37.11981]]}},{"type":"Feature","properties":{"id":"way/1216869176","kind":"overhead","voltageClass":"low","voltageKv":66,"name":"Línea de alta tensión Becosa - Humilladero","circuits":1,"cables":"3","source":"osm"},"geometry":{"type":"LineString","coordinates":[[-4.70873,37.16324],[-4.70883,37.16327],[-4.70786,37.16129],[-4.70711,37.16007],[-4.70522,37.15701],[-4.70407,37.15514],[-4.70458,37.15351],[-4.70537,37.15095],[-4.7062,37.14824],[-4.70692,37.14594],[-4.70804,37.14231],[-4.70888,37.13957],[-4.70957,37.13744],[-4.71066,37.13385],[-4.71164,37.13065],[-4.71244,37.12807],[-4.71117,37.1262],[-4.70981,37.12419],[-4.70851,37.12226],[-4.70617,37.12148],[-4.70648,37.11963],[-4.70727,37.11974]]}},{"type":"Feature","properties":{"id":"way/1216892185","kind":"overhead","voltageClass":"high","voltageKv":220,"name":null,"circuits":null,"cables":"6","source":"osm"},"geometry":{"type":"LineString","coordinates":[[-4.87322,36.92522],[-4.87488,36.92505]]}},{"type":"Feature","properties":{"id":"way/1216892186","kind":"overhead","voltageClass":"high","voltageKv":220,"name":null,"circuits":null,"cables":"3","source":"osm"},"geometry":{"type":"LineString","coordinates":[[-5.05758,36.94916],[-5.05796,36.94934],[-5.05936,36.95215],[-5.06046,36.95439],[-5.06517,36.95751],[-5.06703,36.95872],[-5.0698,36.96056],[-5.06913,36.96344],[-5.06818,36.96761],[-5.06735,36.97117],[-5.06637,36.97537],[-5.06517,36.98055],[-5.06425,36.98451],[-5.06342,36.98807],[-5.06284,36.9906],[-5.06136,36.99401],[-5.05924,36.99883],[-5.05763,37.00253],[-5.05587,37.00654],[-5.05422,37.01033],[-5.05239,37.01451],[-5.04898,37.01588],[-5.0444,37.01772],[-5.0408,37.01917],[-5.03712,37.0207],[-5.03254,37.02247],[-5.02945,37.02371],[-5.02651,37.0249],[-5.02364,37.02604],[-5.01963,37.02765],[-5.01621,37.02902],[-5.01367,37.03004],[-5.01111,37.03106],[-5.00907,37.03328],[-5.0069,37.03566],[-5.00543,37.03727],[-5.00072,37.039],[-4.99612,37.04067],[-4.99161,37.04231],[-4.98788,37.04368],[-4.98426,37.04501],[-4.98092,37.04464],[-4.97717,37.04422],[-4.97402,37.04386],[-4.97388,37.04374]]}},{"type":"Feature","properties":{"id":"way/1227193505","kind":"overhead","voltageClass":"low","voltageKv":66,"name":null,"circuits":1,"cables":"3","source":"osm"},"geometry":{"type":"LineString","coordinates":[[-6.48999,37.39936],[-6.49064,37.3992],[-6.49231,37.39863],[-6.49457,37.39786],[-6.49684,37.39708],[-6.49862,37.39647],[-6.50078,37.39574],[-6.50272,37.39507],[-6.50455,37.39445],[-6.50592,37.39398],[-6.50813,37.39323],[-6.51027,37.3925],[-6.51289,37.3916],[-6.51443,37.39107],[-6.51663,37.39032],[-6.5185,37.38968],[-6.52052,37.38899],[-6.52302,37.38814],[-6.5251,37.38742],[-6.52747,37.38661],[-6.52967,37.38585],[-6.53127,37.38531],[-6.53362,37.38451],[-6.53624,37.38361],[-6.53814,37.38295],[-6.54025,37.38224],[-6.54257,37.38144],[-6.54453,37.38077],[-6.54643,37.38012],[-6.54862,37.37937],[-6.55282,37.37796],[-6.55484,37.37724],[-6.55662,37.37721],[-6.56084,37.3771],[-6.56326,37.37705],[-6.56535,37.377],[-6.56761,37.37695],[-6.56951,37.37692],[-6.57097,37.3768],[-6.57311,37.37659],[-6.57538,37.37639],[-6.57763,37.3762],[-6.58045,37.37596],[-6.58284,37.37574],[-6.58489,37.37557],[-6.58713,37.37538],[-6.58902,37.37521],[-6.59127,37.37501],[-6.59354,37.37481],[-6.59866,37.37436],[-6.60103,37.37416],[-6.60331,37.37396],[-6.60566,37.37376],[-6.60821,37.37354],[-6.61204,37.37319],[-6.61458,37.37288],[-6.61712,37.37255],[-6.61902,37.37194],[-6.62126,37.37121],[-6.62349,37.37048],[-6.62568,37.36977],[-6.62784,37.36906],[-6.62991,37.36838],[-6.63216,37.36765],[-6.63462,37.36685],[-6.63664,37.36619],[-6.63888,37.36546],[-6.64108,37.36474],[-6.64333,37.36401],[-6.64569,37.36324],[-6.6478,37.36255],[-6.65,37.36182],[-6.65231,37.36107],[-6.65488,37.36023],[-6.65632,37.36019],[-6.65757,37.36062],[-6.65938,37.36125],[-6.66086,37.36176],[-6.66097,37.3618]]}},{"type":"Feature","properties":{"id":"way/1227203717","kind":"overhead","voltageClass":"low","voltageKv":66,"name":"Línea de alta tensión Salteras - Santiponce","circuits":1,"cables":"3","source":"osm"},"geometry":{"type":"LineString","coordinates":[[-6.04567,37.4268],[-6.04722,37.42653],[-6.04908,37.42621],[-6.05137,37.42614],[-6.05514,37.4274],[-6.05824,37.42843],[-6.06128,37.42944],[-6.06361,37.43037],[-6.06614,37.43128],[-6.06834,37.43205],[-6.07199,37.43335],[-6.07448,37.43423],[-6.07639,37.43491],[-6.07917,37.4359],[-6.08234,37.43703],[-6.08614,37.43838],[-6.08935,37.43951],[-6.0926,37.44067],[-6.09607,37.44191],[-6.09879,37.44287],[-6.10198,37.444],[-6.10456,37.44492],[-6.10717,37.44584],[-6.11077,37.44712],[-6.11424,37.44835],[-6.11672,37.44923],[-6.11942,37.45018],[-6.12142,37.45111],[-6.12261,37.45145]]}},{"type":"Feature","properties":{"id":"way/1227203719","kind":"overhead","voltageClass":"low","voltageKv":66,"name":"Línea de alta tensión Salteras - Santiponce y Sanlúcar la Mayor - Santiponce","circuits":2,"cables":"6","source":"osm"},"geometry":{"type":"LineString","coordinates":[[-6.04567,37.4268],[-6.04253,37.4266],[-6.03943,37.42641]]}},{"type":"Feature","properties":{"id":"way/1227203720","kind":"overhead","voltageClass":"low","voltageKv":66,"name":"Línea de alta tensión Sanlúcar la Mayor - Santiponce","circuits":1,"cables":"3","source":"osm"},"geometry":{"type":"LineString","coordinates":[[-6.04567,37.4268],[-6.04756,37.42862],[-6.04994,37.43089],[-6.05106,37.43198]]}},{"type":"Feature","properties":{"id":"way/1227203721","kind":"overhead","voltageClass":"low","voltageKv":66,"name":null,"circuits":2,"cables":"6","source":"osm"},"geometry":{"type":"LineString","coordinates":[[-6.04934,37.44646],[-6.04944,37.44442],[-6.05018,37.44088],[-6.05056,37.43895],[-6.0511,37.43635],[-6.05049,37.43358],[-6.05037,37.43311],[-6.05022,37.43152],[-6.04783,37.42954],[-6.04528,37.42742],[-6.04244,37.42695],[-6.03944,37.42647]]}},{"type":"Feature","properties":{"id":"way/1227208627","kind":"overhead","voltageClass":"low","voltageKv":66,"name":null,"circuits":1,"cables":"3","source":"osm"},"geometry":{"type":"LineString","coordinates":[[-6.28289,37.3536],[-6.28333,37.35369],[-6.28415,37.35388],[-6.28733,37.3531],[-6.28853,37.35281],[-6.29141,37.3521],[-6.29442,37.35233],[-6.29745,37.35254],[-6.29956,37.3527],[-6.3028,37.35293],[-6.30492,37.35339],[-6.30718,37.35387],[-6.31038,37.35454],[-6.31346,37.3552],[-6.31501,37.35552],[-6.31766,37.35608],[-6.32064,37.35671],[-6.32354,37.35733],[-6.326,37.35785],[-6.32895,37.35848],[-6.3317,37.35906],[-6.33378,37.35949],[-6.33627,37.36002],[-6.33846,37.36049],[-6.33999,37.36081],[-6.34097,37.36102],[-6.34395,37.36165],[-6.34655,37.3622],[-6.34954,37.36283],[-6.3522,37.3634],[-6.35502,37.364],[-6.35784,37.36459],[-6.3608,37.36522],[-6.36363,37.36582],[-6.36643,37.36641],[-6.36915,37.36698],[-6.37144,37.36747],[-6.37353,37.36792],[-6.37591,37.36841],[-6.37829,37.36892],[-6.38126,37.36954],[-6.38303,37.36992],[-6.38558,37.37046],[-6.38775,37.37091],[-6.39004,37.3714],[-6.39202,37.37181],[-6.39401,37.37223],[-6.39711,37.37289],[-6.3993,37.37335],[-6.40105,37.37372],[-6.40394,37.37433],[-6.40606,37.37479],[-6.4088,37.37536],[-6.41142,37.37591],[-6.41454,37.37656],[-6.41665,37.37701],[-6.41921,37.37755],[-6.42139,37.37801],[-6.42417,37.3786],[-6.4275,37.3793],[-6.43066,37.37966],[-6.43349,37.37999],[-6.43631,37.38031],[-6.43828,37.38053],[-6.44073,37.38082],[-6.4438,37.38117],[-6.44603,37.38142],[-6.44883,37.38174],[-6.45119,37.38201],[-6.45384,37.38231],[-6.45594,37.38255],[-6.45854,37.38285],[-6.46106,37.38313],[-6.46376,37.38344],[-6.46601,37.3837],[-6.46824,37.38396],[-6.47079,37.38426],[-6.47303,37.38536],[-6.4755,37.38659],[-6.47706,37.38736],[-6.47903,37.38918],[-6.48042,37.39048],[-6.48207,37.39201],[-6.48372,37.39355],[-6.48541,37.39512],[-6.487,37.39659],[-6.48844,37.39792],[-6.48999,37.39936]]}},{"type":"Feature","properties":{"id":"way/1227215369","kind":"overhead","voltageClass":"unknown","voltageKv":null,"name":null,"circuits":null,"cables":null,"source":"osm"},"geometry":{"type":"LineString","coordinates":[[-6.15068,37.40559],[-6.15087,37.40544]]}},{"type":"Feature","properties":{"id":"way/1227215370","kind":"overhead","voltageClass":"low","voltageKv":66,"name":null,"circuits":null,"cables":"3","source":"osm"},"geometry":{"type":"LineString","coordinates":[[-6.15068,37.40559],[-6.15141,37.40539],[-6.15312,37.40575],[-6.15547,37.40627],[-6.15857,37.40697],[-6.16131,37.40757],[-6.16405,37.40748],[-6.16581,37.4074],[-6.17011,37.40728],[-6.17112,37.40703],[-6.1779,37.40528],[-6.18202,37.40422],[-6.18469,37.40354],[-6.18772,37.40277],[-6.18981,37.40225],[-6.19299,37.40031],[-6.195,37.39912],[-6.19713,37.39791],[-6.19851,37.39702],[-6.20023,37.39598],[-6.20248,37.3954],[-6.20478,37.39481]]}},{"type":"Feature","properties":{"id":"way/1230277260","kind":"overhead","voltageClass":"low","voltageKv":66,"name":"Línea de alta tensión Exolum Arahal 2 - Don Rodrigo 1","circuits":1,"cables":"3","source":"osm"},"geometry":{"type":"LineString","coordinates":[[-5.60335,37.23943],[-5.60327,37.23928]]}},{"type":"Feature","properties":{"id":"way/1230277261","kind":"overhead","voltageClass":"low","voltageKv":66,"name":"Línea de alta tensión Exolum Arahal 2 - Don Rodrigo 1","circuits":1,"cables":"3","source":"osm"},"geometry":{"type":"LineString","coordinates":[[-5.60335,37.23943],[-5.6032,37.23932]]}},{"type":"Feature","properties":{"id":"way/1230277262","kind":"overhead","voltageClass":"low","voltageKv":66,"name":"Línea de alta tensión Exolum Arahal 1 - Exolum Arahal 2","circuits":1,"cables":"3","source":"osm"},"geometry":{"type":"LineString","coordinates":[[-5.60324,37.2395],[-5.60308,37.23941]]}},{"type":"Feature","properties":{"id":"way/1230277263","kind":"overhead","voltageClass":"low","voltageKv":66,"name":"Línea de alta tensión Exolum Arahal 1 - Exolum Arahal 2","circuits":1,"cables":"3","source":"osm"},"geometry":{"type":"LineString","coordinates":[[-5.60324,37.2395],[-5.60314,37.23937]]}},{"type":"Feature","properties":{"id":"way/1240092688","kind":"overhead","voltageClass":"medium","voltageKv":132,"name":null,"circuits":1,"cables":"3","source":"osm"},"geometry":{"type":"LineString","coordinates":[[-6.1351,37.66808],[-6.13437,37.66842]]}},{"type":"Feature","properties":{"id":"way/1240092689","kind":"overhead","voltageClass":"medium","voltageKv":132,"name":null,"circuits":1,"cables":"3","source":"osm"},"geometry":{"type":"LineString","coordinates":[[-6.1351,37.66808],[-6.13432,37.66835]]}},{"type":"Feature","properties":{"id":"way/1240131330","kind":"overhead","voltageClass":"medium","voltageKv":132,"name":null,"circuits":1,"cables":"3","source":"osm"},"geometry":{"type":"LineString","coordinates":[[-6.09867,37.63428],[-6.09901,37.63449]]}},{"type":"Feature","properties":{"id":"way/1240131331","kind":"overhead","voltageClass":"medium","voltageKv":132,"name":null,"circuits":1,"cables":"3","source":"osm"},"geometry":{"type":"LineString","coordinates":[[-6.09867,37.63428],[-6.09892,37.63455]]}},{"type":"Feature","properties":{"id":"way/1240131332","kind":"overhead","voltageClass":"medium","voltageKv":132,"name":"Línea de alta tensión Guillena - Ruta de la Plata","circuits":1,"cables":"3","source":"osm"},"geometry":{"type":"LineString","coordinates":[[-6.11399,37.61353],[-6.11199,37.61175],[-6.10998,37.60999],[-6.10914,37.60745],[-6.10797,37.60396],[-6.10732,37.60206],[-6.10659,37.59991],[-6.10548,37.59658],[-6.10485,37.59475],[-6.10359,37.5908],[-6.10209,37.58613],[-6.10098,37.58271],[-6.09963,37.57849],[-6.09881,37.57593],[-6.09791,37.57308],[-6.09712,37.57071],[-6.09684,37.56986],[-6.09597,37.56814],[-6.09536,37.56551],[-6.09485,37.56399],[-6.09421,37.56212],[-6.09331,37.5595],[-6.09224,37.55634],[-6.09117,37.55319],[-6.09073,37.55192]]}},{"type":"Feature","properties":{"id":"way/1240131337","kind":"overhead","voltageClass":"medium","voltageKv":132,"name":null,"circuits":1,"cables":"3","source":"osm"},"geometry":{"type":"LineString","coordinates":[[-6.08795,37.5522],[-6.08751,37.55229]]}},{"type":"Feature","properties":{"id":"way/1240131338","kind":"overhead","voltageClass":"medium","voltageKv":132,"name":null,"circuits":1,"cables":"3","source":"osm"},"geometry":{"type":"LineString","coordinates":[[-6.08795,37.5522],[-6.08749,37.5522]]}},{"type":"Feature","properties":{"id":"way/1240131340","kind":"overhead","voltageClass":"medium","voltageKv":132,"name":"Línea de alta tensión Fundiciones Caetano - Ruta de la Plata","circuits":1,"cables":"3","source":"osm"},"geometry":{"type":"LineString","coordinates":[[-6.09073,37.55192],[-6.0903,37.55064],[-6.0899,37.54777],[-6.08966,37.54605],[-6.0892,37.54272],[-6.08884,37.54008],[-6.08823,37.53564],[-6.08786,37.5331],[-6.08762,37.53117],[-6.08719,37.52808],[-6.08681,37.52526],[-6.08565,37.52302],[-6.08385,37.51956],[-6.08264,37.51723],[-6.08151,37.51504]]}},{"type":"Feature","properties":{"id":"way/1240131345","kind":"overhead","voltageClass":"medium","voltageKv":132,"name":null,"circuits":1,"cables":"3","source":"osm"},"geometry":{"type":"LineString","coordinates":[[-6.08151,37.51504],[-6.08131,37.51516]]}},{"type":"Feature","properties":{"id":"way/1240131348","kind":"overhead","voltageClass":"medium","voltageKv":132,"name":"Línea de alta tensión Fundiciones Caetano - Itálica","circuits":1,"cables":"3","source":"osm"},"geometry":{"type":"LineString","coordinates":[[-6.08151,37.51504],[-6.07958,37.51132],[-6.07826,37.50879],[-6.07691,37.50619],[-6.07557,37.50358],[-6.07499,37.50075],[-6.07447,37.49817],[-6.07379,37.49489],[-6.07312,37.4916],[-6.07246,37.48831],[-6.07182,37.48519],[-6.07125,37.48236],[-6.07037,37.47924],[-6.06945,37.47593],[-6.06859,37.47286],[-6.06784,37.47023],[-6.06708,37.4675],[-6.06618,37.46426],[-6.06549,37.46186]]}},{"type":"Feature","properties":{"id":"way/1240131349","kind":"overhead","voltageClass":"medium","voltageKv":132,"name":"Línea de alta tensión Fundiciones Caetano - Itálica e Itálica - Santiponce","circuits":2,"cables":"6","source":"osm"},"geometry":{"type":"LineString","coordinates":[[-6.06549,37.46186],[-6.06217,37.46298]]}},{"type":"Feature","properties":{"id":"way/1240131350","kind":"overhead","voltageClass":"medium","voltageKv":132,"name":"Línea de alta tensión Fundiciones Caetano - Itálica","circuits":1,"cables":"3","source":"osm"},"geometry":{"type":"LineString","coordinates":[[-6.06217,37.46298],[-6.0595,37.46387],[-6.05965,37.46407]]}},{"type":"Feature","properties":{"id":"way/1240131351","kind":"overhead","voltageClass":"medium","voltageKv":132,"name":"Línea de alta tensión Itálica - Santiponce","circuits":1,"cables":"3","source":"osm"},"geometry":{"type":"LineString","coordinates":[[-6.06217,37.46298],[-6.05932,37.46387],[-6.05955,37.46411]]}},{"type":"Feature","properties":{"id":"way/1266827120","kind":"overhead","voltageClass":"low","voltageKv":66,"name":null,"circuits":2,"cables":"6","source":"osm"},"geometry":{"type":"LineString","coordinates":[[-5.16365,37.52659],[-5.16337,37.52782],[-5.16307,37.52913],[-5.16203,37.53057],[-5.16105,37.5319],[-5.15817,37.5321],[-5.15563,37.53228],[-5.15315,37.53246],[-5.15005,37.53267],[-5.14793,37.53282],[-5.14485,37.53304],[-5.14176,37.53326],[-5.13917,37.53345],[-5.13652,37.53362],[-5.13492,37.53497],[-5.13323,37.53632],[-5.13147,37.53777],[-5.12966,37.53925],[-5.128,37.5406],[-5.12568,37.54003],[-5.12299,37.53938],[-5.12063,37.53879],[-5.11934,37.5382],[-5.11777,37.53749],[-5.11528,37.53636],[-5.1131,37.53538],[-5.11097,37.53441],[-5.10835,37.53323],[-5.10518,37.53395],[-5.10176,37.53474],[-5.09855,37.53549],[-5.09505,37.53362],[-5.09474,37.53224]]}},{"type":"Feature","properties":{"id":"way/1266827121","kind":"underground","voltageClass":"low","voltageKv":66,"name":null,"circuits":2,"cables":null,"source":"osm"},"geometry":{"type":"LineString","coordinates":[[-5.09474,37.53224],[-5.09437,37.53184],[-5.0929,37.53273],[-5.09087,37.53362],[-5.09079,37.53349]]}},{"type":"Feature","properties":{"id":"way/1266937839","kind":"overhead","voltageClass":"high","voltageKv":220,"name":null,"circuits":2,"cables":"6","source":"osm"},"geometry":{"type":"LineString","coordinates":[[-6.3867,37.34352],[-6.38544,37.34261]]}},{"type":"Feature","properties":{"id":"way/1266937840","kind":"overhead","voltageClass":"high","voltageKv":220,"name":null,"circuits":1,"cables":"3","source":"osm"},"geometry":{"type":"LineString","coordinates":[[-6.38544,37.34261],[-6.38517,37.34247]]}},{"type":"Feature","properties":{"id":"way/1266937841","kind":"overhead","voltageClass":"high","voltageKv":220,"name":null,"circuits":1,"cables":"3","source":"osm"},"geometry":{"type":"LineString","coordinates":[[-6.38544,37.34261],[-6.38528,37.34238]]}},{"type":"Feature","properties":{"id":"way/1271662785","kind":"overhead","voltageClass":"low","voltageKv":66,"name":"Línea de alta tensión Peñarroya - Puente Nuevo 2","circuits":1,"cables":"3","source":"osm"},"geometry":{"type":"LineString","coordinates":[[-4.93229,38.1123],[-4.93271,38.1115]]}},{"type":"Feature","properties":{"id":"way/1271662786","kind":"overhead","voltageClass":"low","voltageKv":66,"name":"Línea de alta tensión Peñarroya - Puente Nuevo 1","circuits":1,"cables":"3","source":"osm"},"geometry":{"type":"LineString","coordinates":[[-4.93229,38.1123],[-4.93258,38.11143]]}},{"type":"Feature","properties":{"id":"way/1273630507","kind":"overhead","voltageClass":"low","voltageKv":66,"name":"Línea de alta tensión Salteras - Sanlúcar la Mayor y Sanlúcar la Mayor - Santiponce","circuits":2,"cables":"6","source":"osm"},"geometry":{"type":"LineString","coordinates":[[-6.20497,37.39289],[-6.20444,37.39467]]}},{"type":"Feature","properties":{"id":"way/1273630508","kind":"overhead","voltageClass":"low","voltageKv":66,"name":"Línea de alta tensión Sanlúcar la Mayor - Santiponce","circuits":1,"cables":"3","source":"osm"},"geometry":{"type":"LineString","coordinates":[[-6.17765,37.42713],[-6.17835,37.42427],[-6.1789,37.42198],[-6.17949,37.41958],[-6.18055,37.41523],[-6.18117,37.41264],[-6.18161,37.41085],[-6.18447,37.40904],[-6.18637,37.40783],[-6.18927,37.40598],[-6.19208,37.40421],[-6.19495,37.40239],[-6.19778,37.40057],[-6.19977,37.3993],[-6.20098,37.3981],[-6.2029,37.3962],[-6.20444,37.39467]]}},{"type":"Feature","properties":{"id":"way/1273630511","kind":"overhead","voltageClass":"low","voltageKv":66,"name":"Línea de alta tensión Sanlúcar la Mayor - Santiponce","circuits":1,"cables":"3","source":"osm"},"geometry":{"type":"LineString","coordinates":[[-6.16441,37.43176],[-6.16085,37.43196],[-6.15872,37.43208],[-6.15445,37.43231],[-6.15076,37.43251],[-6.14704,37.43272],[-6.14364,37.43343],[-6.13997,37.4342],[-6.13683,37.43487],[-6.13319,37.43564],[-6.13032,37.43623],[-6.12627,37.43707],[-6.12158,37.43802],[-6.11757,37.43884],[-6.1146,37.43946],[-6.11071,37.44027],[-6.10775,37.44088],[-6.10508,37.44143],[-6.10437,37.44157],[-6.10243,37.44197],[-6.09952,37.44257],[-6.09506,37.44349],[-6.09142,37.44424],[-6.08802,37.44494],[-6.08525,37.4455],[-6.08157,37.44626],[-6.07829,37.44694],[-6.07581,37.44744],[-6.07263,37.44811],[-6.07006,37.44863],[-6.06732,37.44919],[-6.06529,37.44961],[-6.0619,37.45029],[-6.05912,37.45087],[-6.05617,37.45147],[-6.05313,37.4521],[-6.05114,37.45194]]}},{"type":"Feature","properties":{"id":"way/1273637041","kind":"underground","voltageClass":"low","voltageKv":66,"name":"Línea de alta tensión Sanlúcar la Mayor - Santiponce","circuits":1,"cables":"3","source":"osm"},"geometry":{"type":"LineString","coordinates":[[-6.05106,37.43198],[-6.05104,37.43219],[-6.05111,37.43324],[-6.05142,37.43332]]}},{"type":"Feature","properties":{"id":"way/1273637042","kind":"overhead","voltageClass":"low","voltageKv":66,"name":"Línea de alta tensión Sanlúcar la Mayor - Santiponce","circuits":2,"cables":"6","source":"osm"},"geometry":{"type":"LineString","coordinates":[[-6.05118,37.44544],[-6.05169,37.44364],[-6.05205,37.44232],[-6.05287,37.43938],[-6.05229,37.43743],[-6.0515,37.43473],[-6.05142,37.43332]]}},{"type":"Feature","properties":{"id":"way/1273637043","kind":"overhead","voltageClass":"low","voltageKv":66,"name":null,"circuits":null,"cables":null,"source":"osm"},"geometry":{"type":"LineString","coordinates":[[-6.04722,37.45154],[-6.04905,37.45172],[-6.04916,37.45033],[-6.04924,37.44885],[-6.04934,37.44646]]}},{"type":"Feature","properties":{"id":"way/1273637045","kind":"overhead","voltageClass":"low","voltageKv":66,"name":null,"circuits":2,"cables":"6","source":"osm"},"geometry":{"type":"LineString","coordinates":[[-6.04722,37.45154],[-6.049,37.45169],[-6.04903,37.4503],[-6.04914,37.44886],[-6.04934,37.44646]]}},{"type":"Feature","properties":{"id":"way/1273637046","kind":"underground","voltageClass":"low","voltageKv":66,"name":null,"circuits":null,"cables":null,"source":"osm"},"geometry":{"type":"LineString","coordinates":[[-6.04605,37.45145],[-6.04601,37.45139],[-6.04307,37.45119],[-6.04295,37.45124]]}},{"type":"Feature","properties":{"id":"way/1273637049","kind":"overhead","voltageClass":"low","voltageKv":66,"name":null,"circuits":2,"cables":"6","source":"osm"},"geometry":{"type":"LineString","coordinates":[[-6.04605,37.45145],[-6.04722,37.45154]]}},{"type":"Feature","properties":{"id":"way/1273637051","kind":"overhead","voltageClass":"low","voltageKv":66,"name":"Línea de alta tensión Sanlúcar la Mayor - Santiponce","circuits":1,"cables":"3","source":"osm"},"geometry":{"type":"LineString","coordinates":[[-6.05114,37.45194],[-6.0506,37.45011],[-6.05021,37.44878],[-6.05118,37.44544]]}},{"type":"Feature","properties":{"id":"way/1273637052","kind":"overhead","voltageClass":"low","voltageKv":66,"name":"Línea de alta tensión Sanlúcar la Mayor - Santiponce","circuits":1,"cables":"3","source":"osm"},"geometry":{"type":"LineString","coordinates":[[-6.05114,37.45194],[-6.0507,37.45009],[-6.05032,37.44878],[-6.05118,37.44544]]}},{"type":"Feature","properties":{"id":"way/1273637053","kind":"overhead","voltageClass":"low","voltageKv":66,"name":null,"circuits":1,"cables":"3","source":"osm"},"geometry":{"type":"LineString","coordinates":[[-6.03878,37.42642],[-6.03944,37.42647]]}},{"type":"Feature","properties":{"id":"way/1273637054","kind":"overhead","voltageClass":"low","voltageKv":66,"name":"Línea de alta tensión Sanlúcar la Mayor - Santiponce","circuits":1,"cables":"3","source":"osm"},"geometry":{"type":"LineString","coordinates":[[-6.03876,37.42626],[-6.03943,37.42641]]}},{"type":"Feature","properties":{"id":"way/1273642255","kind":"overhead","voltageClass":"low","voltageKv":66,"name":"Línea de alta tensión Salteras - Sanlúcar la Mayor","circuits":1,"cables":"3","source":"osm"},"geometry":{"type":"LineString","coordinates":[[-6.16441,37.43176],[-6.16068,37.43306],[-6.15862,37.43377],[-6.15457,37.43518],[-6.15299,37.43616],[-6.15074,37.43651],[-6.14816,37.43739],[-6.14456,37.43864],[-6.14206,37.43952],[-6.13907,37.44054],[-6.13563,37.44174],[-6.13285,37.44271],[-6.13184,37.44345],[-6.1297,37.44504],[-6.12812,37.4462],[-6.12599,37.44778],[-6.12353,37.4496],[-6.12222,37.45057],[-6.12142,37.45111],[-6.1226,37.4514]]}},{"type":"Feature","properties":{"id":"way/1273642256","kind":"overhead","voltageClass":"low","voltageKv":66,"name":"Línea de alta tensión Salteras - Sanlúcar la Mayor y Sanlúcar la Mayor - Santiponce","circuits":2,"cables":"6","source":"osm"},"geometry":{"type":"LineString","coordinates":[[-6.17765,37.42713],[-6.17541,37.42792],[-6.17166,37.42923],[-6.16674,37.43095],[-6.16441,37.43176]]}},{"type":"Feature","properties":{"id":"way/1273651091","kind":"overhead","voltageClass":"low","voltageKv":66,"name":null,"circuits":1,"cables":"3","source":"osm"},"geometry":{"type":"LineString","coordinates":[[-6.21485,37.3686],[-6.21502,37.36743],[-6.21506,37.36508],[-6.21509,37.36345],[-6.21511,37.36152],[-6.21514,37.35896],[-6.21516,37.3578],[-6.21518,37.35584],[-6.21582,37.35461],[-6.21604,37.3542],[-6.21701,37.35279],[-6.21783,37.35158]]}},{"type":"Feature","properties":{"id":"way/1273651092","kind":"overhead","voltageClass":"low","voltageKv":66,"name":"Línea de alta tensión Bollullos de la Mitación - Huévar del Aljarafe","circuits":1,"cables":"3","source":"osm"},"geometry":{"type":"LineString","coordinates":[[-6.20744,37.36608],[-6.20666,37.36364],[-6.20593,37.36128],[-6.20341,37.35979],[-6.19983,37.35922]]}},{"type":"Feature","properties":{"id":"way/1273651093","kind":"overhead","voltageClass":"low","voltageKv":66,"name":"Línea de alta tensión Bollullos de la Mitación - Huévar del Aljarafe","circuits":1,"cables":"3","source":"osm"},"geometry":{"type":"LineString","coordinates":[[-6.19272,37.35788],[-6.18924,37.35724],[-6.18639,37.35673],[-6.18269,37.35588],[-6.1766,37.3545],[-6.17402,37.35391],[-6.17059,37.35313],[-6.1673,37.35238],[-6.16405,37.35165],[-6.16078,37.35091],[-6.15757,37.35019],[-6.15444,37.34948],[-6.15168,37.34887]]}},{"type":"Feature","properties":{"id":"way/1273651094","kind":"overhead","voltageClass":"low","voltageKv":66,"name":"Línea de alta tensión Aljarafe - Bollullos de la Mitación y Bollullos de la Mitación - Huévar del Aljarafe","circuits":2,"cables":"6","source":"osm"},"geometry":{"type":"LineString","coordinates":[[-6.15168,37.34887],[-6.15058,37.35064],[-6.14754,37.35168],[-6.14446,37.35276],[-6.14437,37.35291]]}},{"type":"Feature","properties":{"id":"way/1273651095","kind":"overhead","voltageClass":"low","voltageKv":66,"name":"Línea de alta tensión Aljarafe - Bollullos de la Mitación","circuits":1,"cables":"3","source":"osm"},"geometry":{"type":"LineString","coordinates":[[-6.15168,37.34887],[-6.14793,37.34804],[-6.14389,37.34712]]}},{"type":"Feature","properties":{"id":"way/1273651096","kind":"underground","voltageClass":"low","voltageKv":66,"name":"Línea de alta tensión Aljarafe - Bollullos de la Mitación","circuits":1,"cables":"3","source":"osm"},"geometry":{"type":"LineString","coordinates":[[-6.14389,37.34712],[-6.1433,37.34704],[-6.14302,37.347],[-6.14279,37.34716],[-6.14242,37.3472],[-6.14219,37.34724],[-6.13884,37.34623],[-6.13811,37.34624],[-6.13801,37.34581],[-6.13799,37.34574],[-6.13734,37.34581],[-6.13704,37.34589],[-6.13697,37.34574],[-6.13694,37.34546],[-6.13647,37.34549],[-6.13557,37.34562],[-6.13477,37.34563],[-6.13468,37.34554]]}},{"type":"Feature","properties":{"id":"way/1273759373","kind":"overhead","voltageClass":"low","voltageKv":66,"name":"Línea de alta tensión Bollullos de la Mitación - Huévar del Aljarafe y Huévar del Aljarafe - Sanlúcar la Mayor","circuits":2,"cables":"6","source":"osm"},"geometry":{"type":"LineString","coordinates":[[-6.243,37.36759],[-6.24271,37.36766],[-6.23986,37.36843],[-6.237,37.3692],[-6.23414,37.36997],[-6.23129,37.37075],[-6.22751,37.37088],[-6.22487,37.37058],[-6.22156,37.36959],[-6.21932,37.37095],[-6.21686,37.36995],[-6.21453,37.36898],[-6.21216,37.36639],[-6.20921,37.3654],[-6.20744,37.36608]]}},{"type":"Feature","properties":{"id":"way/1273759377","kind":"overhead","voltageClass":"low","voltageKv":66,"name":null,"circuits":2,"cables":"6","source":"osm"},"geometry":{"type":"LineString","coordinates":[[-6.24259,37.36732],[-6.23973,37.36809],[-6.23688,37.36886],[-6.23402,37.36963],[-6.23116,37.37041],[-6.22739,37.37053],[-6.2249,37.37019],[-6.22117,37.36899],[-6.21948,37.37028],[-6.21726,37.36947],[-6.21485,37.3686]]}},{"type":"Feature","properties":{"id":"way/1274027432","kind":"overhead","voltageClass":"low","voltageKv":66,"name":null,"circuits":1,"cables":"3","source":"osm"},"geometry":{"type":"LineString","coordinates":[[-6.28291,37.35354],[-6.28255,37.35352],[-6.28166,37.35333],[-6.27875,37.35273],[-6.27619,37.35219],[-6.27476,37.35246],[-6.27323,37.35275],[-6.26989,37.35492],[-6.26787,37.35624],[-6.26573,37.35763],[-6.26346,37.35911],[-6.26108,37.36066],[-6.25897,37.36203],[-6.2584,37.36241]]}},{"type":"Feature","properties":{"id":"way/1291223170","kind":"underground","voltageClass":"low","voltageKv":66,"name":"Línea de alta tensión Bollullos de la Mitación - Huévar del Aljarafe","circuits":1,"cables":"3","source":"osm"},"geometry":{"type":"LineString","coordinates":[[-6.19983,37.35922],[-6.19842,37.35894],[-6.19802,37.35887],[-6.19272,37.35788]]}},{"type":"Feature","properties":{"id":"way/1296934690","kind":"overhead","voltageClass":"low","voltageKv":66,"name":"Línea de alta tensión Guadaíra - Palomares y Palomares - Torrecuéllar","circuits":2,"cables":"6","source":"osm"},"geometry":{"type":"LineString","coordinates":[[-6.0159,37.3212],[-6.01265,37.32261],[-6.00978,37.32417],[-6.00659,37.32586],[-6.00413,37.32733],[-6.00194,37.32864],[-5.99981,37.32992]]}},{"type":"Feature","properties":{"id":"way/1296934691","kind":"overhead","voltageClass":"low","voltageKv":66,"name":"Línea de alta tensión Guadaíra - Palomares","circuits":1,"cables":"3","source":"osm"},"geometry":{"type":"LineString","coordinates":[[-5.99981,37.32992],[-5.99799,37.33058],[-5.99665,37.33109]]}},{"type":"Feature","properties":{"id":"way/1296934692","kind":"overhead","voltageClass":"low","voltageKv":66,"name":"Línea de alta tensión Palomares - Torrecuéllar","circuits":1,"cables":"3","source":"osm"},"geometry":{"type":"LineString","coordinates":[[-5.99981,37.32992],[-5.99916,37.33141],[-5.99897,37.33199]]}},{"type":"Feature","properties":{"id":"way/1296934693","kind":"overhead","voltageClass":"low","voltageKv":66,"name":"Línea de alta tensión Guadaíra - Torrecuéllar","circuits":1,"cables":"3","source":"osm"},"geometry":{"type":"LineString","coordinates":[[-5.99897,37.33199],[-5.99665,37.33109]]}},{"type":"Feature","properties":{"id":"way/1296934694","kind":"overhead","voltageClass":"low","voltageKv":66,"name":null,"circuits":1,"cables":"3","source":"osm"},"geometry":{"type":"LineString","coordinates":[[-6.00168,37.33589],[-6.00207,37.33565]]}},{"type":"Feature","properties":{"id":"way/1296934699","kind":"overhead","voltageClass":"low","voltageKv":66,"name":null,"circuits":2,"cables":"6","source":"osm"},"geometry":{"type":"LineString","coordinates":[[-5.99507,37.33148],[-5.99581,37.33197],[-5.9965,37.33248]]}},{"type":"Feature","properties":{"id":"way/1296934700","kind":"overhead","voltageClass":"low","voltageKv":66,"name":null,"circuits":2,"cables":"6","source":"osm"},"geometry":{"type":"LineString","coordinates":[[-5.99354,37.33169],[-5.9952,37.33132]]}},{"type":"Feature","properties":{"id":"way/1296934701","kind":"overhead","voltageClass":"low","voltageKv":66,"name":null,"circuits":1,"cables":"3","source":"osm"},"geometry":{"type":"LineString","coordinates":[[-5.99507,37.33148],[-5.9937,37.33188]]}},{"type":"Feature","properties":{"id":"way/1296934702","kind":"overhead","voltageClass":"low","voltageKv":66,"name":null,"circuits":1,"cables":"3","source":"osm"},"geometry":{"type":"LineString","coordinates":[[-5.99354,37.33169],[-5.99502,37.33122],[-5.99507,37.33148]]}},{"type":"Feature","properties":{"id":"way/1296934706","kind":"underground","voltageClass":"low","voltageKv":15,"name":null,"circuits":1,"cables":"3","source":"osm"},"geometry":{"type":"LineString","coordinates":[[-5.99014,37.33308],[-5.99018,37.33384]]}},{"type":"Feature","properties":{"id":"way/1296934708","kind":"overhead","voltageClass":"low","voltageKv":66,"name":null,"circuits":1,"cables":"3","source":"osm"},"geometry":{"type":"LineString","coordinates":[[-5.98979,37.33257],[-5.99111,37.33234]]}},{"type":"Feature","properties":{"id":"way/1296934710","kind":"underground","voltageClass":"low","voltageKv":15,"name":null,"circuits":2,"cables":"6","source":"osm"},"geometry":{"type":"LineString","coordinates":[[-5.98981,37.33587],[-5.99108,37.33703]]}},{"type":"Feature","properties":{"id":"way/1296934711","kind":"underground","voltageClass":"low","voltageKv":66,"name":null,"circuits":2,"cables":"6","source":"osm"},"geometry":{"type":"LineString","coordinates":[[-5.99093,37.33756],[-5.99107,37.3371]]}},{"type":"Feature","properties":{"id":"way/1296934712","kind":"underground","voltageClass":"low","voltageKv":66,"name":null,"circuits":2,"cables":"6","source":"osm"},"geometry":{"type":"LineString","coordinates":[[-5.99095,37.33739],[-5.99107,37.3371]]}},{"type":"Feature","properties":{"id":"way/1296934714","kind":"underground","voltageClass":"low","voltageKv":15,"name":null,"circuits":2,"cables":"6","source":"osm"},"geometry":{"type":"LineString","coordinates":[[-5.98923,37.33665],[-5.99108,37.33703]]}},{"type":"Feature","properties":{"id":"way/1305219356","kind":"overhead","voltageClass":"low","voltageKv":66,"name":null,"circuits":1,"cables":"3","source":"osm"},"geometry":{"type":"LineString","coordinates":[[-4.77333,37.20923],[-4.77343,37.20902]]}},{"type":"Feature","properties":{"id":"way/1305219357","kind":"overhead","voltageClass":"low","voltageKv":66,"name":null,"circuits":1,"cables":"3","source":"osm"},"geometry":{"type":"LineString","coordinates":[[-4.77333,37.20923],[-4.77337,37.20901]]}},{"type":"Feature","properties":{"id":"way/1308895545","kind":"overhead","voltageClass":"high","voltageKv":220,"name":null,"circuits":1,"cables":"3","source":"osm"},"geometry":{"type":"LineString","coordinates":[[-6.06978,37.48133],[-6.06917,37.4812],[-6.06777,37.4817],[-6.06638,37.4831],[-6.06477,37.48472],[-6.065,37.4863],[-6.06524,37.48813],[-6.06573,37.49146],[-6.06614,37.49447],[-6.06655,37.4973],[-6.06732,37.5029],[-6.06768,37.5054],[-6.06798,37.50755],[-6.0685,37.50971],[-6.06901,37.5119],[-6.06953,37.51408],[-6.07044,37.51801],[-6.07124,37.52119],[-6.07202,37.52451],[-6.07269,37.52731],[-6.07336,37.53013],[-6.07387,37.53241],[-6.0745,37.5349],[-6.07524,37.53804],[-6.07603,37.54129],[-6.07667,37.54409],[-6.07738,37.54696],[-6.07796,37.54948],[-6.07836,37.55132],[-6.07619,37.55585],[-6.0731,37.56226],[-6.07278,37.56591],[-6.07289,37.5663]]}},{"type":"Feature","properties":{"id":"way/1309968075","kind":"overhead","voltageClass":"low","voltageKv":66,"name":null,"circuits":1,"cables":"3","source":"osm"},"geometry":{"type":"LineString","coordinates":[[-5.90704,37.29827],[-5.9073,37.29847],[-5.90963,37.30018],[-5.91281,37.29852],[-5.91297,37.29714],[-5.91435,37.29678]]}},{"type":"Feature","properties":{"id":"way/1309968076","kind":"overhead","voltageClass":"low","voltageKv":66,"name":null,"circuits":null,"cables":null,"source":"osm"},"geometry":{"type":"LineString","coordinates":[[-5.90657,37.29823],[-5.90677,37.2985],[-5.90748,37.29949],[-5.90766,37.30233],[-5.90781,37.30413],[-5.90795,37.30646],[-5.90807,37.30868],[-5.90611,37.31138],[-5.90466,37.31335],[-5.90275,37.31596],[-5.90044,37.31948],[-5.89865,37.32186],[-5.89763,37.32293]]}},{"type":"Feature","properties":{"id":"way/1309968077","kind":"overhead","voltageClass":"low","voltageKv":66,"name":null,"circuits":null,"cables":null,"source":"osm"},"geometry":{"type":"LineString","coordinates":[[-5.90691,37.29843],[-5.90798,37.29935],[-5.90983,37.30067],[-5.9114,37.30179],[-5.91381,37.3035],[-5.91529,37.30456],[-5.91712,37.30587],[-5.91816,37.30659],[-5.91946,37.30753],[-5.92031,37.30813]]}},{"type":"Feature","properties":{"id":"way/1315978791","kind":"overhead","voltageClass":"high","voltageKv":220,"name":null,"circuits":1,"cables":"3","source":"osm"},"geometry":{"type":"LineString","coordinates":[[-4.93519,37.08592],[-4.93573,37.08576]]}},{"type":"Feature","properties":{"id":"way/1315978792","kind":"overhead","voltageClass":"high","voltageKv":220,"name":null,"circuits":1,"cables":"3","source":"osm"},"geometry":{"type":"LineString","coordinates":[[-4.93519,37.08592],[-4.93569,37.0857]]}},{"type":"Feature","properties":{"id":"way/1315978799","kind":"overhead","voltageClass":"high","voltageKv":220,"name":null,"circuits":2,"cables":"6","source":"osm"},"geometry":{"type":"LineString","coordinates":[[-4.8502,37.19677],[-4.85061,37.19765]]}},{"type":"Feature","properties":{"id":"way/1315978802","kind":"overhead","voltageClass":"high","voltageKv":220,"name":null,"circuits":1,"cables":"3","source":"osm"},"geometry":{"type":"LineString","coordinates":[[-4.8502,37.19677],[-4.8502,37.19665]]}},{"type":"Feature","properties":{"id":"way/1315978803","kind":"overhead","voltageClass":"high","voltageKv":220,"name":null,"circuits":1,"cables":"3","source":"osm"},"geometry":{"type":"LineString","coordinates":[[-4.8502,37.19677],[-4.85003,37.19666]]}},{"type":"Feature","properties":{"id":"way/1315978804","kind":"overhead","voltageClass":"unknown","voltageKv":null,"name":null,"circuits":null,"cables":null,"source":"osm"},"geometry":{"type":"LineString","coordinates":[[-4.84507,37.181],[-4.8456,37.18286],[-4.84604,37.18443],[-4.84672,37.18684],[-4.84734,37.18903],[-4.848,37.19136],[-4.84929,37.1942],[-4.85004,37.19586],[-4.85019,37.19632]]}},{"type":"Feature","properties":{"id":"way/1315978806","kind":"underground","voltageClass":"unknown","voltageKv":null,"name":null,"circuits":null,"cables":null,"source":"osm"},"geometry":{"type":"LineString","coordinates":[[-4.84507,37.181],[-4.84396,37.18081]]}},{"type":"Feature","properties":{"id":"way/1315978809","kind":"overhead","voltageClass":"unknown","voltageKv":null,"name":null,"circuits":1,"cables":"3","source":"osm"},"geometry":{"type":"LineString","coordinates":[[-4.84393,37.18094],[-4.84387,37.18112],[-4.84354,37.18363],[-4.84315,37.18659],[-4.84288,37.18861],[-4.84254,37.19124],[-4.84219,37.19393],[-4.84184,37.19658],[-4.84157,37.19866],[-4.84153,37.19993],[-4.84139,37.20352],[-4.84157,37.2063],[-4.83953,37.20731],[-4.83803,37.21069],[-4.83717,37.21264],[-4.83646,37.21422],[-4.83576,37.21715],[-4.83511,37.21984],[-4.8345,37.22239],[-4.83392,37.2248],[-4.83334,37.22722],[-4.83262,37.23023],[-4.83206,37.23256],[-4.83152,37.23481],[-4.83051,37.23901],[-4.83001,37.24105],[-4.82926,37.2442],[-4.83068,37.24685],[-4.83224,37.24975],[-4.83362,37.25232],[-4.83507,37.25503],[-4.83666,37.25799],[-4.83786,37.26022],[-4.83932,37.26294],[-4.8409,37.26587],[-4.84223,37.26823],[-4.84358,37.27085],[-4.845,37.27352],[-4.84641,37.27607],[-4.84607,37.27702],[-4.84798,37.27894],[-4.84845,37.27986],[-4.85093,37.2842],[-4.85258,37.28714],[-4.85402,37.28971],[-4.85515,37.29172],[-4.8562,37.29362],[-4.85711,37.29524],[-4.85911,37.29883],[-4.86007,37.30054],[-4.86159,37.30264],[-4.86338,37.30384],[-4.86635,37.30524],[-4.8701,37.30398],[-4.87055,37.30027]]}},{"type":"Feature","properties":{"id":"way/1315978815","kind":"overhead","voltageClass":"high","voltageKv":400,"name":"Línea de alta tensión Arcos de la Frontera - La Roda de Andalucía","circuits":1,"cables":"3","source":"osm"},"geometry":{"type":"LineString","coordinates":[[-4.77652,37.25393],[-4.77677,37.25428]]}},{"type":"Feature","properties":{"id":"way/1315978816","kind":"overhead","voltageClass":"high","voltageKv":400,"name":"Línea de alta tensión Cabra - La Roda de Andalucía","circuits":1,"cables":"3","source":"osm"},"geometry":{"type":"LineString","coordinates":[[-4.77652,37.25393],[-4.77658,37.25436]]}},{"type":"Feature","properties":{"id":"way/1316629550","kind":"overhead","voltageClass":"high","voltageKv":220,"name":null,"circuits":1,"cables":"6","source":"osm"},"geometry":{"type":"LineString","coordinates":[[-4.87488,36.92505],[-4.87269,36.92217],[-4.86927,36.91765],[-4.86563,36.91285],[-4.86306,36.90945],[-4.86009,36.90551],[-4.85757,36.90219],[-4.85427,36.90076],[-4.85005,36.89893],[-4.84724,36.89769],[-4.84318,36.89458],[-4.84058,36.89192],[-4.83692,36.88873],[-4.83447,36.88658],[-4.83114,36.88368],[-4.8271,36.88394],[-4.8221,36.88428],[-4.81584,36.88469],[-4.81187,36.88495],[-4.80785,36.88522],[-4.8039,36.88536],[-4.80085,36.88547],[-4.79316,36.88575],[-4.78879,36.88618],[-4.78164,36.88688],[-4.7754,36.88749],[-4.77267,36.88777],[-4.76849,36.88922],[-4.763,36.89111],[-4.75815,36.89279],[-4.75364,36.89402],[-4.74799,36.89527],[-4.74771,36.89525]]}},{"type":"Feature","properties":{"id":"way/1316629557","kind":"overhead","voltageClass":"high","voltageKv":220,"name":null,"circuits":1,"cables":"3","source":"osm"},"geometry":{"type":"LineString","coordinates":[[-4.87322,36.92522],[-4.87275,36.92515]]}},{"type":"Feature","properties":{"id":"way/1316629558","kind":"overhead","voltageClass":"high","voltageKv":220,"name":null,"circuits":1,"cables":"3","source":"osm"},"geometry":{"type":"LineString","coordinates":[[-4.87322,36.92522],[-4.87276,36.92529]]}},{"type":"Feature","properties":{"id":"way/1316629561","kind":"overhead","voltageClass":"high","voltageKv":220,"name":null,"circuits":2,"cables":"6","source":"osm"},"geometry":{"type":"LineString","coordinates":[[-4.97321,37.04326],[-4.97141,37.0412],[-4.96843,37.0379],[-4.96539,37.03454],[-4.96307,37.03197],[-4.96203,37.02893],[-4.96096,37.02583],[-4.95978,37.02239],[-4.95863,37.01904],[-4.95734,37.0153],[-4.95623,37.01204],[-4.95549,37.01001]]}},{"type":"Feature","properties":{"id":"way/1316629565","kind":"overhead","voltageClass":"high","voltageKv":220,"name":null,"circuits":1,"cables":"3","source":"osm"},"geometry":{"type":"LineString","coordinates":[[-4.95549,37.01001],[-4.95505,37.01004]]}},{"type":"Feature","properties":{"id":"way/1316629566","kind":"overhead","voltageClass":"high","voltageKv":220,"name":null,"circuits":1,"cables":"3","source":"osm"},"geometry":{"type":"LineString","coordinates":[[-4.95549,37.01001],[-4.95509,37.01016]]}},{"type":"Feature","properties":{"id":"way/1316629570","kind":"overhead","voltageClass":"high","voltageKv":220,"name":null,"circuits":1,"cables":"3","source":"osm"},"geometry":{"type":"LineString","coordinates":[[-4.97321,37.04326],[-4.97364,37.0435]]}},{"type":"Feature","properties":{"id":"way/1316629571","kind":"overhead","voltageClass":"high","voltageKv":220,"name":null,"circuits":1,"cables":"3","source":"osm"},"geometry":{"type":"LineString","coordinates":[[-4.97321,37.04326],[-4.97351,37.04357]]}},{"type":"Feature","properties":{"id":"way/1316855583","kind":"overhead","voltageClass":"high","voltageKv":220,"name":"Línea de alta tensión Dos Hermanas - Entrenúcleos y Entrenúcleos - Quintos","circuits":2,"cables":"6","source":"osm"},"geometry":{"type":"LineString","coordinates":[[-5.94192,37.31412],[-5.94441,37.31547]]}},{"type":"Feature","properties":{"id":"way/1316855584","kind":"overhead","voltageClass":"high","voltageKv":220,"name":"Línea de alta tensión Don Rodrigo - Quintos y Dos Hermanas - Entrenúcleos","circuits":null,"cables":"6","source":"osm"},"geometry":{"type":"LineString","coordinates":[[-5.93943,37.29624],[-5.94083,37.29853],[-5.94224,37.30084],[-5.94479,37.30335],[-5.94437,37.30721],[-5.94341,37.30959],[-5.94243,37.31204],[-5.94192,37.31412]]}},{"type":"Feature","properties":{"id":"way/1316855585","kind":"overhead","voltageClass":"high","voltageKv":220,"name":null,"circuits":1,"cables":"3","source":"osm"},"geometry":{"type":"LineString","coordinates":[[-5.94441,37.31547],[-5.9449,37.31507]]}},{"type":"Feature","properties":{"id":"way/1316855586","kind":"overhead","voltageClass":"high","voltageKv":220,"name":null,"circuits":1,"cables":"3","source":"osm"},"geometry":{"type":"LineString","coordinates":[[-5.94441,37.31547],[-5.94477,37.31499]]}},{"type":"Feature","properties":{"id":"way/1324309314","kind":"overhead","voltageClass":"medium","voltageKv":132,"name":"Línea de alta tensión Dos Hermanas - Valme","circuits":1,"cables":"3","source":"osm"},"geometry":{"type":"LineString","coordinates":[[-5.91738,37.25941],[-5.91755,37.25934]]}},{"type":"Feature","properties":{"id":"way/1324309316","kind":"overhead","voltageClass":"medium","voltageKv":132,"name":"Línea de alta tensión Palacios - Valme","circuits":1,"cables":"3","source":"osm"},"geometry":{"type":"LineString","coordinates":[[-5.91738,37.25941],[-5.91747,37.25928]]}},{"type":"Feature","properties":{"id":"way/1324309319","kind":"overhead","voltageClass":"medium","voltageKv":132,"name":"Línea de alta tensión Los Palacios - Valme","circuits":1,"cables":"3","source":"osm"},"geometry":{"type":"LineString","coordinates":[[-5.87587,37.11944],[-5.87505,37.1222],[-5.87418,37.12503],[-5.87334,37.12783],[-5.87275,37.12975],[-5.87192,37.13249],[-5.87104,37.1353],[-5.87024,37.13801],[-5.86941,37.14076],[-5.86867,37.14322],[-5.86786,37.14585],[-5.86709,37.14844],[-5.86636,37.1508],[-5.86559,37.15328],[-5.86494,37.15563],[-5.86421,37.15815],[-5.86341,37.16063],[-5.86476,37.16338],[-5.86593,37.16584],[-5.86731,37.16872],[-5.86869,37.17154],[-5.86993,37.17409],[-5.87098,37.17624],[-5.87228,37.17893],[-5.87285,37.1814],[-5.87348,37.18409],[-5.87414,37.18687],[-5.87472,37.18934],[-5.87529,37.19179],[-5.87586,37.19427],[-5.87697,37.19906],[-5.87755,37.20157],[-5.87809,37.20392],[-5.87894,37.20661],[-5.87984,37.20948],[-5.88067,37.2121],[-5.88154,37.21489],[-5.88237,37.21751],[-5.88327,37.22037],[-5.8841,37.22303],[-5.88496,37.22578],[-5.88569,37.22809],[-5.88656,37.23084],[-5.88748,37.23376],[-5.88831,37.23638],[-5.8892,37.23917],[-5.88872,37.24172],[-5.88823,37.24429],[-5.88766,37.24723],[-5.88721,37.24957],[-5.88671,37.25213]]}},{"type":"Feature","properties":{"id":"way/1324309342","kind":"overhead","voltageClass":"low","voltageKv":66,"name":"Línea de alta tensión Los Palacios - Marismas y Los Palacios - Utrera 2","circuits":2,"cables":"6","source":"osm"},"geometry":{"type":"LineString","coordinates":[[-5.883,37.12494],[-5.88277,37.12179],[-5.88253,37.1187]]}},{"type":"Feature","properties":{"id":"way/1324309343","kind":"overhead","voltageClass":"low","voltageKv":66,"name":"Línea de alta tensión Los Palacios - Marismas","circuits":1,"cables":"3","source":"osm"},"geometry":{"type":"LineString","coordinates":[[-5.88253,37.1187],[-5.88342,37.1175]]}},{"type":"Feature","properties":{"id":"way/1324309344","kind":"overhead","voltageClass":"low","voltageKv":66,"name":"Línea de alta tensión Los Palacios - Utrera 2","circuits":1,"cables":"3","source":"osm"},"geometry":{"type":"LineString","coordinates":[[-5.88253,37.1187],[-5.88333,37.11746]]}},{"type":"Feature","properties":{"id":"way/1324309345","kind":"overhead","voltageClass":"low","voltageKv":66,"name":"Línea de alta tensión Los Palacios - Utrera 1","circuits":1,"cables":"3","source":"osm"},"geometry":{"type":"LineString","coordinates":[[-5.88223,37.11855],[-5.88325,37.11741]]}},{"type":"Feature","properties":{"id":"way/1324309346","kind":"overhead","voltageClass":"low","voltageKv":66,"name":"Línea de alta tensión Don Rodrigo - Los Palacios","circuits":1,"cables":"3","source":"osm"},"geometry":{"type":"LineString","coordinates":[[-5.88223,37.11855],[-5.88316,37.11738]]}},{"type":"Feature","properties":{"id":"way/1324309347","kind":"overhead","voltageClass":"low","voltageKv":66,"name":"Línea de alta tensión Coronil - Don Rodrigo y Los Palacios - Utrera 1","circuits":2,"cables":"6","source":"osm"},"geometry":{"type":"LineString","coordinates":[[-5.7773,37.17073],[-5.78004,37.17047],[-5.78162,37.17032],[-5.78429,37.16906],[-5.7877,37.16745],[-5.79052,37.16617],[-5.79373,37.16469],[-5.79717,37.16314]]}},{"type":"Feature","properties":{"id":"way/1326466258","kind":"overhead","voltageClass":"high","voltageKv":220,"name":null,"circuits":1,"cables":"3","source":"osm"},"geometry":{"type":"LineString","coordinates":[[-5.84502,37.2443],[-5.84519,37.24443]]}},{"type":"Feature","properties":{"id":"way/1326466259","kind":"overhead","voltageClass":"high","voltageKv":220,"name":null,"circuits":1,"cables":"3","source":"osm"},"geometry":{"type":"LineString","coordinates":[[-5.84519,37.24443],[-5.84495,37.24442]]}},{"type":"Feature","properties":{"id":"way/1326466260","kind":"overhead","voltageClass":"high","voltageKv":220,"name":null,"circuits":1,"cables":"3","source":"osm"},"geometry":{"type":"LineString","coordinates":[[-5.84515,37.24471],[-5.84481,37.24466]]}},{"type":"Feature","properties":{"id":"way/1326466261","kind":"overhead","voltageClass":"high","voltageKv":220,"name":null,"circuits":1,"cables":"3","source":"osm"},"geometry":{"type":"LineString","coordinates":[[-5.84488,37.24454],[-5.84515,37.24471]]}},{"type":"Feature","properties":{"id":"way/1326466263","kind":"overhead","voltageClass":"high","voltageKv":220,"name":null,"circuits":null,"cables":"3","source":"osm"},"geometry":{"type":"LineString","coordinates":[[-5.84474,37.24479],[-5.84508,37.24491],[-5.84493,37.24531]]}},{"type":"Feature","properties":{"id":"way/1326466264","kind":"overhead","voltageClass":"high","voltageKv":220,"name":null,"circuits":null,"cables":"3","source":"osm"},"geometry":{"type":"LineString","coordinates":[[-5.84467,37.24491],[-5.84488,37.24499],[-5.84493,37.24531]]}},{"type":"Feature","properties":{"id":"way/1326466278","kind":"overhead","voltageClass":"high","voltageKv":400,"name":"Línea de alta tensión Carmona - Don Rodrigo","circuits":1,"cables":"3","source":"osm"},"geometry":{"type":"LineString","coordinates":[[-5.84255,37.24725],[-5.84271,37.24674]]}},{"type":"Feature","properties":{"id":"way/1326466279","kind":"overhead","voltageClass":"high","voltageKv":400,"name":"Línea de alta tensión Don Rodrigo - Guillena","circuits":1,"cables":"3","source":"osm"},"geometry":{"type":"LineString","coordinates":[[-5.84255,37.24725],[-5.84292,37.24681]]}},{"type":"Feature","properties":{"id":"way/1326466303","kind":"overhead","voltageClass":"low","voltageKv":66,"name":"Línea de alta tensión Exolum Arahal 2 - Don Rodrigo 1","circuits":1,"cables":"3","source":"osm"},"geometry":{"type":"LineString","coordinates":[[-5.84262,37.24412],[-5.84285,37.24425]]}},{"type":"Feature","properties":{"id":"way/1326466304","kind":"overhead","voltageClass":"low","voltageKv":66,"name":"Línea de alta tensión Exolum Arahal 2 - Don Rodrigo 1","circuits":1,"cables":"3","source":"osm"},"geometry":{"type":"LineString","coordinates":[[-5.84262,37.24412],[-5.84288,37.2442]]}},{"type":"Feature","properties":{"id":"way/1326466305","kind":"overhead","voltageClass":"low","voltageKv":66,"name":"Línea de alta tensión Don Rodrigo - Torrejón 1","circuits":1,"cables":"3","source":"osm"},"geometry":{"type":"LineString","coordinates":[[-5.84267,37.24401],[-5.84291,37.24415]]}},{"type":"Feature","properties":{"id":"way/1326466306","kind":"overhead","voltageClass":"low","voltageKv":66,"name":"Línea de alta tensión Don Rodrigo - Torrejón 2","circuits":1,"cables":"3","source":"osm"},"geometry":{"type":"LineString","coordinates":[[-5.84267,37.24401],[-5.84294,37.2441]]}},{"type":"Feature","properties":{"id":"way/1326466307","kind":"overhead","voltageClass":"low","voltageKv":66,"name":"Línea de alta tensión Don Rodrigo - Utrera 2","circuits":1,"cables":"3","source":"osm"},"geometry":{"type":"LineString","coordinates":[[-5.84271,37.24383],[-5.84297,37.24405]]}},{"type":"Feature","properties":{"id":"way/1326466308","kind":"overhead","voltageClass":"low","voltageKv":66,"name":"Línea de alta tensión Don Rodrigo - Morera","circuits":1,"cables":"3","source":"osm"},"geometry":{"type":"LineString","coordinates":[[-5.84271,37.24383],[-5.843,37.244]]}},{"type":"Feature","properties":{"id":"way/1326466309","kind":"overhead","voltageClass":"low","voltageKv":66,"name":"Línea de alta tensión Coronil - Don Rodrigo","circuits":1,"cables":"3","source":"osm"},"geometry":{"type":"LineString","coordinates":[[-5.8428,37.2438],[-5.84302,37.24395]]}},{"type":"Feature","properties":{"id":"way/1326466310","kind":"overhead","voltageClass":"low","voltageKv":66,"name":"Línea de alta tensión Don Rodrigo - Palacios","circuits":1,"cables":"3","source":"osm"},"geometry":{"type":"LineString","coordinates":[[-5.8428,37.2438],[-5.84305,37.2439]]}},{"type":"Feature","properties":{"id":"way/1326466311","kind":"overhead","voltageClass":"low","voltageKv":66,"name":null,"circuits":1,"cables":"3","source":"osm"},"geometry":{"type":"LineString","coordinates":[[-5.84285,37.24356],[-5.8432,37.24366]]}},{"type":"Feature","properties":{"id":"way/1326466312","kind":"overhead","voltageClass":"low","voltageKv":66,"name":null,"circuits":1,"cables":"3","source":"osm"},"geometry":{"type":"LineString","coordinates":[[-5.84285,37.24356],[-5.84317,37.24371]]}},{"type":"Feature","properties":{"id":"way/1326466314","kind":"overhead","voltageClass":"low","voltageKv":66,"name":"Línea de alta tensión Dos Hermanas - Don Rodrigo 1","circuits":1,"cables":"3","source":"osm"},"geometry":{"type":"LineString","coordinates":[[-5.90647,37.2977],[-5.90671,37.29784]]}},{"type":"Feature","properties":{"id":"way/1326466315","kind":"overhead","voltageClass":"low","voltageKv":66,"name":"Línea de alta tensión Dos Hermanas - Don Rodrigo 2","circuits":1,"cables":"3","source":"osm"},"geometry":{"type":"LineString","coordinates":[[-5.90647,37.2977],[-5.90665,37.29787]]}},{"type":"Feature","properties":{"id":"way/1326466316","kind":"overhead","voltageClass":"unknown","voltageKv":null,"name":null,"circuits":null,"cables":null,"source":"osm"},"geometry":{"type":"LineString","coordinates":[[-5.84785,37.24721],[-5.84753,37.24686],[-5.84541,37.24517]]}},{"type":"Feature","properties":{"id":"way/1326466317","kind":"overhead","voltageClass":"high","voltageKv":220,"name":null,"circuits":null,"cables":null,"source":"osm"},"geometry":{"type":"LineString","coordinates":[[-5.84668,37.24279],[-5.84676,37.24304],[-5.846,37.244],[-5.84537,37.24412],[-5.84509,37.24417]]}},{"type":"Feature","properties":{"id":"way/1327476845","kind":"overhead","voltageClass":"low","voltageKv":66,"name":"Línea de alta tensión Osuna - Villanueva del Rey 1","circuits":1,"cables":"3","source":"osm"},"geometry":{"type":"LineString","coordinates":[[-5.11663,37.2301],[-5.11607,37.23031]]}},{"type":"Feature","properties":{"id":"way/1327476846","kind":"overhead","voltageClass":"low","voltageKv":66,"name":"Línea de alta tensión Osuna - Villanueva del Rey 2","circuits":1,"cables":"3","source":"osm"},"geometry":{"type":"LineString","coordinates":[[-5.11663,37.2301],[-5.11604,37.23027]]}},{"type":"Feature","properties":{"id":"way/1328210600","kind":"underground","voltageClass":"low","voltageKv":66,"name":"Línea de alta tensión Los Palacios - Utrera 2","circuits":1,"cables":"3","source":"osm"},"geometry":{"type":"LineString","coordinates":[[-5.77197,37.1773],[-5.77047,37.17647]]}},{"type":"Feature","properties":{"id":"way/1328210601","kind":"underground","voltageClass":"low","voltageKv":66,"name":"Línea de alta tensión Don Rodrigo - El Coronil y Los Palacios - Utrera 1","circuits":3,"cables":"9","source":"osm"},"geometry":{"type":"LineString","coordinates":[[-5.77047,37.17647],[-5.77003,37.17622]]}},{"type":"Feature","properties":{"id":"way/1328210602","kind":"underground","voltageClass":"low","voltageKv":66,"name":"Línea de alta tensión Don Rodrigo - El Coronil, Los Palacios - Utrera 1 y Los Palacios - Utrera 2","circuits":3,"cables":"9","source":"osm"},"geometry":{"type":"LineString","coordinates":[[-5.77047,37.17647],[-5.77097,37.1755],[-5.7712,37.1752],[-5.77142,37.17494],[-5.77164,37.17473],[-5.77185,37.17455],[-5.77216,37.17432],[-5.77248,37.17411],[-5.77275,37.17397],[-5.77302,37.17383],[-5.77334,37.1737],[-5.77371,37.17357],[-5.77404,37.17347],[-5.7748,37.17336],[-5.77532,37.17324],[-5.77541,37.17317],[-5.77544,37.17296],[-5.77549,37.17279],[-5.77559,37.17254],[-5.77623,37.17127],[-5.77679,37.17112],[-5.77728,37.17114]]}},{"type":"Feature","properties":{"id":"way/1328210603","kind":"underground","voltageClass":"low","voltageKv":66,"name":"Línea de alta tensión Los Palacios - Utrera 2","circuits":1,"cables":"3","source":"osm"},"geometry":{"type":"LineString","coordinates":[[-5.77741,37.17083],[-5.77728,37.17114]]}},{"type":"Feature","properties":{"id":"way/1328210604","kind":"underground","voltageClass":"low","voltageKv":66,"name":"Línea de alta tensión Coronil - Don Rodrigo y Los Palacios - Utrera 1","circuits":2,"cables":"6","source":"osm"},"geometry":{"type":"LineString","coordinates":[[-5.77728,37.17114],[-5.7773,37.17073]]}},{"type":"Feature","properties":{"id":"way/1328232554","kind":"overhead","voltageClass":"low","voltageKv":66,"name":"Línea de alta tensión Alcolea del Río - Romeral","circuits":1,"cables":"3","source":"osm"},"geometry":{"type":"LineString","coordinates":[[-5.65297,37.50742],[-5.65316,37.50739]]}},{"type":"Feature","properties":{"id":"way/1328232555","kind":"overhead","voltageClass":"low","voltageKv":66,"name":"Línea de alta tensión Carmona - Romeral","circuits":1,"cables":"3","source":"osm"},"geometry":{"type":"LineString","coordinates":[[-5.65297,37.50742],[-5.65314,37.50735]]}},{"type":"Feature","properties":{"id":"way/1328232558","kind":"underground","voltageClass":"low","voltageKv":66,"name":"Línea de alta tensión Carmona - Marchena","circuits":1,"cables":"3","source":"osm"},"geometry":{"type":"LineString","coordinates":[[-5.64692,37.47819],[-5.64712,37.47821],[-5.64762,37.47718],[-5.648,37.47634],[-5.64805,37.4762],[-5.64806,37.47612],[-5.64778,37.47607]]}},{"type":"Feature","properties":{"id":"way/1328740406","kind":"overhead","voltageClass":"low","voltageKv":66,"name":null,"circuits":1,"cables":"3","source":"osm"},"geometry":{"type":"LineString","coordinates":[[-5.57755,37.25236],[-5.57815,37.25195]]}},{"type":"Feature","properties":{"id":"way/1328740423","kind":"overhead","voltageClass":"high","voltageKv":220,"name":null,"circuits":1,"cables":"3","source":"osm"},"geometry":{"type":"LineString","coordinates":[[-5.84635,37.24247],[-5.84594,37.24222],[-5.84355,37.24146],[-5.84127,37.24073]]}},{"type":"Feature","properties":{"id":"way/1328740424","kind":"underground","voltageClass":"high","voltageKv":220,"name":null,"circuits":1,"cables":"3","source":"osm"},"geometry":{"type":"LineString","coordinates":[[-5.84127,37.24073],[-5.83891,37.24083]]}},{"type":"Feature","properties":{"id":"way/1328740425","kind":"overhead","voltageClass":"high","voltageKv":220,"name":null,"circuits":1,"cables":"3","source":"osm"},"geometry":{"type":"LineString","coordinates":[[-5.83891,37.24083],[-5.83444,37.23996],[-5.8286,37.2388],[-5.82484,37.24146],[-5.82208,37.24156],[-5.81811,37.24169],[-5.81425,37.24183],[-5.81071,37.24194],[-5.80712,37.24261],[-5.80251,37.24347],[-5.79863,37.24363],[-5.7949,37.24379],[-5.79115,37.24395],[-5.7857,37.24418],[-5.78255,37.245],[-5.7797,37.24683],[-5.77502,37.24688],[-5.77021,37.24693],[-5.76529,37.24699],[-5.76149,37.24703],[-5.75695,37.24673],[-5.75286,37.24621],[-5.74779,37.24685],[-5.74271,37.24787],[-5.73708,37.24899],[-5.73297,37.2498],[-5.72895,37.2506],[-5.72431,37.25152],[-5.72036,37.25231],[-5.71646,37.25308],[-5.71135,37.25409],[-5.70726,37.25633],[-5.70332,37.25459],[-5.70306,37.25447]]}},{"type":"Feature","properties":{"id":"way/1328896656","kind":"underground","voltageClass":"low","voltageKv":66,"name":"Línea de alta tensión Don Rodrigo - Utrera y Morera - Utrera","circuits":2,"cables":"6","source":"osm"},"geometry":{"type":"LineString","coordinates":[[-5.77152,37.18481],[-5.77197,37.18521],[-5.77246,37.18533],[-5.77259,37.18539],[-5.77338,37.18596],[-5.77374,37.18593],[-5.77421,37.18626],[-5.7744,37.18648],[-5.77591,37.18756],[-5.77593,37.18767],[-5.77707,37.18848],[-5.77802,37.18917],[-5.77816,37.1893],[-5.77813,37.18941],[-5.77816,37.18946],[-5.77973,37.19052],[-5.7807,37.1912],[-5.78076,37.19132],[-5.78219,37.19235],[-5.78303,37.19297],[-5.78348,37.19342],[-5.78369,37.19337],[-5.7838,37.19345]]}},{"type":"Feature","properties":{"id":"way/1328896657","kind":"overhead","voltageClass":"low","voltageKv":66,"name":"Línea de alta tensión Don Rodrigo - Morera","circuits":1,"cables":"3","source":"osm"},"geometry":{"type":"LineString","coordinates":[[-5.80325,37.20501],[-5.80348,37.20482]]}},{"type":"Feature","properties":{"id":"way/1328896658","kind":"overhead","voltageClass":"low","voltageKv":66,"name":"Línea de alta tensión Morera - Utrera","circuits":1,"cables":"3","source":"osm"},"geometry":{"type":"LineString","coordinates":[[-5.80325,37.20501],[-5.80346,37.20477]]}},{"type":"Feature","properties":{"id":"way/1328896666","kind":"overhead","voltageClass":"low","voltageKv":66,"name":"Línea de alta tensión Don Rodrigo - Torrejón 2","circuits":1,"cables":"3","source":"osm"},"geometry":{"type":"LineString","coordinates":[[-5.57006,37.10748],[-5.5699,37.1074]]}},{"type":"Feature","properties":{"id":"way/1328896668","kind":"overhead","voltageClass":"low","voltageKv":66,"name":"Línea de alta tensión Don Rodrigo - Torrejón 1","circuits":1,"cables":"3","source":"osm"},"geometry":{"type":"LineString","coordinates":[[-5.57006,37.10748],[-5.56987,37.10746]]}},{"type":"Feature","properties":{"id":"way/1328896671","kind":"overhead","voltageClass":"low","voltageKv":66,"name":"Línea de alta tensión Torrejón - Utrera","circuits":1,"cables":"3","source":"osm"},"geometry":{"type":"LineString","coordinates":[[-5.56996,37.10769],[-5.56979,37.1076]]}},{"type":"Feature","properties":{"id":"way/1328896672","kind":"overhead","voltageClass":"low","voltageKv":66,"name":"Línea de alta tensión Morón de la Frontera - Torrejón","circuits":1,"cables":"3","source":"osm"},"geometry":{"type":"LineString","coordinates":[[-5.56996,37.10769],[-5.56976,37.10765]]}},{"type":"Feature","properties":{"id":"way/1328896690","kind":"overhead","voltageClass":"low","voltageKv":66,"name":"Línea de alta tensión Don Rodrigo - El Coronil","circuits":1,"cables":"3","source":"osm"},"geometry":{"type":"LineString","coordinates":[[-5.62786,37.0886],[-5.62779,37.08846]]}},{"type":"Feature","properties":{"id":"way/1328896691","kind":"overhead","voltageClass":"low","voltageKv":66,"name":"Línea de alta tensión El Coronil - Morón de la Frontera","circuits":1,"cables":"3","source":"osm"},"geometry":{"type":"LineString","coordinates":[[-5.62786,37.0886],[-5.62772,37.0885]]}},{"type":"Feature","properties":{"id":"way/1328896692","kind":"underground","voltageClass":"low","voltageKv":66,"name":"Línea de alta tensión Don Rodrigo - El Coronil","circuits":1,"cables":"3","source":"osm"},"geometry":{"type":"LineString","coordinates":[[-5.77003,37.17622],[-5.76842,37.17545]]}},{"type":"Feature","properties":{"id":"way/1329311452","kind":"underground","voltageClass":"low","voltageKv":66,"name":"Línea de alta tensión Alcores - Cantosal - El Viso del Alcor","circuits":2,"cables":"6","source":"osm"},"geometry":{"type":"LineString","coordinates":[[-5.71623,37.40164],[-5.71607,37.40172]]}},{"type":"Feature","properties":{"id":"way/1329311453","kind":"underground","voltageClass":"low","voltageKv":66,"name":"Línea de alta tensión Carmona - El Viso del Alcor","circuits":1,"cables":"3","source":"osm"},"geometry":{"type":"LineString","coordinates":[[-5.71595,37.40195],[-5.71607,37.40172]]}},{"type":"Feature","properties":{"id":"way/1329311454","kind":"underground","voltageClass":"low","voltageKv":66,"name":"Línea de alta tensión Alcores - Cantosal - El Viso del Alcor y Carmona - El Viso del Alcor","circuits":3,"cables":"9","source":"osm"},"geometry":{"type":"LineString","coordinates":[[-5.71607,37.40172],[-5.71597,37.40151],[-5.71568,37.40116],[-5.71447,37.39984],[-5.71432,37.39994]]}},{"type":"Feature","properties":{"id":"way/1329311460","kind":"underground","voltageClass":"low","voltageKv":66,"name":"Línea de alta tensión Alcores - Cantosal - El Viso del Alcor","circuits":null,"cables":null,"source":"osm"},"geometry":{"type":"LineString","coordinates":[[-5.71432,37.39994],[-5.71417,37.39996]]}},{"type":"Feature","properties":{"id":"way/1329311461","kind":"underground","voltageClass":"low","voltageKv":66,"name":"Línea de alta tensión Alcores - Cantosal - El Viso del Alcor","circuits":1,"cables":"3","source":"osm"},"geometry":{"type":"LineString","coordinates":[[-5.71432,37.39994],[-5.71421,37.4]]}},{"type":"Feature","properties":{"id":"way/1329311462","kind":"underground","voltageClass":"low","voltageKv":66,"name":"Línea de alta tensión Carmona - El Viso del Alcor","circuits":1,"cables":"3","source":"osm"},"geometry":{"type":"LineString","coordinates":[[-5.71432,37.39994],[-5.71426,37.40004]]}},{"type":"Feature","properties":{"id":"way/1329311463","kind":"overhead","voltageClass":"low","voltageKv":66,"name":"Línea de alta tensión Alcores - Cantosal - El Viso del Alcor","circuits":2,"cables":"6","source":"osm"},"geometry":{"type":"LineString","coordinates":[[-5.7719,37.39563],[-5.77028,37.39592],[-5.76795,37.39866],[-5.76442,37.39985],[-5.76147,37.40085],[-5.75853,37.40184],[-5.75635,37.40292],[-5.75429,37.40417],[-5.75191,37.40583],[-5.74929,37.40764],[-5.74642,37.40908],[-5.74362,37.41049],[-5.74125,37.41169],[-5.7383,37.41318],[-5.73613,37.41257],[-5.73269,37.41161],[-5.73055,37.41101],[-5.72678,37.4091],[-5.72369,37.40752],[-5.72067,37.40599],[-5.71837,37.40481],[-5.71682,37.40251],[-5.71623,37.40164]]}},{"type":"Feature","properties":{"id":"way/1329311469","kind":"overhead","voltageClass":"low","voltageKv":66,"name":"Línea de alta tensión Alcores - Cantosal - El Viso del Alcor","circuits":1,"cables":"3","source":"osm"},"geometry":{"type":"LineString","coordinates":[[-5.76588,37.38187],[-5.76579,37.38174]]}},{"type":"Feature","properties":{"id":"way/1329311470","kind":"overhead","voltageClass":"low","voltageKv":66,"name":"Línea de alta tensión Alcores - Cantosal - El Viso del Alcor","circuits":1,"cables":"3","source":"osm"},"geometry":{"type":"LineString","coordinates":[[-5.76588,37.38187],[-5.76575,37.38178]]}},{"type":"Feature","properties":{"id":"way/1329311521","kind":"overhead","voltageClass":"low","voltageKv":66,"name":"Línea de alta tensión Alcores - Polo 1","circuits":1,"cables":"3","source":"osm"},"geometry":{"type":"LineString","coordinates":[[-5.85778,37.38618],[-5.85706,37.3864]]}},{"type":"Feature","properties":{"id":"way/1329311522","kind":"overhead","voltageClass":"low","voltageKv":66,"name":"Línea de alta tensión Alcores - Polo 2","circuits":1,"cables":"3","source":"osm"},"geometry":{"type":"LineString","coordinates":[[-5.85778,37.38618],[-5.85704,37.38635]]}},{"type":"Feature","properties":{"id":"way/1329311523","kind":"overhead","voltageClass":"low","voltageKv":66,"name":"Línea de alta tensión Alcores - Argón","circuits":1,"cables":"3","source":"osm"},"geometry":{"type":"LineString","coordinates":[[-5.85792,37.38631],[-5.85711,37.3865]]}},{"type":"Feature","properties":{"id":"way/1329311524","kind":"overhead","voltageClass":"low","voltageKv":66,"name":"Línea de alta tensión Alcores - Espadillas - Giralt Laporta","circuits":1,"cables":"3","source":"osm"},"geometry":{"type":"LineString","coordinates":[[-5.85792,37.38631],[-5.85713,37.38656]]}},{"type":"Feature","properties":{"id":"way/1329311564","kind":"overhead","voltageClass":"high","voltageKv":220,"name":"Línea de alta tensión Alcores - Santa Elvira 1","circuits":1,"cables":"3","source":"osm"},"geometry":{"type":"LineString","coordinates":[[-5.85382,37.3868],[-5.8552,37.38635]]}},{"type":"Feature","properties":{"id":"way/1329311572","kind":"underground","voltageClass":"medium","voltageKv":132,"name":"Línea de alta tensión Alcores - Heineken 1","circuits":1,"cables":"3","source":"osm"},"geometry":{"type":"LineString","coordinates":[[-5.86269,37.38863],[-5.86257,37.38862]]}},{"type":"Feature","properties":{"id":"way/1329311573","kind":"underground","voltageClass":"medium","voltageKv":132,"name":"Línea de alta tensión Alcores - Heineken 2","circuits":1,"cables":"3","source":"osm"},"geometry":{"type":"LineString","coordinates":[[-5.86269,37.38872],[-5.86257,37.38862]]}},{"type":"Feature","properties":{"id":"way/1329311574","kind":"underground","voltageClass":"medium","voltageKv":132,"name":"Línea de alta tensión Alcores - Heineken 1 y Alcores - Heineken 2","circuits":2,"cables":"6","source":"osm"},"geometry":{"type":"LineString","coordinates":[[-5.86257,37.38862],[-5.86184,37.38854],[-5.86156,37.38756],[-5.86007,37.38663],[-5.85962,37.38609],[-5.85763,37.38581]]}},{"type":"Feature","properties":{"id":"way/1329311575","kind":"underground","voltageClass":"medium","voltageKv":132,"name":"Línea de alta tensión Alcores - Heineken 1","circuits":1,"cables":"3","source":"osm"},"geometry":{"type":"LineString","coordinates":[[-5.85763,37.38581],[-5.85737,37.38583]]}},{"type":"Feature","properties":{"id":"way/1329311576","kind":"underground","voltageClass":"medium","voltageKv":132,"name":"Línea de alta tensión Alcores - Heineken 2","circuits":1,"cables":"3","source":"osm"},"geometry":{"type":"LineString","coordinates":[[-5.85763,37.38581],[-5.85741,37.38591]]}},{"type":"Feature","properties":{"id":"way/1329311577","kind":"overhead","voltageClass":"low","voltageKv":66,"name":"Línea de alta tensión Alcores - Palillos 2","circuits":1,"cables":"3","source":"osm"},"geometry":{"type":"LineString","coordinates":[[-5.85806,37.38656],[-5.8575,37.38669]]}},{"type":"Feature","properties":{"id":"way/1329311578","kind":"overhead","voltageClass":"low","voltageKv":66,"name":"Línea de alta tensión Alcores - Palillos 1","circuits":1,"cables":"3","source":"osm"},"geometry":{"type":"LineString","coordinates":[[-5.85806,37.38656],[-5.85752,37.38674]]}},{"type":"Feature","properties":{"id":"way/1329311579","kind":"overhead","voltageClass":"low","voltageKv":66,"name":null,"circuits":1,"cables":"3","source":"osm"},"geometry":{"type":"LineString","coordinates":[[-5.85446,37.39502],[-5.85476,37.39503],[-5.8567,37.39493],[-5.85718,37.39258],[-5.85744,37.39124],[-5.85747,37.39042],[-5.85659,37.38938],[-5.85641,37.3886],[-5.85792,37.3873],[-5.85788,37.3868],[-5.85754,37.38679]]}},{"type":"Feature","properties":{"id":"way/1329311580","kind":"overhead","voltageClass":"low","voltageKv":66,"name":"Línea de alta tensión Alcores - Palillos 1 y Alcores - Palillos 2","circuits":2,"cables":"6","source":"osm"},"geometry":{"type":"LineString","coordinates":[[-5.85806,37.38656],[-5.8603,37.38654],[-5.86125,37.38654],[-5.86124,37.38412],[-5.86427,37.38404],[-5.86727,37.38396],[-5.86786,37.38173],[-5.86846,37.37949],[-5.8695,37.37723],[-5.87051,37.375]]}},{"type":"Feature","properties":{"id":"way/1329311581","kind":"underground","voltageClass":"low","voltageKv":66,"name":"Línea de alta tensión Alcores - Palillos 1 y Alcores - Palillos 2","circuits":2,"cables":"6","source":"osm"},"geometry":{"type":"LineString","coordinates":[[-5.87051,37.375],[-5.87082,37.37509],[-5.87075,37.37525],[-5.871,37.37532],[-5.87109,37.37511]]}},{"type":"Feature","properties":{"id":"way/1329603064","kind":"underground","voltageClass":"low","voltageKv":15,"name":null,"circuits":2,"cables":"6","source":"osm"},"geometry":{"type":"LineString","coordinates":[[-5.4237,37.32732],[-5.42346,37.32721]]}},{"type":"Feature","properties":{"id":"way/1329603072","kind":"underground","voltageClass":"low","voltageKv":15,"name":null,"circuits":null,"cables":null,"source":"osm"},"geometry":{"type":"LineString","coordinates":[[-5.44919,37.30716],[-5.44901,37.30709]]}},{"type":"Feature","properties":{"id":"way/1329603075","kind":"underground","voltageClass":"low","voltageKv":15,"name":null,"circuits":null,"cables":null,"source":"osm"},"geometry":{"type":"LineString","coordinates":[[-5.43115,37.32002],[-5.4313,37.31999]]}},{"type":"Feature","properties":{"id":"way/1329603083","kind":"overhead","voltageClass":"low","voltageKv":66,"name":"Línea de alta tensión Estepa - Osuna","circuits":1,"cables":"3","source":"osm"},"geometry":{"type":"LineString","coordinates":[[-4.87287,37.29909],[-4.87309,37.29899]]}},{"type":"Feature","properties":{"id":"way/1329603084","kind":"overhead","voltageClass":"low","voltageKv":66,"name":"Línea de alta tensión Estepa - Osuna","circuits":1,"cables":"3","source":"osm"},"geometry":{"type":"LineString","coordinates":[[-4.87287,37.29909],[-4.87304,37.29895]]}},{"type":"Feature","properties":{"id":"way/1329603092","kind":"underground","voltageClass":"low","voltageKv":25,"name":null,"circuits":2,"cables":"6","source":"osm"},"geometry":{"type":"LineString","coordinates":[[-4.87645,37.30398],[-4.87768,37.30652]]}},{"type":"Feature","properties":{"id":"way/1329603096","kind":"underground","voltageClass":"low","voltageKv":25,"name":null,"circuits":1,"cables":"3","source":"osm"},"geometry":{"type":"LineString","coordinates":[[-4.75473,37.37064],[-4.75457,37.37064]]}},{"type":"Feature","properties":{"id":"way/1329603099","kind":"underground","voltageClass":"low","voltageKv":25,"name":null,"circuits":1,"cables":"3","source":"osm"},"geometry":{"type":"LineString","coordinates":[[-4.75468,37.37071],[-4.75457,37.37064]]}},{"type":"Feature","properties":{"id":"way/1329603100","kind":"underground","voltageClass":"low","voltageKv":25,"name":null,"circuits":1,"cables":"3","source":"osm"},"geometry":{"type":"LineString","coordinates":[[-4.75464,37.37077],[-4.75457,37.37064]]}},{"type":"Feature","properties":{"id":"way/1329851278","kind":"underground","voltageClass":"low","voltageKv":15,"name":null,"circuits":null,"cables":null,"source":"osm"},"geometry":{"type":"LineString","coordinates":[[-6.16304,37.13074],[-6.16376,37.13089]]}},{"type":"Feature","properties":{"id":"way/1329851284","kind":"underground","voltageClass":"low","voltageKv":15,"name":null,"circuits":null,"cables":null,"source":"osm"},"geometry":{"type":"LineString","coordinates":[[-6.13358,37.16622],[-6.13368,37.16624]]}},{"type":"Feature","properties":{"id":"way/1329851291","kind":"underground","voltageClass":"low","voltageKv":15,"name":null,"circuits":2,"cables":"6","source":"osm"},"geometry":{"type":"LineString","coordinates":[[-6.14123,37.16124],[-6.14131,37.16091]]}},{"type":"Feature","properties":{"id":"way/1329851299","kind":"underground","voltageClass":"low","voltageKv":15,"name":null,"circuits":null,"cables":null,"source":"osm"},"geometry":{"type":"LineString","coordinates":[[-6.07618,37.26099],[-6.07628,37.26096],[-6.07638,37.26093]]}},{"type":"Feature","properties":{"id":"way/1329852932","kind":"overhead","voltageClass":"high","voltageKv":220,"name":null,"circuits":1,"cables":"3","source":"osm"},"geometry":{"type":"LineString","coordinates":[[-6.06729,37.25405],[-6.06361,37.25394]]}},{"type":"Feature","properties":{"id":"way/1338073672","kind":"overhead","voltageClass":"low","voltageKv":66,"name":"Línea de alta tensión Cordobilla - Jauja","circuits":1,"cables":"3","source":"osm"},"geometry":{"type":"LineString","coordinates":[[-4.74813,37.36907],[-4.74929,37.36978]]}},{"type":"Feature","properties":{"id":"way/1338073673","kind":"overhead","voltageClass":"low","voltageKv":66,"name":"Línea de alta tensión Cordobilla - Jauja","circuits":1,"cables":"3","source":"osm"},"geometry":{"type":"LineString","coordinates":[[-4.74813,37.36907],[-4.74922,37.3698]]}},{"type":"Feature","properties":{"id":"way/1338073677","kind":"underground","voltageClass":"low","voltageKv":66,"name":"Línea de alta tensión Cordobilla - Isla Redonda","circuits":1,"cables":"3","source":"osm"},"geometry":{"type":"LineString","coordinates":[[-4.76929,37.37297],[-4.77017,37.37355],[-4.77021,37.37359],[-4.77059,37.37426],[-4.77081,37.37419],[-4.77104,37.37415],[-4.77126,37.37413],[-4.77152,37.37411],[-4.77189,37.37413],[-4.7722,37.37416],[-4.77278,37.37427],[-4.77295,37.37428],[-4.77312,37.37426],[-4.77334,37.37421],[-4.77351,37.37413],[-4.77474,37.3735],[-4.77489,37.37347],[-4.77505,37.37347],[-4.77577,37.37358],[-4.77587,37.37361],[-4.7763,37.37388],[-4.77642,37.37393],[-4.77706,37.37411],[-4.77719,37.37411],[-4.77733,37.37408],[-4.77768,37.37392],[-4.77797,37.37401],[-4.77855,37.37458],[-4.77897,37.37454],[-4.77944,37.37446]]}},{"type":"Feature","properties":{"id":"way/1338073682","kind":"overhead","voltageClass":"low","voltageKv":66,"name":"Línea de alta tensión Isla Redonda - Los Humosos","circuits":1,"cables":"3","source":"osm"},"geometry":{"type":"LineString","coordinates":[[-4.89669,37.45774],[-4.89633,37.45789]]}},{"type":"Feature","properties":{"id":"way/1338073683","kind":"overhead","voltageClass":"low","voltageKv":66,"name":"Línea de alta tensión Cordobilla - Isla Redonda","circuits":1,"cables":"3","source":"osm"},"geometry":{"type":"LineString","coordinates":[[-4.89669,37.45774],[-4.8963,37.45784]]}},{"type":"Feature","properties":{"id":"way/1338073702","kind":"overhead","voltageClass":"low","voltageKv":66,"name":"Línea de alta tensión Écija - Los Humosos","circuits":1,"cables":"3","source":"osm"},"geometry":{"type":"LineString","coordinates":[[-4.99779,37.51476],[-4.99805,37.51482]]}},{"type":"Feature","properties":{"id":"way/1338073705","kind":"overhead","voltageClass":"low","voltageKv":66,"name":"Línea de alta tensión Isla Redonda - Los Humosos","circuits":1,"cables":"3","source":"osm"},"geometry":{"type":"LineString","coordinates":[[-4.99779,37.51476],[-4.99799,37.51492]]}},{"type":"Feature","properties":{"id":"way/1338073711","kind":"overhead","voltageClass":"low","voltageKv":66,"name":"Línea de alta tensión Écija - Villanueva del Rey","circuits":1,"cables":"3","source":"osm"},"geometry":{"type":"LineString","coordinates":[[-5.06325,37.54467],[-5.06288,37.54386],[-5.06195,37.54285],[-5.06036,37.54204],[-5.05883,37.54125],[-5.0562,37.53989],[-5.05433,37.53893],[-5.0523,37.53789],[-5.05065,37.53703],[-5.04861,37.53598],[-5.04594,37.53461],[-5.04376,37.53337]]}},{"type":"Feature","properties":{"id":"way/1338837923","kind":"underground","voltageClass":"low","voltageKv":25,"name":null,"circuits":null,"cables":null,"source":"osm"},"geometry":{"type":"LineString","coordinates":[[-4.7576,37.39243],[-4.75758,37.3925]]}},{"type":"Feature","properties":{"id":"way/1338837928","kind":"underground","voltageClass":"low","voltageKv":25,"name":null,"circuits":null,"cables":null,"source":"osm"},"geometry":{"type":"LineString","coordinates":[[-4.74335,37.40388],[-4.74339,37.40386]]}},{"type":"Feature","properties":{"id":"way/1338837943","kind":"overhead","voltageClass":"low","voltageKv":66,"name":"Línea de alta tensión Montilla - Procerán","circuits":1,"cables":"3","source":"osm"},"geometry":{"type":"LineString","coordinates":[[-4.69907,37.45755],[-4.69939,37.45752]]}},{"type":"Feature","properties":{"id":"way/1338837944","kind":"overhead","voltageClass":"low","voltageKv":66,"name":"Línea de alta tensión Jauja - Procerán","circuits":1,"cables":"3","source":"osm"},"geometry":{"type":"LineString","coordinates":[[-4.69907,37.45755],[-4.6994,37.45747]]}},{"type":"Feature","properties":{"id":"way/1340506838","kind":"underground","voltageClass":"low","voltageKv":25,"name":null,"circuits":null,"cables":null,"source":"osm"},"geometry":{"type":"LineString","coordinates":[[-4.75493,37.36976],[-4.75542,37.36973],[-4.75656,37.36964]]}},{"type":"Feature","properties":{"id":"way/1342590877","kind":"underground","voltageClass":"low","voltageKv":15,"name":null,"circuits":null,"cables":null,"source":"osm"},"geometry":{"type":"LineString","coordinates":[[-4.92252,37.67732],[-4.92225,37.67764]]}},{"type":"Feature","properties":{"id":"way/1342590878","kind":"underground","voltageClass":"low","voltageKv":15,"name":null,"circuits":1,"cables":"3","source":"osm"},"geometry":{"type":"LineString","coordinates":[[-4.9507,37.694],[-4.95082,37.69403]]}},{"type":"Feature","properties":{"id":"way/1342590879","kind":"overhead","voltageClass":"high","voltageKv":220,"name":"Línea de alta tensión Almodóvar del Río - Villanueva del Rey","circuits":1,"cables":"3","source":"osm"},"geometry":{"type":"LineString","coordinates":[[-5.02123,37.75073],[-5.02068,37.7506]]}},{"type":"Feature","properties":{"id":"way/1342590880","kind":"overhead","voltageClass":"high","voltageKv":220,"name":"Línea de alta tensión Almodóvar del Río - Casillas","circuits":1,"cables":"3","source":"osm"},"geometry":{"type":"LineString","coordinates":[[-5.02123,37.75073],[-5.02067,37.75072]]}},{"type":"Feature","properties":{"id":"way/1342590902","kind":"overhead","voltageClass":"medium","voltageKv":132,"name":"Línea de alta tensión Lancha - Rivero y Moratalla - Posadas","circuits":2,"cables":"6","source":"osm"},"geometry":{"type":"LineString","coordinates":[[-5.14231,37.80287],[-5.13899,37.80388],[-5.13653,37.80372],[-5.13465,37.80453],[-5.13282,37.80492],[-5.12984,37.80556],[-5.12676,37.80623],[-5.12381,37.80687],[-5.12092,37.8075],[-5.11774,37.80816],[-5.11489,37.80878],[-5.11161,37.80951],[-5.1096,37.80993],[-5.10744,37.8104],[-5.10562,37.81078],[-5.10225,37.81151],[-5.09993,37.8122]]}},{"type":"Feature","properties":{"id":"way/1373414014","kind":"overhead","voltageClass":"unknown","voltageKv":null,"name":null,"circuits":null,"cables":null,"source":"osm"},"geometry":{"type":"LineString","coordinates":[[-5.9813,37.59511],[-5.98263,37.59615],[-5.98395,37.59718],[-5.98559,37.59847],[-5.9872,37.59973],[-5.98829,37.60059],[-5.98979,37.60176],[-5.99107,37.60278],[-5.99238,37.60279],[-5.9943,37.60279],[-5.99581,37.60377],[-5.99761,37.60493],[-5.99908,37.60587],[-6.0012,37.60724],[-6.00244,37.60805],[-6.00263,37.60796],[-6.00334,37.60738],[-6.0042,37.60668],[-6.005,37.60532],[-6.00543,37.60455],[-6.00601,37.60356],[-6.00656,37.60262],[-6.00712,37.60163],[-6.00788,37.60031],[-6.00803,37.60032]]}},{"type":"Feature","properties":{"id":"way/1373414015","kind":"overhead","voltageClass":"unknown","voltageKv":null,"name":null,"circuits":null,"cables":null,"source":"osm"},"geometry":{"type":"LineString","coordinates":[[-5.99168,37.60414],[-5.99177,37.60459],[-5.99183,37.60491],[-5.99187,37.60513],[-5.99195,37.60553],[-5.99202,37.60585],[-5.99214,37.60649],[-5.99222,37.6069]]}},{"type":"Feature","properties":{"id":"way/1373420849","kind":"overhead","voltageClass":"unknown","voltageKv":null,"name":null,"circuits":null,"cables":null,"source":"osm"},"geometry":{"type":"LineString","coordinates":[[-5.97618,37.61071],[-5.97605,37.61059],[-5.97595,37.60929],[-5.97574,37.6083],[-5.97554,37.60746],[-5.9751,37.60654],[-5.97448,37.60563],[-5.97387,37.60434],[-5.97318,37.60306]]}},{"type":"Feature","properties":{"id":"way/1373420854","kind":"overhead","voltageClass":"unknown","voltageKv":null,"name":null,"circuits":null,"cables":null,"source":"osm"},"geometry":{"type":"LineString","coordinates":[[-5.96333,37.5958],[-5.96271,37.59661],[-5.96218,37.59741],[-5.9615,37.59828],[-5.96105,37.5989],[-5.96018,37.59965],[-5.95928,37.60044],[-5.95865,37.60143],[-5.95805,37.60236],[-5.95743,37.60329],[-5.95681,37.6043],[-5.95621,37.60515],[-5.95563,37.60608],[-5.95503,37.607],[-5.95443,37.60794],[-5.9543,37.60868],[-5.95409,37.6099],[-5.95392,37.61081],[-5.95375,37.61181],[-5.95358,37.61276],[-5.95342,37.61363],[-5.95328,37.61443],[-5.95311,37.61539],[-5.95291,37.6164],[-5.95272,37.61745],[-5.9526,37.61813],[-5.95247,37.61878]]}},{"type":"Feature","properties":{"id":"way/1376978395","kind":"overhead","voltageClass":"unknown","voltageKv":null,"name":null,"circuits":null,"cables":null,"source":"osm"},"geometry":{"type":"LineString","coordinates":[[-5.99263,37.5995],[-5.99217,37.59946],[-5.99196,37.59944]]}},{"type":"Feature","properties":{"id":"way/1376978396","kind":"overhead","voltageClass":"unknown","voltageKv":null,"name":null,"circuits":null,"cables":null,"source":"osm"},"geometry":{"type":"LineString","coordinates":[[-5.99262,37.59965],[-5.99263,37.5995],[-5.99265,37.59933],[-5.9922,37.59931],[-5.99197,37.59929]]}},{"type":"Feature","properties":{"id":"way/1384923702","kind":"overhead","voltageClass":"low","voltageKv":66,"name":"Línea de alta tensión Casillas - Santuario y Casillas - Torrecillas","circuits":2,"cables":"6","source":"osm"},"geometry":{"type":"LineString","coordinates":[[-4.7827,37.85106],[-4.78371,37.85032],[-4.78628,37.85086],[-4.78862,37.85096],[-4.79065,37.85104],[-4.79331,37.85174],[-4.79548,37.8523],[-4.79723,37.85277],[-4.79933,37.85332],[-4.80242,37.85413],[-4.80471,37.85474],[-4.80754,37.85547],[-4.8104,37.8562],[-4.81184,37.85755]]}},{"type":"Feature","properties":{"id":"way/1384923703","kind":"overhead","voltageClass":"low","voltageKv":66,"name":"Línea de alta tensión Casillas - Santuario y Lancha - Torrecillas","circuits":2,"cables":"6","source":"osm"},"geometry":{"type":"LineString","coordinates":[[-4.7827,37.85106],[-4.78263,37.85261],[-4.78226,37.85412]]}},{"type":"Feature","properties":{"id":"way/1384923710","kind":"overhead","voltageClass":"low","voltageKv":66,"name":"Línea de alta tensión Casillas - Santuario y Lancha - Torrecillas","circuits":1,"cables":"3","source":"osm"},"geometry":{"type":"LineString","coordinates":[[-4.78226,37.85412],[-4.78221,37.85432]]}},{"type":"Feature","properties":{"id":"way/1384923711","kind":"overhead","voltageClass":"low","voltageKv":66,"name":"Línea de alta tensión Casillas - Santuario y Lancha - Torrecillas","circuits":1,"cables":"3","source":"osm"},"geometry":{"type":"LineString","coordinates":[[-4.78226,37.85412],[-4.78228,37.85432]]}},{"type":"Feature","properties":{"id":"way/1384923720","kind":"overhead","voltageClass":"low","voltageKv":66,"name":"Línea de alta tensión La Rambla - Montilla","circuits":1,"cables":"3","source":"osm"},"geometry":{"type":"LineString","coordinates":[[-4.75242,37.60152],[-4.75247,37.60156]]}},{"type":"Feature","properties":{"id":"way/1384923721","kind":"overhead","voltageClass":"low","voltageKv":66,"name":"Línea de alta tensión La Rambla - Montilla","circuits":1,"cables":"3","source":"osm"},"geometry":{"type":"LineString","coordinates":[[-4.75242,37.60152],[-4.75241,37.60158]]}},{"type":"Feature","properties":{"id":"way/1384923728","kind":"underground","voltageClass":"unknown","voltageKv":null,"name":null,"circuits":1,"cables":"3","source":"osm"},"geometry":{"type":"LineString","coordinates":[[-4.74333,37.60914],[-4.74331,37.60918]]}},{"type":"Feature","properties":{"id":"way/1386050191","kind":"overhead","voltageClass":"medium","voltageKv":132,"name":"Línea de alta tensión Daniel de Torres - Puente Nuevo y Puente Nuevo - Puertollano","circuits":2,"cables":"6","source":"osm"},"geometry":{"type":"LineString","coordinates":[[-4.81902,38.35279],[-4.82109,38.35005],[-4.82341,38.34692],[-4.8236,38.34667],[-4.82534,38.34439],[-4.82734,38.34171],[-4.82959,38.33874],[-4.83179,38.33575],[-4.83387,38.333],[-4.83616,38.32991],[-4.83825,38.32717],[-4.8404,38.32427],[-4.84233,38.32171],[-4.84437,38.31898],[-4.8467,38.31585],[-4.8489,38.31291],[-4.8496,38.31015],[-4.85051,38.30659],[-4.85143,38.30292],[-4.85226,38.29958],[-4.85316,38.29606],[-4.8539,38.29315],[-4.85501,38.28874],[-4.85618,38.28413],[-4.85732,38.27962],[-4.85839,38.27533],[-4.8593,38.27179],[-4.86028,38.26788],[-4.8618,38.26191],[-4.86233,38.25977],[-4.86333,38.25584],[-4.86405,38.25298],[-4.86558,38.24697],[-4.86665,38.24265],[-4.86751,38.23929],[-4.86803,38.23719],[-4.86967,38.23389],[-4.87111,38.23096],[-4.87202,38.22916],[-4.87303,38.22712],[-4.87447,38.22421],[-4.87614,38.22082],[-4.87728,38.21854],[-4.87842,38.21624],[-4.88219,38.20863],[-4.88403,38.20495],[-4.8861,38.20074],[-4.8884,38.19593],[-4.89064,38.19149],[-4.89213,38.18851],[-4.89577,38.18121],[-4.89676,38.17917],[-4.90076,38.17115],[-4.90328,38.16604],[-4.90445,38.1634],[-4.90623,38.15935],[-4.90751,38.15653],[-4.90876,38.15371],[-4.91084,38.14897],[-4.91243,38.14536],[-4.91381,38.14227],[-4.91546,38.13852],[-4.91714,38.13485],[-4.91878,38.13098],[-4.92009,38.12809],[-4.92293,38.12465],[-4.92557,38.12145],[-4.9271,38.11957],[-4.92941,38.11681],[-4.93199,38.11368],[-4.93344,38.1119],[-4.93391,38.1113]]}},{"type":"Feature","properties":{"id":"way/1389744646","kind":"overhead","voltageClass":"low","voltageKv":66,"name":null,"circuits":1,"cables":"3","source":"osm"},"geometry":{"type":"LineString","coordinates":[[-6.48999,37.39936],[-6.49013,37.39936]]}},{"type":"Feature","properties":{"id":"way/1389744647","kind":"overhead","voltageClass":"low","voltageKv":66,"name":null,"circuits":1,"cables":"3","source":"osm"},"geometry":{"type":"LineString","coordinates":[[-6.48999,37.39936],[-6.49014,37.39941]]}},{"type":"Feature","properties":{"id":"way/1389744650","kind":"overhead","voltageClass":"unknown","voltageKv":null,"name":null,"circuits":null,"cables":null,"source":"osm"},"geometry":{"type":"LineString","coordinates":[[-6.27518,37.35255],[-6.27737,37.35311]]}},{"type":"Feature","properties":{"id":"way/1389744651","kind":"overhead","voltageClass":"low","voltageKv":66,"name":null,"circuits":1,"cables":"3","source":"osm"},"geometry":{"type":"LineString","coordinates":[[-6.24259,37.36732],[-6.24298,37.36732]]}},{"type":"Feature","properties":{"id":"way/1389744652","kind":"overhead","voltageClass":"low","voltageKv":66,"name":null,"circuits":1,"cables":"3","source":"osm"},"geometry":{"type":"LineString","coordinates":[[-6.24259,37.36732],[-6.24299,37.36738]]}},{"type":"Feature","properties":{"id":"way/1394480016","kind":"overhead","voltageClass":"low","voltageKv":66,"name":"Línea de alta tensión Mochos - Villarrubia","circuits":1,"cables":"3","source":"osm"},"geometry":{"type":"LineString","coordinates":[[-4.97568,37.83773],[-4.97302,37.83854],[-4.96967,37.83953],[-4.96749,37.8402],[-4.96437,37.84114],[-4.96176,37.84192],[-4.95886,37.8428],[-4.95586,37.84371],[-4.9534,37.84445],[-4.95003,37.84545],[-4.94718,37.84631],[-4.9443,37.84719],[-4.94142,37.84806],[-4.93893,37.85004],[-4.93653,37.85063],[-4.93354,37.85137],[-4.93069,37.85207],[-4.92767,37.85281],[-4.92471,37.85354],[-4.92196,37.85422],[-4.91903,37.85494],[-4.91646,37.85557]]}},{"type":"Feature","properties":{"id":"way/1394480029","kind":"underground","voltageClass":"low","voltageKv":15,"name":null,"circuits":null,"cables":null,"source":"osm"},"geometry":{"type":"LineString","coordinates":[[-4.9256,37.84641],[-4.93218,37.84462]]}},{"type":"Feature","properties":{"id":"way/1394498942","kind":"overhead","voltageClass":"low","voltageKv":66,"name":null,"circuits":1,"cables":"3","source":"osm"},"geometry":{"type":"LineString","coordinates":[[-4.8313,37.83765],[-4.83156,37.83736]]}},{"type":"Feature","properties":{"id":"way/1394498943","kind":"overhead","voltageClass":"low","voltageKv":66,"name":null,"circuits":1,"cables":"3","source":"osm"},"geometry":{"type":"LineString","coordinates":[[-4.8313,37.83765],[-4.8315,37.83732]]}},{"type":"Feature","properties":{"id":"way/1394498949","kind":"overhead","voltageClass":"low","voltageKv":66,"name":null,"circuits":2,"cables":"6","source":"osm"},"geometry":{"type":"LineString","coordinates":[[-4.81189,37.85735],[-4.81066,37.85569],[-4.80982,37.8544],[-4.80928,37.85312],[-4.80849,37.85255],[-4.8068,37.85163],[-4.80515,37.85053],[-4.8044,37.85005],[-4.80242,37.84695],[-4.80158,37.84565]]}},{"type":"Feature","properties":{"id":"way/1408732134","kind":"underground","voltageClass":"low","voltageKv":15,"name":null,"circuits":1,"cables":"3","source":"osm"},"geometry":{"type":"LineString","coordinates":[[-4.97678,37.82929],[-4.97905,37.82896]]}},{"type":"Feature","properties":{"id":"way/1414989747","kind":"overhead","voltageClass":"medium","voltageKv":132,"name":null,"circuits":null,"cables":null,"source":"osm"},"geometry":{"type":"LineString","coordinates":[[-6.01968,37.56219],[-6.01968,37.56181],[-6.02017,37.55889],[-6.02071,37.55576],[-6.02214,37.55159],[-6.02358,37.54739],[-6.02465,37.54429],[-6.02689,37.54096],[-6.0283,37.53887],[-6.03244,37.5368],[-6.03688,37.53518],[-6.0403,37.53467],[-6.04428,37.53411],[-6.04705,37.53114],[-6.04874,37.52852],[-6.05045,37.52591],[-6.05505,37.52527],[-6.05965,37.52464],[-6.06299,37.52382],[-6.0671,37.5228],[-6.06854,37.52244],[-6.07025,37.52139],[-6.07255,37.52043],[-6.07442,37.5195],[-6.07628,37.51855],[-6.07805,37.51767]]}},{"type":"Feature","properties":{"id":"way/1442549032","kind":"underground","voltageClass":"low","voltageKv":66,"name":null,"circuits":null,"cables":null,"source":"osm"},"geometry":{"type":"LineString","coordinates":[[-6.2584,37.36241],[-6.25832,37.36355],[-6.25062,37.36574],[-6.25023,37.36585],[-6.24628,37.36695],[-6.24558,37.36705],[-6.24339,37.3675]]}},{"type":"Feature","properties":{"id":"way/1442549033","kind":"overhead","voltageClass":"low","voltageKv":66,"name":null,"circuits":1,"cables":"3","source":"osm"},"geometry":{"type":"LineString","coordinates":[[-6.2085,37.39233],[-6.20943,37.39089],[-6.20982,37.39054],[-6.20992,37.39017],[-6.20981,37.39013],[-6.21009,37.38929],[-6.21078,37.38917],[-6.21213,37.38793],[-6.21232,37.38665],[-6.2129,37.38252],[-6.21334,37.37936],[-6.21359,37.37764],[-6.21384,37.37583],[-6.21407,37.37431],[-6.21438,37.37196],[-6.21465,37.37004],[-6.21485,37.3686]]}},{"type":"Feature","properties":{"id":"way/1442561551","kind":"overhead","voltageClass":"low","voltageKv":66,"name":"Línea de alta tensión Salteras - Sanlúcar la Mayor","circuits":1,"cables":"3","source":"osm"},"geometry":{"type":"LineString","coordinates":[[-6.20497,37.39289],[-6.20506,37.39257]]}},{"type":"Feature","properties":{"id":"way/1442561552","kind":"overhead","voltageClass":"low","voltageKv":66,"name":"Línea de alta tensión Sanlúcar la Mayor - Santiponce","circuits":1,"cables":"3","source":"osm"},"geometry":{"type":"LineString","coordinates":[[-6.20497,37.39289],[-6.20498,37.39255]]}},{"type":"Feature","properties":{"id":"way/1442561566","kind":"overhead","voltageClass":"medium","voltageKv":132,"name":null,"circuits":null,"cables":null,"source":"osm"},"geometry":{"type":"LineString","coordinates":[[-6.0396,37.42486],[-6.03958,37.42474],[-6.03956,37.42462],[-6.03953,37.42438],[-6.03951,37.42427]]}},{"type":"Feature","properties":{"id":"way/1442561567","kind":"overhead","voltageClass":"low","voltageKv":66,"name":"Línea de alta tensión Salteras - Santiponce","circuits":1,"cables":"3","source":"osm"},"geometry":{"type":"LineString","coordinates":[[-6.03876,37.42631],[-6.03943,37.42641]]}},{"type":"Feature","properties":{"id":"way/1442561568","kind":"overhead","voltageClass":"low","voltageKv":66,"name":null,"circuits":1,"cables":"3","source":"osm"},"geometry":{"type":"LineString","coordinates":[[-6.03877,37.42637],[-6.03944,37.42647]]}},{"type":"Feature","properties":{"id":"way/1447179486","kind":"overhead","voltageClass":"medium","voltageKv":132,"name":null,"circuits":null,"cables":null,"source":"osm"},"geometry":{"type":"LineString","coordinates":[[-5.80406,37.42421],[-5.80436,37.424]]}},{"type":"Feature","properties":{"id":"way/1447179487","kind":"overhead","voltageClass":"medium","voltageKv":132,"name":null,"circuits":null,"cables":null,"source":"osm"},"geometry":{"type":"LineString","coordinates":[[-5.80477,37.4234],[-5.80469,37.42379]]}},{"type":"Feature","properties":{"id":"way/1447179488","kind":"overhead","voltageClass":"medium","voltageKv":132,"name":null,"circuits":null,"cables":null,"source":"osm"},"geometry":{"type":"LineString","coordinates":[[-5.80477,37.4234],[-5.8046,37.42371]]}},{"type":"Feature","properties":{"id":"way/1448240980","kind":"overhead","voltageClass":"high","voltageKv":400,"name":null,"circuits":null,"cables":"3","source":"osm"},"geometry":{"type":"LineString","coordinates":[[-6.3978,38.19915],[-6.39809,38.19932],[-6.40078,38.19919],[-6.40291,38.19796],[-6.40723,38.19809],[-6.41284,38.19968],[-6.41701,38.19872],[-6.42285,38.19738],[-6.43045,38.19565],[-6.43494,38.1971],[-6.44003,38.19877],[-6.44309,38.19976],[-6.44743,38.20117],[-6.45058,38.2022],[-6.45466,38.20353],[-6.45764,38.20451],[-6.46268,38.20615],[-6.46763,38.20776],[-6.47083,38.2088],[-6.47413,38.20987],[-6.48142,38.21225],[-6.48758,38.21426],[-6.49389,38.21631],[-6.49883,38.2179],[-6.50355,38.21944],[-6.50898,38.22121],[-6.51283,38.22246],[-6.51718,38.22386],[-6.52145,38.22524],[-6.52478,38.22633],[-6.5294,38.22783],[-6.53317,38.2281],[-6.54244,38.22876],[-6.54703,38.22911],[-6.55063,38.22937],[-6.55507,38.22969],[-6.55872,38.22995],[-6.56319,38.23028],[-6.57203,38.23091],[-6.57681,38.23128],[-6.5808,38.23155],[-6.5861,38.23293],[-6.5904,38.23404],[-6.59119,38.23667],[-6.59081,38.23748],[-6.58973,38.23773]]}},{"type":"Feature","properties":{"id":"way/1448240981","kind":"overhead","voltageClass":"high","voltageKv":400,"name":null,"circuits":null,"cables":null,"source":"osm"},"geometry":{"type":"LineString","coordinates":[[-6.3799,38.19329],[-6.37496,38.19149],[-6.37001,38.19174],[-6.36616,38.19193],[-6.36189,38.19216],[-6.35932,38.19229],[-6.35691,38.19022]]}},{"type":"Feature","properties":{"id":"way/1448240982","kind":"overhead","voltageClass":"high","voltageKv":400,"name":null,"circuits":null,"cables":"3","source":"osm"},"geometry":{"type":"LineString","coordinates":[[-6.397,38.19908],[-6.39631,38.19864],[-6.39324,38.19708]]}},{"type":"Feature","properties":{"id":"way/1448240983","kind":"overhead","voltageClass":"unknown","voltageKv":null,"name":null,"circuits":null,"cables":null,"source":"osm"},"geometry":{"type":"LineString","coordinates":[[-6.33565,38.18563],[-6.33608,38.18568],[-6.3409,38.18501],[-6.34611,38.1836],[-6.34856,38.18294],[-6.3525,38.18284]]}},{"type":"Feature","properties":{"id":"way/1453510408","kind":"overhead","voltageClass":"low","voltageKv":66,"name":null,"circuits":1,"cables":"3","source":"osm"},"geometry":{"type":"LineString","coordinates":[[-6.53089,37.87951],[-6.53082,37.87946]]}},{"type":"Feature","properties":{"id":"way/1453561013","kind":"overhead","voltageClass":"medium","voltageKv":132,"name":"Línea de alta tensión Aeropuerto de Sevilla - Parque Aeronáutico","circuits":1,"cables":"3","source":"osm"},"geometry":{"type":"LineString","coordinates":[[-5.88541,37.4407],[-5.88498,37.44121]]}},{"type":"Feature","properties":{"id":"way/1453561014","kind":"overhead","voltageClass":"medium","voltageKv":132,"name":"Línea de alta tensión Aeropuerto de Sevilla - Parque Aeronáutico","circuits":1,"cables":"3","source":"osm"},"geometry":{"type":"LineString","coordinates":[[-5.8855,37.44076],[-5.88498,37.44121]]}},{"type":"Feature","properties":{"id":"way/1453561015","kind":"overhead","voltageClass":"medium","voltageKv":132,"name":"Línea de alta tensión Aeropuerto de Sevilla - Cross San Jerónimo y Aeropuerto de Sevilla - Parque Aeronáutico","circuits":2,"cables":"6","source":"osm"},"geometry":{"type":"LineString","coordinates":[[-5.88498,37.44121],[-5.88316,37.44241],[-5.87892,37.4434],[-5.87589,37.44411],[-5.87283,37.44482],[-5.87026,37.44679]]}},{"type":"Feature","properties":{"id":"way/1453561026","kind":"underground","voltageClass":"medium","voltageKv":132,"name":"Línea de alta tensión Aeropuerto de Sevilla - Cross San Jerónimo y Cross San Jerónimo - Empalme","circuits":2,"cables":"6","source":"osm"},"geometry":{"type":"LineString","coordinates":[[-5.97108,37.43884],[-5.97267,37.43683],[-5.97645,37.43108],[-5.97531,37.43061],[-5.97515,37.43056],[-5.97501,37.43053],[-5.97321,37.43029],[-5.97328,37.43002]]}},{"type":"Feature","properties":{"id":"way/1453561027","kind":"overhead","voltageClass":"medium","voltageKv":132,"name":"Línea de alta tensión Águila - Calonge y Cross San Jerónimo - Empalme","circuits":2,"cables":"6","source":"osm"},"geometry":{"type":"LineString","coordinates":[[-5.96857,37.44836],[-5.96604,37.45035],[-5.96321,37.4517]]}},{"type":"Feature","properties":{"id":"way/1453561028","kind":"overhead","voltageClass":"medium","voltageKv":132,"name":"Línea de alta tensión Calonge - Santiponce","circuits":1,"cables":"3","source":"osm"},"geometry":{"type":"LineString","coordinates":[[-5.96104,37.41162],[-5.96085,37.41148]]}},{"type":"Feature","properties":{"id":"way/1453561029","kind":"overhead","voltageClass":"medium","voltageKv":132,"name":"Línea de alta tensión Águila - Calonge","circuits":1,"cables":"3","source":"osm"},"geometry":{"type":"LineString","coordinates":[[-5.96104,37.41162],[-5.96079,37.41157]]}},{"type":"Feature","properties":{"id":"way/1454106887","kind":"underground","voltageClass":"low","voltageKv":15,"name":null,"circuits":1,"cables":"3","source":"osm"},"geometry":{"type":"LineString","coordinates":[[-5.97419,37.51694],[-5.97413,37.51868]]}},{"type":"Feature","properties":{"id":"way/1454106888","kind":"underground","voltageClass":"low","voltageKv":15,"name":null,"circuits":1,"cables":"3","source":"osm"},"geometry":{"type":"LineString","coordinates":[[-5.97454,37.51736],[-5.97413,37.51868]]}},{"type":"Feature","properties":{"id":"way/1485775372","kind":"underground","voltageClass":"unknown","voltageKv":null,"name":null,"circuits":null,"cables":null,"source":"osm"},"geometry":{"type":"LineString","coordinates":[[-6.39324,38.19708],[-6.38159,38.19371],[-6.3799,38.19329]]}},{"type":"Feature","properties":{"id":"way/1485775373","kind":"underground","voltageClass":"low","voltageKv":30,"name":null,"circuits":null,"cables":null,"source":"osm"},"geometry":{"type":"LineString","coordinates":[[-6.36468,38.20062],[-6.36473,38.19996],[-6.3636,38.19907],[-6.36381,38.19857],[-6.36471,38.19831],[-6.36594,38.19684],[-6.36759,38.19613],[-6.36926,38.19436],[-6.36984,38.19412],[-6.37329,38.1936],[-6.37354,38.1928],[-6.37559,38.19353],[-6.37719,38.1937],[-6.38362,38.19547],[-6.3886,38.19691],[-6.38947,38.19697],[-6.39054,38.19738],[-6.39135,38.19786],[-6.39304,38.19831],[-6.39565,38.19794],[-6.39673,38.19856]]}},{"type":"Feature","properties":{"id":"way/1487160128","kind":"overhead","voltageClass":"low","voltageKv":15,"name":null,"circuits":1,"cables":"3","source":"osm"},"geometry":{"type":"LineString","coordinates":[[-6.52757,37.37596],[-6.52797,37.37696]]}},{"type":"Feature","properties":{"id":"way/1487160129","kind":"overhead","voltageClass":"low","voltageKv":66,"name":null,"circuits":1,"cables":"3","source":"osm"},"geometry":{"type":"LineString","coordinates":[[-6.52251,37.37774],[-6.52279,37.37724],[-6.52565,37.37647],[-6.52757,37.37596]]}},{"type":"Feature","properties":{"id":"way/1487160131","kind":"overhead","voltageClass":"low","voltageKv":66,"name":null,"circuits":2,"cables":"6","source":"osm"},"geometry":{"type":"LineString","coordinates":[[-6.52757,37.37596],[-6.52949,37.37544],[-6.53192,37.37505],[-6.53423,37.37616],[-6.53716,37.3767],[-6.54025,37.37728],[-6.54402,37.37786],[-6.54545,37.37764],[-6.54767,37.37851],[-6.54854,37.37929]]}},{"type":"Feature","properties":{"id":"way/1487830850","kind":"overhead","voltageClass":"high","voltageKv":400,"name":null,"circuits":1,"cables":"3","source":"osm"},"geometry":{"type":"LineString","coordinates":[[-6.09031,37.63161],[-6.08987,37.63064],[-6.08667,37.6289],[-6.0876,37.62499],[-6.08685,37.62159],[-6.08608,37.61817],[-6.08454,37.61434],[-6.08266,37.60968],[-6.07932,37.60632],[-6.07814,37.60253],[-6.07705,37.59893],[-6.07587,37.59513],[-6.0784,37.59116],[-6.07842,37.58813],[-6.07843,37.58546],[-6.07845,37.58289],[-6.07847,37.58037],[-6.07849,37.57646],[-6.07851,37.57282],[-6.07699,37.57009],[-6.07559,37.56758],[-6.07711,37.56386],[-6.0785,37.56047],[-6.08009,37.55652],[-6.08152,37.55295],[-6.08397,37.55171],[-6.08691,37.54993],[-6.08711,37.5496]]}},{"type":"Feature","properties":{"id":"way/1487830851","kind":"overhead","voltageClass":"high","voltageKv":400,"name":null,"circuits":1,"cables":"3","source":"osm"},"geometry":{"type":"LineString","coordinates":[[-6.09467,37.63637],[-6.09412,37.63593],[-6.09336,37.63542],[-6.09237,37.63462],[-6.09078,37.63272],[-6.09066,37.6322]]}},{"type":"Feature","properties":{"id":"way/1487835522","kind":"overhead","voltageClass":"high","voltageKv":220,"name":null,"circuits":1,"cables":"3","source":"osm"},"geometry":{"type":"LineString","coordinates":[[-6.10222,37.6366],[-6.10301,37.63617],[-6.10275,37.63367],[-6.10249,37.63221],[-6.1022,37.63064],[-6.10193,37.62916],[-6.09939,37.6276],[-6.09816,37.62684],[-6.09641,37.62684],[-6.09406,37.62685],[-6.09102,37.62686],[-6.08885,37.62774],[-6.08515,37.62923],[-6.08093,37.62887],[-6.07644,37.62848],[-6.07366,37.62826],[-6.06721,37.6277],[-6.06531,37.62753],[-6.06166,37.62903],[-6.05735,37.62906],[-6.05559,37.62954],[-6.05251,37.63039],[-6.05058,37.63092],[-6.04693,37.63192],[-6.04299,37.63301],[-6.03934,37.63399],[-6.03403,37.63546],[-6.02866,37.63693],[-6.02451,37.63808],[-6.02067,37.63913],[-6.01652,37.63903],[-6.01285,37.63893],[-6.00835,37.63881],[-6.00332,37.63868],[-6.00017,37.64054],[-5.99599,37.64301],[-5.99224,37.64522],[-5.98912,37.64706],[-5.98537,37.64927],[-5.98156,37.65152],[-5.97906,37.65301],[-5.97433,37.65578],[-5.97141,37.6575],[-5.96786,37.658],[-5.96282,37.6587],[-5.9586,37.6593],[-5.95786,37.65907],[-5.95728,37.65889]]}},{"type":"Feature","properties":{"id":"way/1487835523","kind":"overhead","voltageClass":"high","voltageKv":220,"name":null,"circuits":1,"cables":"3","source":"osm"},"geometry":{"type":"LineString","coordinates":[[-6.10172,37.63689],[-6.10122,37.63712],[-6.10015,37.63767],[-6.09881,37.63758],[-6.09852,37.63734]]}},{"type":"Feature","properties":{"id":"way/1487835526","kind":"overhead","voltageClass":"unknown","voltageKv":null,"name":null,"circuits":null,"cables":null,"source":"osm"},"geometry":{"type":"LineString","coordinates":[[-6.11808,37.54512],[-6.11828,37.54289],[-6.12017,37.54226],[-6.12197,37.54164],[-6.1227,37.53966],[-6.12184,37.53831],[-6.12023,37.53684],[-6.11831,37.53509],[-6.11751,37.53356],[-6.11722,37.5316],[-6.11695,37.52975],[-6.11498,37.5297],[-6.11321,37.52967],[-6.11209,37.5279],[-6.11001,37.52778],[-6.10783,37.52764],[-6.107,37.52608],[-6.10611,37.52442],[-6.10523,37.52277],[-6.10211,37.52171]]}},{"type":"Feature","properties":{"id":"way/1487835527","kind":"overhead","voltageClass":"medium","voltageKv":132,"name":null,"circuits":1,"cables":"3","source":"osm"},"geometry":{"type":"LineString","coordinates":[[-6.09909,37.63442],[-6.09881,37.63423],[-6.10124,37.63238],[-6.10153,37.62947],[-6.10169,37.62785],[-6.10373,37.62504],[-6.10549,37.62261],[-6.10723,37.6202],[-6.10921,37.61745],[-6.11107,37.61489],[-6.11302,37.61219],[-6.1168,37.61007],[-6.12069,37.60787],[-6.12358,37.60625],[-6.12684,37.60441],[-6.12741,37.6012],[-6.12789,37.59854],[-6.12844,37.59539],[-6.12898,37.59238],[-6.12951,37.5894],[-6.12992,37.58705],[-6.1303,37.58492],[-6.12877,37.58274],[-6.12567,37.58156],[-6.12457,37.57869],[-6.1229,37.57434],[-6.12104,37.57169],[-6.11697,37.56901],[-6.11562,37.56581],[-6.11391,37.56174],[-6.11226,37.55784],[-6.11043,37.55349],[-6.11081,37.54964],[-6.11107,37.54691],[-6.1146,37.54529],[-6.11799,37.54524],[-6.1186,37.54524]]}},{"type":"Feature","properties":{"id":"way/1488040446","kind":"overhead","voltageClass":"high","voltageKv":220,"name":null,"circuits":1,"cables":"3","source":"osm"},"geometry":{"type":"LineString","coordinates":[[-5.73656,37.51795],[-5.73579,37.51744]]}},{"type":"Feature","properties":{"id":"way/1488040447","kind":"overhead","voltageClass":"high","voltageKv":220,"name":null,"circuits":1,"cables":"3","source":"osm"},"geometry":{"type":"LineString","coordinates":[[-5.75606,37.5537],[-5.75573,37.55342]]}},{"type":"Feature","properties":{"id":"way/1488040448","kind":"overhead","voltageClass":"high","voltageKv":220,"name":null,"circuits":1,"cables":"3","source":"osm"},"geometry":{"type":"LineString","coordinates":[[-5.62116,37.54864],[-5.62134,37.54868]]}},{"type":"Feature","properties":{"id":"way/1488040450","kind":"overhead","voltageClass":"high","voltageKv":220,"name":null,"circuits":1,"cables":"3","source":"osm"},"geometry":{"type":"LineString","coordinates":[[-5.62052,37.54797],[-5.62004,37.54792],[-5.61998,37.54722],[-5.61989,37.54559],[-5.62037,37.54403],[-5.62066,37.5425],[-5.62113,37.54],[-5.62167,37.53715],[-5.62214,37.53466],[-5.62253,37.53261],[-5.62296,37.53032],[-5.62273,37.52886],[-5.62361,37.52656],[-5.62429,37.5248],[-5.62427,37.52427]]}},{"type":"Feature","properties":{"id":"way/1488040452","kind":"overhead","voltageClass":"high","voltageKv":220,"name":null,"circuits":1,"cables":"3","source":"osm"},"geometry":{"type":"LineString","coordinates":[[-5.62053,37.54809],[-5.62003,37.5481],[-5.61799,37.54845],[-5.61434,37.55014],[-5.61149,37.55252],[-5.60909,37.55357],[-5.6063,37.55478],[-5.60507,37.55766],[-5.60178,37.55946],[-5.59855,37.56122],[-5.59511,37.56232],[-5.5939,37.56234],[-5.59362,37.56233]]}},{"type":"Feature","properties":{"id":"way/1488040453","kind":"overhead","voltageClass":"high","voltageKv":220,"name":null,"circuits":1,"cables":"3","source":"osm"},"geometry":{"type":"LineString","coordinates":[[-5.62099,37.54808],[-5.62132,37.54808],[-5.62134,37.54868]]}},{"type":"Feature","properties":{"id":"way/1488040455","kind":"overhead","voltageClass":"high","voltageKv":220,"name":null,"circuits":1,"cables":"3","source":"osm"},"geometry":{"type":"LineString","coordinates":[[-5.59455,37.542],[-5.5948,37.54217],[-5.59445,37.54228],[-5.59133,37.54025],[-5.58784,37.53762],[-5.58346,37.53545],[-5.58229,37.53487],[-5.58207,37.53473]]}},{"type":"Feature","properties":{"id":"way/1488040456","kind":"overhead","voltageClass":"high","voltageKv":220,"name":null,"circuits":1,"cables":"3","source":"osm"},"geometry":{"type":"LineString","coordinates":[[-5.6206,37.54866],[-5.62026,37.54866],[-5.61944,37.54867],[-5.61638,37.54695],[-5.6142,37.54573],[-5.61117,37.54517],[-5.60798,37.54457],[-5.60363,37.54376],[-5.60087,37.54324],[-5.59756,37.54262],[-5.5948,37.54217],[-5.5947,37.54193]]}},{"type":"Feature","properties":{"id":"way/1488040459","kind":"overhead","voltageClass":"high","voltageKv":220,"name":null,"circuits":1,"cables":"3","source":"osm"},"geometry":{"type":"LineString","coordinates":[[-5.62102,37.55264],[-5.62102,37.55239],[-5.62019,37.54889],[-5.6206,37.5489]]}},{"type":"Feature","properties":{"id":"way/1488040461","kind":"overhead","voltageClass":"high","voltageKv":220,"name":null,"circuits":2,"cables":"6","source":"osm"},"geometry":{"type":"LineString","coordinates":[[-5.75519,37.55693],[-5.75231,37.55905],[-5.75023,37.56089],[-5.74661,37.56215],[-5.74359,37.5632],[-5.73999,37.56446],[-5.73695,37.56551],[-5.73322,37.56681],[-5.72944,37.5668],[-5.72535,37.56679],[-5.7199,37.56705],[-5.71485,37.56715],[-5.7092,37.56725],[-5.70444,37.56734],[-5.69972,37.56742],[-5.69623,37.56801],[-5.69282,37.56835],[-5.68937,37.56874],[-5.68561,37.56947],[-5.68077,37.57041],[-5.67532,37.57108],[-5.67043,37.57168],[-5.66495,37.57234],[-5.66128,37.57279],[-5.65962,37.57017],[-5.65754,37.56645],[-5.65632,37.56428],[-5.65464,37.56125],[-5.65267,37.55774],[-5.65171,37.55604],[-5.65011,37.5532],[-5.64854,37.55039],[-5.64441,37.55014],[-5.64061,37.5499],[-5.63519,37.54956],[-5.63202,37.54936],[-5.62825,37.54912],[-5.62486,37.54891],[-5.62134,37.54868]]}},{"type":"Feature","properties":{"id":"way/1488040462","kind":"overhead","voltageClass":"high","voltageKv":220,"name":null,"circuits":1,"cables":"3","source":"osm"},"geometry":{"type":"LineString","coordinates":[[-5.75816,37.55661],[-5.7581,37.55634],[-5.75542,37.55676],[-5.75519,37.55693]]}},{"type":"Feature","properties":{"id":"way/1488040463","kind":"overhead","voltageClass":"high","voltageKv":220,"name":null,"circuits":1,"cables":"3","source":"osm"},"geometry":{"type":"LineString","coordinates":[[-5.75519,37.55693],[-5.75507,37.5566],[-5.75495,37.55564],[-5.7547,37.5536],[-5.75542,37.55335],[-5.75569,37.55358],[-5.75595,37.55378]]}},{"type":"Feature","properties":{"id":"way/1488040464","kind":"overhead","voltageClass":"high","voltageKv":220,"name":null,"circuits":1,"cables":"3","source":"osm"},"geometry":{"type":"LineString","coordinates":[[-5.74787,37.52605],[-5.74697,37.52489],[-5.74539,37.52471],[-5.74421,37.52378]]}},{"type":"Feature","properties":{"id":"way/1488040465","kind":"overhead","voltageClass":"high","voltageKv":220,"name":null,"circuits":1,"cables":"3","source":"osm"},"geometry":{"type":"LineString","coordinates":[[-5.74787,37.52605],[-5.74687,37.52501],[-5.7453,37.52483],[-5.74421,37.52378]]}},{"type":"Feature","properties":{"id":"way/1488040466","kind":"overhead","voltageClass":"high","voltageKv":220,"name":null,"circuits":1,"cables":"3","source":"osm"},"geometry":{"type":"LineString","coordinates":[[-5.75555,37.54454],[-5.75518,37.54392],[-5.75589,37.54262],[-5.75566,37.54128]]}},{"type":"Feature","properties":{"id":"way/1488040467","kind":"overhead","voltageClass":"high","voltageKv":220,"name":null,"circuits":1,"cables":"3","source":"osm"},"geometry":{"type":"LineString","coordinates":[[-5.75555,37.54454],[-5.75536,37.54392],[-5.75607,37.54263],[-5.75566,37.54128]]}},{"type":"Feature","properties":{"id":"way/1488040469","kind":"overhead","voltageClass":"high","voltageKv":220,"name":null,"circuits":2,"cables":"6","source":"osm"},"geometry":{"type":"LineString","coordinates":[[-5.74421,37.52378],[-5.74151,37.52166],[-5.73903,37.51981],[-5.73656,37.51795]]}},{"type":"Feature","properties":{"id":"way/1488040470","kind":"overhead","voltageClass":"high","voltageKv":220,"name":null,"circuits":2,"cables":"6","source":"osm"},"geometry":{"type":"LineString","coordinates":[[-5.75566,37.54128],[-5.75407,37.53818],[-5.75233,37.5348],[-5.75071,37.53162],[-5.74899,37.52825],[-5.74787,37.52605]]}},{"type":"Feature","properties":{"id":"way/1488040471","kind":"overhead","voltageClass":"high","voltageKv":220,"name":null,"circuits":2,"cables":"6","source":"osm"},"geometry":{"type":"LineString","coordinates":[[-5.75573,37.55342],[-5.75411,37.55207],[-5.75467,37.5491],[-5.75528,37.54589],[-5.75555,37.54454]]}},{"type":"Feature","properties":{"id":"way/1488040472","kind":"overhead","voltageClass":"high","voltageKv":400,"name":null,"circuits":1,"cables":"3","source":"osm"},"geometry":{"type":"LineString","coordinates":[[-5.7568,37.55434],[-5.75712,37.55462],[-5.75721,37.55535],[-5.75739,37.55676],[-5.75778,37.55792],[-5.7584,37.55781]]}},{"type":"Feature","properties":{"id":"way/1488040475","kind":"overhead","voltageClass":"unknown","voltageKv":null,"name":null,"circuits":1,"cables":"3","source":"osm"},"geometry":{"type":"LineString","coordinates":[[-5.86588,37.61675],[-5.86309,37.61292],[-5.86107,37.60943],[-5.85905,37.60598],[-5.85689,37.602],[-5.85471,37.59801],[-5.85037,37.59659],[-5.84566,37.59507],[-5.84124,37.59363],[-5.83638,37.59206],[-5.83157,37.5905],[-5.82658,37.58887],[-5.82186,37.58734],[-5.81799,37.58608],[-5.81424,37.58487],[-5.81165,37.58402],[-5.8085,37.583],[-5.805,37.58187],[-5.80165,37.58078],[-5.79767,37.57949],[-5.79293,37.57794],[-5.78929,37.576],[-5.78565,37.57406],[-5.78186,37.57255],[-5.77804,37.57104],[-5.77608,37.56897],[-5.77293,37.56728],[-5.76991,37.56469],[-5.76574,37.56277],[-5.76163,37.56086],[-5.75751,37.55896],[-5.75409,37.55738],[-5.74873,37.55754],[-5.74366,37.55806],[-5.73881,37.55855],[-5.7339,37.55907],[-5.72903,37.55957],[-5.72457,37.56003],[-5.72011,37.5605],[-5.71537,37.561],[-5.71169,37.56138],[-5.70791,37.56178],[-5.70274,37.56231],[-5.69775,37.56283],[-5.69292,37.56334],[-5.68893,37.56374],[-5.68432,37.56423],[-5.68019,37.56466],[-5.67591,37.56512],[-5.6721,37.56552],[-5.66828,37.56593],[-5.66217,37.56658],[-5.65922,37.56689],[-5.65686,37.56714],[-5.65408,37.56743],[-5.65003,37.56786],[-5.64576,37.56832],[-5.63993,37.56894],[-5.63769,37.56917],[-5.63404,37.57018],[-5.63039,37.57121],[-5.62586,37.57246],[-5.62258,37.57339],[-5.61642,37.57444],[-5.61037,37.57574],[-5.60662,37.57678],[-5.6029,37.57781],[-5.59834,37.57907],[-5.59455,37.58011],[-5.59079,37.58124],[-5.59032,37.5814]]}},{"type":"Feature","properties":{"id":"way/1488396747","kind":"overhead","voltageClass":"high","voltageKv":220,"name":null,"circuits":1,"cables":"3","source":"osm"},"geometry":{"type":"LineString","coordinates":[[-5.16453,37.52928],[-5.16495,37.53197],[-5.16832,37.53445],[-5.16862,37.53791],[-5.16889,37.54091],[-5.16917,37.54406],[-5.16936,37.54624],[-5.16956,37.54844],[-5.1725,37.55008],[-5.17538,37.55168],[-5.17825,37.55328],[-5.18113,37.55487],[-5.184,37.55647],[-5.18417,37.5591],[-5.18433,37.56173],[-5.1845,37.56442],[-5.18467,37.56712],[-5.18484,37.56983],[-5.18656,37.57192],[-5.18829,37.57403],[-5.19009,37.57621],[-5.19011,37.57658]]}},{"type":"Feature","properties":{"id":"way/1488443122","kind":"overhead","voltageClass":"medium","voltageKv":132,"name":null,"circuits":1,"cables":"3","source":"osm"},"geometry":{"type":"LineString","coordinates":[[-5.41928,37.70826],[-5.4194,37.70822],[-5.42068,37.7092],[-5.42233,37.71045],[-5.42512,37.71149],[-5.42781,37.71247],[-5.4305,37.71346],[-5.43323,37.71446],[-5.43555,37.71531],[-5.43559,37.71674],[-5.43563,37.71692]]}},{"type":"Feature","properties":{"id":"way/1488581967","kind":"overhead","voltageClass":"low","voltageKv":66,"name":null,"circuits":1,"cables":"3","source":"osm"},"geometry":{"type":"LineString","coordinates":[[-6.30792,37.29407],[-6.30804,37.29432]]}},{"type":"Feature","properties":{"id":"way/1488581968","kind":"overhead","voltageClass":"low","voltageKv":66,"name":null,"circuits":1,"cables":"3","source":"osm"},"geometry":{"type":"LineString","coordinates":[[-6.30792,37.29407],[-6.30799,37.29436]]}},{"type":"Feature","properties":{"id":"way/1488581969","kind":"overhead","voltageClass":"low","voltageKv":66,"name":null,"circuits":2,"cables":"6","source":"osm"},"geometry":{"type":"LineString","coordinates":[[-6.38173,37.34261],[-6.37963,37.34548],[-6.37676,37.34739],[-6.37345,37.3496],[-6.36872,37.34992],[-6.3656,37.34708],[-6.3626,37.34437],[-6.36145,37.34232],[-6.35998,37.33967],[-6.35868,37.33735],[-6.35721,37.33472],[-6.35361,37.33255],[-6.35088,37.3309],[-6.34768,37.32898],[-6.34374,37.32659],[-6.34232,37.32384],[-6.34094,37.32118],[-6.33958,37.31857],[-6.33833,37.31614],[-6.33666,37.31294],[-6.33532,37.31036],[-6.33392,37.30767],[-6.33224,37.30442],[-6.33006,37.30072],[-6.32836,37.29831],[-6.32507,37.29571],[-6.32151,37.29287],[-6.3179,37.29276],[-6.31483,37.29265],[-6.31218,37.29257],[-6.30831,37.29244],[-6.30792,37.29407]]}},{"type":"Feature","properties":{"id":"way/1488598134","kind":"overhead","voltageClass":"low","voltageKv":66,"name":null,"circuits":1,"cables":"3","source":"osm"},"geometry":{"type":"LineString","coordinates":[[-6.54372,37.27278],[-6.54386,37.27265]]}},{"type":"Feature","properties":{"id":"way/1488598135","kind":"overhead","voltageClass":"low","voltageKv":66,"name":null,"circuits":1,"cables":"3","source":"osm"},"geometry":{"type":"LineString","coordinates":[[-6.54372,37.27278],[-6.5439,37.27269]]}},{"type":"Feature","properties":{"id":"way/1488598136","kind":"overhead","voltageClass":"low","voltageKv":66,"name":null,"circuits":2,"cables":"6","source":"osm"},"geometry":{"type":"LineString","coordinates":[[-6.38337,37.34089],[-6.38626,37.33943],[-6.38996,37.33919],[-6.39347,37.33895],[-6.39774,37.33867],[-6.40213,37.33838],[-6.40561,37.33816],[-6.40898,37.33793],[-6.41304,37.33677],[-6.41587,37.33596],[-6.41982,37.33484],[-6.42248,37.33513],[-6.42347,37.3352],[-6.42524,37.33409],[-6.42688,37.33306],[-6.43042,37.33082],[-6.43306,37.32915],[-6.43563,37.32753],[-6.4392,37.32527],[-6.44234,37.32329],[-6.44644,37.3218],[-6.45047,37.32033],[-6.45447,37.31888],[-6.45858,37.31739],[-6.4619,37.31618],[-6.46436,37.31529],[-6.46686,37.31438],[-6.4695,37.31342],[-6.47194,37.31253],[-6.47576,37.31114],[-6.47975,37.30969],[-6.48376,37.30823],[-6.48748,37.30688],[-6.4918,37.30679],[-6.49592,37.3067],[-6.49894,37.30664],[-6.50338,37.30517],[-6.50746,37.30384],[-6.51109,37.30264],[-6.51512,37.30131],[-6.51906,37.30001],[-6.52315,37.29887],[-6.52667,37.29789],[-6.52925,37.29717],[-6.53266,37.29623],[-6.5337,37.2934],[-6.53475,37.29054],[-6.53583,37.28802],[-6.53682,37.28573],[-6.53786,37.28331],[-6.5378,37.28021],[-6.53694,37.27786],[-6.53971,37.27535],[-6.54173,37.27352],[-6.54372,37.27278]]}},{"type":"Feature","properties":{"id":"way/1488601134","kind":"overhead","voltageClass":"low","voltageKv":66,"name":null,"circuits":1,"cables":"3","source":"osm"},"geometry":{"type":"LineString","coordinates":[[-6.24284,37.36661],[-6.24294,37.36686]]}},{"type":"Feature","properties":{"id":"way/1488601135","kind":"overhead","voltageClass":"low","voltageKv":66,"name":null,"circuits":1,"cables":"3","source":"osm"},"geometry":{"type":"LineString","coordinates":[[-6.24284,37.36661],[-6.24287,37.36687]]}},{"type":"Feature","properties":{"id":"way/1488601136","kind":"overhead","voltageClass":"low","voltageKv":66,"name":null,"circuits":2,"cables":"6","source":"osm"},"geometry":{"type":"LineString","coordinates":[[-6.38222,37.3428],[-6.38024,37.34563],[-6.37736,37.3476],[-6.37406,37.34986],[-6.3716,37.35011],[-6.3679,37.35048],[-6.36417,37.35003],[-6.35994,37.34951],[-6.35522,37.34893],[-6.35139,37.34847],[-6.34716,37.34795],[-6.34261,37.34738],[-6.33716,37.34741],[-6.33374,37.34607],[-6.32911,37.34538],[-6.32455,37.3447],[-6.32222,37.34462],[-6.31852,37.34452],[-6.31455,37.3444],[-6.31171,37.34431],[-6.30849,37.34401],[-6.30503,37.34368],[-6.30122,37.34331],[-6.29766,37.34297],[-6.29324,37.34255],[-6.28897,37.34214],[-6.28451,37.34172],[-6.28218,37.34149],[-6.27754,37.34199],[-6.27731,37.34265],[-6.2762,37.34299],[-6.27273,37.34393],[-6.26803,37.34512],[-6.26455,37.34602],[-6.2603,37.34711],[-6.2558,37.34828],[-6.25129,37.34943],[-6.24976,37.35228],[-6.24815,37.35533],[-6.2466,37.35821],[-6.24511,37.36099],[-6.24216,37.36494],[-6.24284,37.36661]]}},{"type":"Feature","properties":{"id":"way/1488626657","kind":"underground","voltageClass":"low","voltageKv":66,"name":null,"circuits":null,"cables":null,"source":"osm"},"geometry":{"type":"LineString","coordinates":[[-6.25214,37.43173],[-6.25341,37.43284],[-6.25545,37.43427],[-6.2593,37.43532],[-6.26567,37.43809],[-6.2656,37.43977]]}},{"type":"Feature","properties":{"id":"way/1488879003","kind":"overhead","voltageClass":"medium","voltageKv":132,"name":null,"circuits":1,"cables":"3","source":"osm"},"geometry":{"type":"LineString","coordinates":[[-6.18564,37.52963],[-6.18584,37.52964]]}},{"type":"Feature","properties":{"id":"way/1488879004","kind":"overhead","voltageClass":"medium","voltageKv":132,"name":null,"circuits":1,"cables":"3","source":"osm"},"geometry":{"type":"LineString","coordinates":[[-6.18568,37.52954],[-6.18584,37.52964]]}},{"type":"Feature","properties":{"id":"way/1488879012","kind":"overhead","voltageClass":"medium","voltageKv":132,"name":null,"circuits":2,"cables":"6","source":"osm"},"geometry":{"type":"LineString","coordinates":[[-6.18584,37.52964],[-6.18822,37.53018],[-6.1902,37.53183],[-6.19061,37.53237],[-6.19334,37.53309],[-6.19476,37.53499],[-6.19405,37.53602],[-6.19537,37.53723],[-6.19557,37.53737]]}},{"type":"Feature","properties":{"id":"way/1493949517","kind":"overhead","voltageClass":"high","voltageKv":220,"name":null,"circuits":null,"cables":null,"source":"osm"},"geometry":{"type":"LineString","coordinates":[[-5.75799,37.25054],[-5.75771,37.2507],[-5.75513,37.24894],[-5.75177,37.24711],[-5.75062,37.24602],[-5.74777,37.24328],[-5.74379,37.24051],[-5.74149,37.23922],[-5.73915,37.2382],[-5.73937,37.23518],[-5.73638,37.23286],[-5.73339,37.23051],[-5.73068,37.22839],[-5.72739,37.22588],[-5.72431,37.22353],[-5.72049,37.22062],[-5.71809,37.21879],[-5.71527,37.21663],[-5.71243,37.21455],[-5.70939,37.21255],[-5.70669,37.21079],[-5.70467,37.20877],[-5.70242,37.20567],[-5.69887,37.20448],[-5.69546,37.20204],[-5.69726,37.19868],[-5.69907,37.19534],[-5.69571,37.19277],[-5.69233,37.1902],[-5.68916,37.18778],[-5.68961,37.18755]]}},{"type":"Feature","properties":{"id":"way/1493949518","kind":"overhead","voltageClass":"high","voltageKv":220,"name":null,"circuits":null,"cables":null,"source":"osm"},"geometry":{"type":"LineString","coordinates":[[-5.78172,37.2847],[-5.78115,37.28446],[-5.77935,37.28306],[-5.77994,37.27994],[-5.78054,37.27681],[-5.78113,37.27369],[-5.78235,37.27056],[-5.78357,37.26744],[-5.7829,37.26391],[-5.78224,37.26037],[-5.77857,37.2595],[-5.7749,37.25863],[-5.77103,37.25792],[-5.76691,37.25753],[-5.76408,37.25558],[-5.76112,37.25278],[-5.75949,37.25143],[-5.75821,37.2509],[-5.75815,37.25057]]}},{"type":"Feature","properties":{"id":"way/1493949520","kind":"overhead","voltageClass":"high","voltageKv":400,"name":null,"circuits":null,"cables":null,"source":"osm"},"geometry":{"type":"LineString","coordinates":[[-5.78239,37.28471],[-5.78181,37.28456],[-5.78144,37.2843],[-5.78493,37.28235],[-5.7878,37.28074],[-5.79028,37.27975],[-5.79428,37.27817],[-5.79827,37.27659],[-5.80227,37.27501],[-5.80624,37.27344],[-5.81024,37.27185],[-5.8141,37.27033],[-5.81833,37.26866],[-5.82272,37.26691],[-5.82674,37.26531],[-5.83111,37.26425],[-5.83548,37.26318],[-5.8368,37.26025],[-5.83811,37.25734],[-5.83941,37.25444],[-5.84072,37.25153],[-5.8428,37.24791],[-5.84296,37.24763],[-5.84332,37.24696]]}},{"type":"Feature","properties":{"id":"way/1493949521","kind":"overhead","voltageClass":"high","voltageKv":220,"name":null,"circuits":null,"cables":null,"source":"osm"},"geometry":{"type":"LineString","coordinates":[[-5.65968,37.37871],[-5.66009,37.379],[-5.66479,37.37848],[-5.66932,37.37797],[-5.67393,37.37745],[-5.67821,37.37698],[-5.68233,37.37651],[-5.68617,37.37608],[-5.6902,37.37562],[-5.69252,37.37336],[-5.69552,37.37044],[-5.69858,37.36745],[-5.70151,37.3646],[-5.70438,37.36179],[-5.70731,37.35893],[-5.7103,37.35603],[-5.71346,37.35293],[-5.7163,37.35015],[-5.71899,37.34752],[-5.72188,37.3447],[-5.72475,37.34192],[-5.72747,37.33925],[-5.73023,37.33655],[-5.7332,37.33366],[-5.73558,37.33054],[-5.73804,37.32734],[-5.74048,37.32418],[-5.7429,37.32101],[-5.7455,37.31763],[-5.74793,37.31446],[-5.75044,37.31118],[-5.75254,37.30844],[-5.75675,37.30618],[-5.76094,37.30395],[-5.76392,37.30235],[-5.76625,37.29941],[-5.76859,37.29647],[-5.771,37.29342],[-5.77325,37.29058],[-5.77565,37.28755],[-5.77882,37.28577],[-5.78115,37.28446],[-5.78165,37.28479]]}},{"type":"Feature","properties":{"id":"way/1496988914","kind":"underground","voltageClass":"low","voltageKv":30,"name":null,"circuits":2,"cables":null,"source":"osm"},"geometry":{"type":"LineString","coordinates":[[-5.71851,37.265],[-5.7189,37.26422],[-5.7306,37.26405]]}},{"type":"Feature","properties":{"id":"way/1496995268","kind":"underground","voltageClass":"low","voltageKv":30,"name":null,"circuits":5,"cables":null,"source":"osm"},"geometry":{"type":"LineString","coordinates":[[-5.73604,37.25902],[-5.73928,37.25415],[-5.73907,37.25394],[-5.73954,37.25375],[-5.7437,37.24799],[-5.74591,37.2456],[-5.74585,37.24543],[-5.74615,37.24532],[-5.74736,37.24404],[-5.74993,37.24616],[-5.75015,37.24606],[-5.75139,37.24733],[-5.75176,37.24753],[-5.75316,37.24823],[-5.75374,37.24823],[-5.7543,37.24881],[-5.7567,37.25006],[-5.75801,37.24999]]}},{"type":"Feature","properties":{"id":"way/1496995269","kind":"underground","voltageClass":"low","voltageKv":30,"name":null,"circuits":null,"cables":null,"source":"osm"},"geometry":{"type":"LineString","coordinates":[[-5.73015,37.26429],[-5.7306,37.26405]]}},{"type":"Feature","properties":{"id":"way/1497034381","kind":"underground","voltageClass":"low","voltageKv":30,"name":null,"circuits":3,"cables":null,"source":"osm"},"geometry":{"type":"LineString","coordinates":[[-5.7306,37.26405],[-5.73332,37.26401]]}},{"type":"Feature","properties":{"id":"way/1497034382","kind":"underground","voltageClass":"low","voltageKv":30,"name":null,"circuits":1,"cables":null,"source":"osm"},"geometry":{"type":"LineString","coordinates":[[-5.72824,37.27164],[-5.72878,37.27163],[-5.73332,37.26401]]}},{"type":"Feature","properties":{"id":"way/1497056907","kind":"underground","voltageClass":"low","voltageKv":30,"name":null,"circuits":4,"cables":null,"source":"osm"},"geometry":{"type":"LineString","coordinates":[[-5.73332,37.26401],[-5.73375,37.26359],[-5.73537,37.26003],[-5.73604,37.25902]]}},{"type":"Feature","properties":{"id":"way/1497056908","kind":"underground","voltageClass":"low","voltageKv":30,"name":null,"circuits":1,"cables":null,"source":"osm"},"geometry":{"type":"LineString","coordinates":[[-5.73564,37.25903],[-5.73604,37.25902]]}},{"type":"Feature","properties":{"id":"way/1497059884","kind":"underground","voltageClass":"low","voltageKv":30,"name":null,"circuits":null,"cables":null,"source":"osm"},"geometry":{"type":"LineString","coordinates":[[-5.68515,37.18],[-5.68571,37.1799],[-5.68584,37.18065],[-5.68724,37.18264],[-5.68928,37.18558],[-5.68998,37.18655],[-5.69011,37.18653],[-5.69009,37.18689],[-5.69023,37.18722]]}},{"type":"Feature","properties":{"id":"way/1497483551","kind":"overhead","voltageClass":"unknown","voltageKv":null,"name":null,"circuits":null,"cables":null,"source":"osm"},"geometry":{"type":"LineString","coordinates":[[-6.00295,37.62482],[-6.00263,37.62332],[-6.00217,37.62138],[-6.00165,37.61913],[-6.00084,37.61564],[-6.00035,37.61367],[-5.99965,37.61119],[-5.99865,37.60773],[-5.99768,37.60442],[-5.99693,37.60173],[-5.99387,37.59961],[-5.99297,37.59953],[-5.99263,37.5995]]}},{"type":"Feature","properties":{"id":"way/1497483552","kind":"overhead","voltageClass":"unknown","voltageKv":null,"name":null,"circuits":null,"cables":null,"source":"osm"},"geometry":{"type":"LineString","coordinates":[[-5.86588,37.61675],[-5.87192,37.61749],[-5.87812,37.61721],[-5.88262,37.61694],[-5.88871,37.61669],[-5.89127,37.61656],[-5.89656,37.61632],[-5.9011,37.61607],[-5.90451,37.61593],[-5.90686,37.61583],[-5.91194,37.61556],[-5.91793,37.61528],[-5.92281,37.61501],[-5.92813,37.61477],[-5.93354,37.61543],[-5.93677,37.61581],[-5.94094,37.61633],[-5.94493,37.61683],[-5.94899,37.61734],[-5.9545,37.61801],[-5.9594,37.61858],[-5.96436,37.61919],[-5.96991,37.61987],[-5.97229,37.62019],[-5.97849,37.62096],[-5.98169,37.62134],[-5.9851,37.62172],[-5.99092,37.62246],[-5.99475,37.62292],[-5.99785,37.62362]]}},{"type":"Feature","properties":{"id":"way/1497531391","kind":"underground","voltageClass":"low","voltageKv":30,"name":null,"circuits":null,"cables":null,"source":"osm"},"geometry":{"type":"LineString","coordinates":[[-5.71796,37.26502],[-5.71851,37.265]]}},{"type":"Feature","properties":{"id":"way/1497531392","kind":"underground","voltageClass":"low","voltageKv":30,"name":null,"circuits":null,"cables":null,"source":"osm"},"geometry":{"type":"LineString","coordinates":[[-5.71532,37.2707],[-5.71594,37.27042],[-5.71851,37.265]]}},{"type":"Feature","properties":{"id":"way/1541269358","kind":"underground","voltageClass":"unknown","voltageKv":null,"name":null,"circuits":1,"cables":"3","source":"osm"},"geometry":{"type":"LineString","coordinates":[[-6.14927,37.63453],[-6.15151,37.63445]]}}]}