{"type":"FeatureCollection","metadata":{"extractedAt":"2026-08-10T09:44:26.630Z","source":"OpenStreetMap via Overpass API","license":"ODbL 1.0","attribution":"© OpenStreetMap contributors"},"features":[{"type":"Feature","properties":{"id":"way/28207144","kind":"overhead","voltageClass":"high","voltageKv":400,"name":"Línea de alta tensión Arcos de la Frontera - Don Rodrigo 1 y Arcos de la Frontera - Don Rodrigo 2","circuits":2,"cables":"6","source":"osm"},"geometry":{"type":"LineString","coordinates":[[-5.82048,36.67282],[-5.82023,36.67511],[-5.82118,36.67827],[-5.8223,36.68202],[-5.82332,36.68543],[-5.82442,36.68913],[-5.82544,36.69258],[-5.82655,36.69628],[-5.82765,36.69999],[-5.8291,36.70486],[-5.83108,36.71148],[-5.83227,36.71548],[-5.83317,36.71851],[-5.83418,36.72191],[-5.83555,36.7265],[-5.83652,36.72973],[-5.83828,36.73563],[-5.83926,36.73893],[-5.84032,36.74249],[-5.84199,36.74807],[-5.84312,36.75187],[-5.84399,36.75478],[-5.84578,36.7608],[-5.84679,36.76417],[-5.84624,36.76826],[-5.84571,36.77216],[-5.84525,36.7756],[-5.84478,36.77909],[-5.84426,36.78286],[-5.84376,36.78662],[-5.84321,36.79067],[-5.84268,36.79458],[-5.8423,36.79744],[-5.84146,36.80365],[-5.84099,36.80712],[-5.8402,36.81293],[-5.83992,36.81504],[-5.83917,36.82058],[-5.83886,36.82289],[-5.83849,36.82565],[-5.83781,36.83057],[-5.83738,36.8338],[-5.83683,36.83786],[-5.83634,36.84149],[-5.8358,36.8455],[-5.83532,36.84905],[-5.83491,36.85212],[-5.83428,36.85673],[-5.83392,36.85942],[-5.83348,36.86269],[-5.83296,36.86634],[-5.83223,36.87189],[-5.83173,36.87552],[-5.83129,36.87881],[-5.83098,36.88112],[-5.83073,36.88296],[-5.83005,36.88796],[-5.82919,36.89431],[-5.82891,36.89639],[-5.82826,36.90116],[-5.82762,36.90589],[-5.82698,36.91058],[-5.82657,36.91359],[-5.82623,36.91611],[-5.82554,36.92119],[-5.82511,36.92438],[-5.82414,36.92705],[-5.82286,36.93057],[-5.82164,36.93393],[-5.82058,36.93685],[-5.81908,36.94098],[-5.81804,36.94382],[-5.81684,36.94712],[-5.81573,36.9502],[-5.81433,36.95403],[-5.81344,36.95648],[-5.81186,36.96081],[-5.81087,36.96354],[-5.80921,36.96811],[-5.80767,36.97234],[-5.80681,36.9747],[-5.80543,36.97847],[-5.80404,36.98229],[-5.80279,36.98571],[-5.80091,36.99089],[-5.79924,36.99547],[-5.79754,37.00012],[-5.79639,37.00328],[-5.79485,37.0075],[-5.7936,37.01092],[-5.79242,37.01418],[-5.7911,37.01779],[-5.78976,37.02146],[-5.78853,37.02484],[-5.78703,37.02895],[-5.78803,37.03349],[-5.78874,37.03673],[-5.78959,37.04059],[-5.79037,37.04419],[-5.79126,37.04822],[-5.79202,37.05168],[-5.79296,37.05595],[-5.79393,37.06032],[-5.79455,37.06313],[-5.79522,37.06616],[-5.79578,37.06868],[-5.79643,37.07167],[-5.79719,37.0751],[-5.79796,37.07862],[-5.79874,37.08215],[-5.79956,37.08581],[-5.80038,37.08955],[-5.80117,37.09316],[-5.80209,37.09729],[-5.80321,37.10005],[-5.80453,37.10326],[-5.8057,37.10613],[-5.80743,37.11037],[-5.8091,37.11446],[-5.81043,37.11769],[-5.81186,37.12119],[-5.81339,37.12495],[-5.81515,37.12923],[-5.81676,37.13316],[-5.81825,37.13683],[-5.81973,37.14043],[-5.8212,37.14402],[-5.82269,37.14766],[-5.82421,37.15136],[-5.82518,37.15374],[-5.82695,37.15806],[-5.82854,37.16194],[-5.82972,37.16481],[-5.83089,37.16769],[-5.83134,37.17132],[-5.83178,37.17514],[-5.83223,37.17899],[-5.83268,37.18273],[-5.83313,37.18646],[-5.83356,37.19008],[-5.83399,37.19367],[-5.83435,37.19679],[-5.83475,37.20013],[-5.83519,37.20383],[-5.83559,37.2071],[-5.83602,37.21071],[-5.83642,37.21407],[-5.83679,37.21723],[-5.83721,37.2208],[-5.83769,37.22482],[-5.83813,37.22846],[-5.83859,37.23229],[-5.8391,37.23645],[-5.83959,37.24073],[-5.84004,37.24442]]}},{"type":"Feature","properties":{"id":"way/144787733","kind":"overhead","voltageClass":"high","voltageKv":220,"name":null,"circuits":2,"cables":"6","source":"osm"},"geometry":{"type":"LineString","coordinates":[[-5.70131,37.43862],[-5.70003,37.43605],[-5.69843,37.43284],[-5.6969,37.42978],[-5.69543,37.42683],[-5.69388,37.42372],[-5.69169,37.41931],[-5.69196,37.41586],[-5.69232,37.41136],[-5.6926,37.40784],[-5.69293,37.40371],[-5.69321,37.40018],[-5.69352,37.39635],[-5.69384,37.39232],[-5.69415,37.38844],[-5.69448,37.38438],[-5.69478,37.38065],[-5.69509,37.37679],[-5.69817,37.37362],[-5.7003,37.37144],[-5.70319,37.36849],[-5.70575,37.36589],[-5.70834,37.36315],[-5.7112,37.36022],[-5.714,37.3573],[-5.7166,37.3546],[-5.71905,37.35213],[-5.72214,37.34896],[-5.72524,37.34579],[-5.72803,37.34288],[-5.73138,37.33946],[-5.73425,37.3365],[-5.73804,37.33509],[-5.74156,37.33382],[-5.74488,37.33255],[-5.74889,37.33102],[-5.75289,37.32953],[-5.75755,37.32782],[-5.76203,37.32614],[-5.76657,37.32445],[-5.77097,37.32277],[-5.77559,37.32106],[-5.78017,37.31935],[-5.78477,37.31757],[-5.78925,37.3159],[-5.79354,37.31431],[-5.7984,37.31249],[-5.80321,37.31066],[-5.80593,37.30964],[-5.80934,37.30839],[-5.81306,37.30698],[-5.81632,37.30527],[-5.82012,37.30332],[-5.8239,37.30136],[-5.82808,37.2992],[-5.83205,37.29714],[-5.83657,37.2948],[-5.83855,37.29376]]}},{"type":"Feature","properties":{"id":"way/144787734","kind":"overhead","voltageClass":"high","voltageKv":220,"name":"Línea de alta tensión Alcores - Carmona 1 y Alcores - Don Rodrigo","circuits":2,"cables":"6","source":"osm"},"geometry":{"type":"LineString","coordinates":[[-5.85389,37.38709],[-5.84953,37.3873],[-5.84448,37.38754],[-5.83996,37.38775],[-5.83546,37.38796],[-5.83122,37.38868],[-5.82664,37.38946],[-5.82211,37.39127],[-5.81787,37.39295],[-5.814,37.39449],[-5.81125,37.39558],[-5.80794,37.39688],[-5.80448,37.39825],[-5.8,37.40002],[-5.79529,37.40187],[-5.79127,37.40346],[-5.78674,37.40524],[-5.78211,37.40707],[-5.7777,37.4088],[-5.77361,37.41041],[-5.76842,37.41246],[-5.76483,37.41386],[-5.76094,37.41538],[-5.75674,37.41702],[-5.75261,37.41863],[-5.74843,37.42026],[-5.74433,37.42186],[-5.74,37.42355],[-5.73611,37.42506],[-5.73133,37.42693],[-5.72758,37.42839],[-5.72361,37.42994],[-5.71928,37.43162],[-5.71464,37.43343],[-5.71021,37.43515],[-5.70633,37.43666],[-5.7017,37.43847],[-5.70131,37.43862]]}},{"type":"Feature","properties":{"id":"way/144787738","kind":"overhead","voltageClass":"high","voltageKv":400,"name":"Línea de alta tensión Carmona - Don Rodrigo y Don Rodrigo - Guillena","circuits":null,"cables":"6","source":"osm"},"geometry":{"type":"LineString","coordinates":[[-5.84255,37.24725],[-5.84033,37.24838],[-5.83673,37.25049],[-5.83295,37.25273],[-5.8292,37.25494],[-5.82552,37.25711],[-5.82248,37.25888],[-5.81881,37.26105],[-5.81513,37.26323],[-5.81156,37.26533],[-5.80789,37.26748],[-5.80433,37.26961],[-5.8005,37.27182],[-5.79676,37.27402],[-5.79311,37.27619],[-5.79028,37.27892],[-5.78739,37.28184],[-5.78449,37.28473],[-5.78145,37.28777],[-5.77879,37.29036],[-5.77578,37.29336],[-5.77295,37.29618],[-5.77012,37.29897],[-5.76716,37.30192],[-5.7647,37.30438],[-5.76238,37.30665],[-5.75914,37.30982],[-5.75647,37.31251],[-5.75392,37.31505],[-5.75079,37.31815],[-5.74792,37.321],[-5.74483,37.32404],[-5.7415,37.32732],[-5.73837,37.33041],[-5.73538,37.33339],[-5.73277,37.33603],[-5.73,37.3387],[-5.7266,37.34206],[-5.72304,37.34555],[-5.71992,37.34867],[-5.71696,37.35158],[-5.71385,37.35466],[-5.71109,37.3574],[-5.70814,37.36035],[-5.70518,37.36327],[-5.7023,37.3661],[-5.69918,37.36918],[-5.69627,37.37204],[-5.69355,37.37477],[-5.69325,37.3785],[-5.69296,37.38218],[-5.6927,37.38541],[-5.69241,37.38898],[-5.69213,37.39256],[-5.69182,37.39645],[-5.69152,37.40022],[-5.69124,37.40377],[-5.69091,37.40782],[-5.69063,37.41138],[-5.69032,37.41532],[-5.69018,37.41708],[-5.69109,37.41939],[-5.69237,37.42262],[-5.6933,37.42495],[-5.69465,37.42834],[-5.6956,37.43076],[-5.69709,37.43453],[-5.69845,37.43795],[-5.69981,37.44132],[-5.70101,37.44437],[-5.70252,37.44819],[-5.70391,37.45169],[-5.70536,37.45531],[-5.70667,37.45865],[-5.70795,37.46185],[-5.70939,37.4654],[-5.71065,37.46861],[-5.7121,37.47226],[-5.71343,37.4757],[-5.71595,37.47889],[-5.71821,37.48175],[-5.72057,37.48476],[-5.72303,37.48786],[-5.72538,37.49089],[-5.72747,37.49352],[-5.72994,37.49669],[-5.73218,37.49955],[-5.73478,37.50287],[-5.7361,37.50544],[-5.73778,37.50875],[-5.7395,37.51214],[-5.74121,37.51553],[-5.74285,37.51876],[-5.74453,37.52205],[-5.74615,37.52515],[-5.74787,37.52854],[-5.74966,37.53205],[-5.75153,37.53573],[-5.75323,37.5391],[-5.75526,37.54317],[-5.75731,37.54715],[-5.75951,37.55134],[-5.76151,37.55526],[-5.76225,37.55678]]}},{"type":"Feature","properties":{"id":"way/144787739","kind":"overhead","voltageClass":"high","voltageKv":400,"name":"Línea de alta tensión Arcos de la Frontera - Don Rodrigo 2","circuits":1,"cables":"3","source":"osm"},"geometry":{"type":"LineString","coordinates":[[-5.84004,37.24442],[-5.84209,37.24693],[-5.84229,37.24659]]}},{"type":"Feature","properties":{"id":"way/144787740","kind":"overhead","voltageClass":"high","voltageKv":220,"name":"Línea de alta tensión Alcores - Gazules","circuits":2,"cables":"6","source":"osm"},"geometry":{"type":"LineString","coordinates":[[-5.85382,37.3868],[-5.84952,37.38712],[-5.84601,37.38525],[-5.84181,37.38302],[-5.83733,37.38064],[-5.83325,37.37848],[-5.82839,37.37589],[-5.8239,37.37352],[-5.81893,37.37416]]}},{"type":"Feature","properties":{"id":"way/144787741","kind":"overhead","voltageClass":"high","voltageKv":400,"name":"Línea de alta tensión Arcos de la Frontera - Don Rodrigo 1","circuits":1,"cables":"3","source":"osm"},"geometry":{"type":"LineString","coordinates":[[-5.84004,37.24442],[-5.84215,37.24718],[-5.8425,37.24666]]}},{"type":"Feature","properties":{"id":"way/144787742","kind":"overhead","voltageClass":"medium","voltageKv":132,"name":null,"circuits":1,"cables":"3","source":"osm"},"geometry":{"type":"LineString","coordinates":[[-5.80351,37.34653],[-5.80133,37.34321],[-5.8024,37.34051],[-5.8036,37.33747],[-5.80411,37.33579]]}},{"type":"Feature","properties":{"id":"way/144787743","kind":"overhead","voltageClass":"high","voltageKv":220,"name":"Línea de alta tensión Alcores - Gazules","circuits":1,"cables":"3","source":"osm"},"geometry":{"type":"LineString","coordinates":[[-5.85173,37.27919],[-5.84923,37.2806],[-5.84507,37.28311],[-5.84147,37.28529],[-5.83761,37.28764],[-5.83563,37.28885],[-5.83365,37.29004],[-5.82931,37.29267],[-5.82604,37.29466],[-5.82261,37.29674],[-5.81963,37.29854],[-5.81778,37.30209],[-5.81631,37.30484],[-5.81473,37.30783],[-5.81369,37.30978],[-5.81201,37.31297],[-5.81126,37.31528],[-5.81036,37.31806],[-5.80956,37.32054],[-5.80857,37.32362],[-5.80768,37.32637],[-5.80686,37.32889],[-5.80573,37.33232],[-5.80505,37.33444],[-5.80386,37.3381],[-5.80294,37.34095],[-5.80198,37.34385],[-5.80351,37.34653]]}},{"type":"Feature","properties":{"id":"way/144787745","kind":"overhead","voltageClass":"high","voltageKv":220,"name":null,"circuits":2,"cables":"6","source":"osm"},"geometry":{"type":"LineString","coordinates":[[-5.70131,37.43862],[-5.70329,37.44216],[-5.70524,37.44558],[-5.70712,37.44894],[-5.70931,37.45282],[-5.71133,37.45629],[-5.71368,37.46042],[-5.71537,37.46336],[-5.71727,37.46672],[-5.71931,37.47031],[-5.721,37.47336],[-5.72313,37.47705],[-5.72504,37.48042],[-5.72696,37.48382],[-5.72882,37.48708],[-5.73076,37.49046],[-5.73275,37.49389],[-5.7348,37.4975],[-5.73678,37.50118],[-5.73865,37.50469],[-5.74051,37.50814],[-5.74226,37.51138],[-5.744,37.51468],[-5.74606,37.51845],[-5.74802,37.52201],[-5.75013,37.52582],[-5.75191,37.52905],[-5.7538,37.5325],[-5.75565,37.53589],[-5.75744,37.53916],[-5.75943,37.54275],[-5.76131,37.54616],[-5.7629,37.54905],[-5.76359,37.55029],[-5.76241,37.5507],[-5.75834,37.55212],[-5.75782,37.55405],[-5.75832,37.55574],[-5.75854,37.55655]]}},{"type":"Feature","properties":{"id":"way/144787746","kind":"overhead","voltageClass":"high","voltageKv":220,"name":null,"circuits":2,"cables":"6","source":"osm"},"geometry":{"type":"LineString","coordinates":[[-5.75885,37.55649],[-5.75861,37.55568],[-5.75827,37.55451],[-5.75883,37.55245],[-5.76279,37.55107],[-5.76382,37.55071],[-5.76575,37.55428],[-5.76628,37.55524],[-5.77124,37.55638],[-5.77655,37.55765],[-5.78176,37.55889],[-5.78622,37.55996],[-5.78999,37.56086],[-5.794,37.56182],[-5.79879,37.56296],[-5.80412,37.56423],[-5.80913,37.56543],[-5.81345,37.56647],[-5.817,37.56733],[-5.82005,37.56807],[-5.82427,37.56909],[-5.82656,37.56964],[-5.83057,37.57061],[-5.83426,37.5715],[-5.83866,37.57256],[-5.84413,37.57388],[-5.84833,37.5749],[-5.85204,37.57576],[-5.8565,37.57687],[-5.8609,37.57797],[-5.86518,37.57903],[-5.86894,37.57997],[-5.87296,37.58097],[-5.87683,37.58193],[-5.88155,37.58311],[-5.88629,37.58429],[-5.89116,37.5855],[-5.89528,37.58651],[-5.90045,37.58781],[-5.90499,37.58895],[-5.91088,37.5904],[-5.91521,37.59148],[-5.9186,37.59233],[-5.92335,37.59351],[-5.92851,37.59479],[-5.93412,37.59618],[-5.94357,37.59852],[-5.94925,37.59994],[-5.9521,37.60065],[-5.95534,37.60145],[-5.96035,37.6027],[-5.9646,37.60376],[-5.96969,37.60502],[-5.97413,37.60612],[-5.97812,37.6071],[-5.98319,37.60834],[-5.98778,37.60949],[-5.99232,37.61061],[-5.99758,37.61191],[-6.00175,37.61295],[-6.0056,37.61389],[-6.01032,37.61501],[-6.01517,37.61618],[-6.0196,37.61726],[-6.02359,37.61822],[-6.0266,37.61894],[-6.03005,37.61977],[-6.03353,37.62061],[-6.03838,37.62179],[-6.04434,37.62322],[-6.04871,37.62423],[-6.05729,37.62629],[-6.06162,37.62732],[-6.06535,37.62822],[-6.07101,37.62958],[-6.07383,37.63026],[-6.0776,37.63115],[-6.08189,37.63219],[-6.08585,37.63313],[-6.08943,37.63399]]}},{"type":"Feature","properties":{"id":"way/144787748","kind":"overhead","voltageClass":"high","voltageKv":220,"name":"Línea de alta tensión Águila - Calonge y Alcores - Gazules","circuits":2,"cables":"6","source":"osm"},"geometry":{"type":"LineString","coordinates":[[-5.81893,37.37416],[-5.81742,37.37145],[-5.8161,37.36911],[-5.81403,37.36542],[-5.81219,37.36213],[-5.80996,37.35812],[-5.80768,37.35404],[-5.8057,37.35051],[-5.80351,37.34653]]}},{"type":"Feature","properties":{"id":"way/144798099","kind":"overhead","voltageClass":"high","voltageKv":220,"name":"Línea de alta tensión Aljarafe - Don Rodrigo y Don Rodrigo - Quintos","circuits":2,"cables":"6","source":"osm"},"geometry":{"type":"LineString","coordinates":[[-5.96644,37.27412],[-5.96325,37.26441],[-5.96026,37.26263],[-5.95758,37.26104],[-5.95474,37.25935],[-5.95158,37.25663],[-5.94818,37.25371],[-5.9446,37.25063],[-5.941,37.24754],[-5.93759,37.24461],[-5.93384,37.24139],[-5.93017,37.23824],[-5.92475,37.23767],[-5.91916,37.23708],[-5.91411,37.23654],[-5.90982,37.23609],[-5.90537,37.23562],[-5.90041,37.2351],[-5.89624,37.23581],[-5.88944,37.23693],[-5.8842,37.23779],[-5.87864,37.2387],[-5.8734,37.23957],[-5.86795,37.24046],[-5.8618,37.24148],[-5.85577,37.24247],[-5.85184,37.24312],[-5.84519,37.24443]]}},{"type":"Feature","properties":{"id":"way/144798278","kind":"overhead","voltageClass":"high","voltageKv":220,"name":null,"circuits":1,"cables":"3","source":"osm"},"geometry":{"type":"LineString","coordinates":[[-5.93943,37.29624],[-5.94243,37.29424],[-5.9456,37.29224],[-5.94958,37.28967],[-5.95124,37.28861],[-5.95409,37.28564],[-5.95707,37.28251],[-5.95951,37.27996],[-5.96299,37.27631],[-5.96644,37.27412]]}},{"type":"Feature","properties":{"id":"way/144798619","kind":"overhead","voltageClass":"high","voltageKv":220,"name":null,"circuits":null,"cables":"3","source":"osm"},"geometry":{"type":"LineString","coordinates":[[-5.96644,37.27412],[-5.96987,37.27198],[-5.97136,37.27104],[-5.97395,37.2694],[-5.97653,37.26935],[-5.98056,37.26877],[-5.98504,37.26813],[-5.99004,37.26742],[-5.9945,37.26677],[-5.9991,37.26611],[-6.00255,37.26562],[-6.00739,37.26492],[-6.01218,37.26356],[-6.01746,37.26207],[-6.02184,37.26082],[-6.02612,37.2596],[-6.03102,37.25904],[-6.0358,37.25849],[-6.04057,37.25793],[-6.04882,37.25557],[-6.05226,37.25459],[-6.0557,37.25361],[-6.05909,37.2537]]}},{"type":"Feature","properties":{"id":"way/144798624","kind":"overhead","voltageClass":"high","voltageKv":220,"name":null,"circuits":1,"cables":"3","source":"osm"},"geometry":{"type":"LineString","coordinates":[[-6.05909,37.2537],[-6.05571,37.25345]]}},{"type":"Feature","properties":{"id":"way/144798625","kind":"overhead","voltageClass":"high","voltageKv":220,"name":null,"circuits":null,"cables":"6","source":"osm"},"geometry":{"type":"LineString","coordinates":[[-6.05909,37.2537],[-6.06361,37.25394]]}},{"type":"Feature","properties":{"id":"way/144799206","kind":"overhead","voltageClass":"high","voltageKv":220,"name":"Línea de alta tensión Don Rodrigo - Quintos y Entrenúcleos - Quintos","circuits":null,"cables":"6","source":"osm"},"geometry":{"type":"LineString","coordinates":[[-5.94192,37.31412],[-5.94144,37.31606],[-5.9421,37.32007],[-5.94495,37.32345],[-5.94681,37.32569],[-5.95043,37.32749],[-5.95302,37.33073],[-5.95558,37.33391],[-5.95757,37.3364],[-5.95941,37.33869],[-5.95747,37.34176],[-5.95592,37.34421],[-5.95436,37.34668],[-5.95311,37.34864],[-5.95257,37.34919]]}},{"type":"Feature","properties":{"id":"way/144799211","kind":"overhead","voltageClass":"high","voltageKv":220,"name":null,"circuits":null,"cables":"3","source":"osm"},"geometry":{"type":"LineString","coordinates":[[-5.93025,37.30224],[-5.93396,37.30078],[-5.93647,37.29867],[-5.93943,37.29624]]}},{"type":"Feature","properties":{"id":"way/144801452","kind":"overhead","voltageClass":"high","voltageKv":220,"name":null,"circuits":2,"cables":"6","source":"osm"},"geometry":{"type":"LineString","coordinates":[[-5.83855,37.29376],[-5.84054,37.2927],[-5.84515,37.29034],[-5.84903,37.28834],[-5.85346,37.28881],[-5.85786,37.28927],[-5.86295,37.28981]]}},{"type":"Feature","properties":{"id":"way/144801453","kind":"overhead","voltageClass":"high","voltageKv":220,"name":"Línea de alta tensión Cartuja - Don Rodrigo y Don Rodrigo - Dos Hermanas 2","circuits":2,"cables":"6","source":"osm"},"geometry":{"type":"LineString","coordinates":[[-5.84515,37.24471],[-5.84864,37.24603],[-5.85209,37.24731],[-5.85664,37.24902],[-5.86042,37.25043]]}},{"type":"Feature","properties":{"id":"way/144801454","kind":"overhead","voltageClass":"high","voltageKv":220,"name":"Línea de alta tensión Alcores - Don Rodrigo y Don Rodrigo - Dos Hermanas 1","circuits":2,"cables":"6","source":"osm"},"geometry":{"type":"LineString","coordinates":[[-5.84493,37.24531],[-5.84361,37.24804],[-5.84202,37.25143],[-5.84036,37.25495],[-5.83875,37.25837],[-5.83698,37.2621],[-5.83406,37.26822],[-5.83254,37.27146],[-5.83103,37.2747],[-5.82964,37.27763],[-5.83135,37.28071],[-5.83335,37.28431],[-5.83463,37.28663],[-5.83546,37.28812],[-5.83666,37.29035],[-5.83855,37.29376]]}},{"type":"Feature","properties":{"id":"way/144812112","kind":"overhead","voltageClass":"high","voltageKv":220,"name":null,"circuits":3,"cables":"9","source":"osm"},"geometry":{"type":"LineString","coordinates":[[-5.86295,37.28981],[-5.86768,37.2893],[-5.87099,37.28962],[-5.87527,37.29003],[-5.88,37.29045],[-5.88192,37.2906],[-5.88542,37.29203],[-5.88877,37.29339],[-5.89233,37.29431],[-5.89489,37.29497],[-5.898,37.29578],[-5.9017,37.29672],[-5.90395,37.29821]]}},{"type":"Feature","properties":{"id":"way/144812114","kind":"overhead","voltageClass":"high","voltageKv":220,"name":"Línea de alta tensión Alcores - Gazules y Don Rodrigo - Dos Hermanas 2","circuits":2,"cables":"6","source":"osm"},"geometry":{"type":"LineString","coordinates":[[-5.85173,37.27919],[-5.85274,37.27584],[-5.8538,37.27235],[-5.85487,37.26879],[-5.85605,37.26493],[-5.8571,37.26144],[-5.85821,37.25775],[-5.85909,37.25481],[-5.86009,37.25157],[-5.86042,37.25043]]}},{"type":"Feature","properties":{"id":"way/144812117","kind":"overhead","voltageClass":"medium","voltageKv":132,"name":null,"circuits":2,"cables":"6","source":"osm"},"geometry":{"type":"LineString","coordinates":[[-5.90556,37.29777],[-5.90502,37.29699],[-5.90255,37.2959],[-5.89593,37.29297],[-5.89325,37.2918],[-5.89093,37.29076],[-5.88851,37.29051],[-5.88597,37.29026],[-5.88308,37.28993],[-5.88069,37.28992],[-5.87816,37.28991]]}},{"type":"Feature","properties":{"id":"way/144812119","kind":"overhead","voltageClass":"medium","voltageKv":132,"name":null,"circuits":1,"cables":"3","source":"osm"},"geometry":{"type":"LineString","coordinates":[[-5.87294,37.35705],[-5.87268,37.35714]]}},{"type":"Feature","properties":{"id":"way/144812120","kind":"overhead","voltageClass":"medium","voltageKv":132,"name":null,"circuits":1,"cables":"3","source":"osm"},"geometry":{"type":"LineString","coordinates":[[-5.87294,37.35705],[-5.87303,37.35531],[-5.8731,37.35288],[-5.87321,37.35062],[-5.87327,37.34911],[-5.87335,37.34733],[-5.87352,37.34326],[-5.87368,37.33986],[-5.8738,37.33702],[-5.87389,37.33481],[-5.87399,37.33228],[-5.87415,37.32923],[-5.87426,37.32646],[-5.87437,37.32367],[-5.8745,37.32086],[-5.87464,37.31827],[-5.87474,37.31539],[-5.87487,37.31269],[-5.87499,37.31025],[-5.87514,37.30715],[-5.87526,37.30417],[-5.87537,37.30174],[-5.87549,37.29919],[-5.87576,37.29365],[-5.87759,37.29174],[-5.88081,37.29029]]}},{"type":"Feature","properties":{"id":"way/144812121","kind":"overhead","voltageClass":"high","voltageKv":220,"name":null,"circuits":null,"cables":"3","source":"osm"},"geometry":{"type":"LineString","coordinates":[[-5.90707,37.30015],[-5.90585,37.30138],[-5.90349,37.30384],[-5.90136,37.30604],[-5.89955,37.30798],[-5.90019,37.30983],[-5.90136,37.31308],[-5.90195,37.31469],[-5.90114,37.31686],[-5.90034,37.31902],[-5.89635,37.32099],[-5.89642,37.32432],[-5.89646,37.32638],[-5.89652,37.32932],[-5.89656,37.3312],[-5.8966,37.33373],[-5.89665,37.33629],[-5.8967,37.33862],[-5.89676,37.34203],[-5.89681,37.34457],[-5.89688,37.34787],[-5.8954,37.3503],[-5.89373,37.35304],[-5.89244,37.35515],[-5.89059,37.35819],[-5.88958,37.35984],[-5.88836,37.3613],[-5.8876,37.36167]]}},{"type":"Feature","properties":{"id":"way/144812124","kind":"overhead","voltageClass":"high","voltageKv":220,"name":null,"circuits":null,"cables":"3","source":"osm"},"geometry":{"type":"LineString","coordinates":[[-5.90395,37.29821],[-5.90553,37.29984],[-5.9064,37.29949],[-5.90624,37.299],[-5.90574,37.29829]]}},{"type":"Feature","properties":{"id":"way/144812125","kind":"overhead","voltageClass":"high","voltageKv":220,"name":null,"circuits":null,"cables":"3","source":"osm"},"geometry":{"type":"LineString","coordinates":[[-5.90395,37.29821],[-5.90554,37.29972],[-5.90622,37.29944],[-5.90609,37.29907],[-5.90558,37.29837]]}},{"type":"Feature","properties":{"id":"way/144812129","kind":"overhead","voltageClass":"high","voltageKv":220,"name":null,"circuits":null,"cables":"3","source":"osm"},"geometry":{"type":"LineString","coordinates":[[-5.9055,37.29855],[-5.90593,37.29913],[-5.90611,37.29941],[-5.90557,37.29961],[-5.90395,37.29821]]}},{"type":"Feature","properties":{"id":"way/144812132","kind":"overhead","voltageClass":"medium","voltageKv":132,"name":"Línea de alta tensión Alcalá de Guadaíra - Alcores","circuits":1,"cables":"3","source":"osm"},"geometry":{"type":"LineString","coordinates":[[-5.87294,37.35705],[-5.8729,37.35795],[-5.87285,37.35902],[-5.87263,37.36515],[-5.87248,37.36762],[-5.87016,37.37008],[-5.86811,37.37226],[-5.86607,37.37444],[-5.86403,37.37663],[-5.8624,37.37837],[-5.86128,37.37955],[-5.85882,37.38216],[-5.85787,37.38313],[-5.85763,37.38538],[-5.85722,37.38549]]}},{"type":"Feature","properties":{"id":"way/144812134","kind":"overhead","voltageClass":"high","voltageKv":220,"name":"Línea de alta tensión Don Rodrigo - Dos Hermanas 2","circuits":null,"cables":"3","source":"osm"},"geometry":{"type":"LineString","coordinates":[[-5.85173,37.27919],[-5.85409,37.28236],[-5.85652,37.28564],[-5.85842,37.2882],[-5.86295,37.28981]]}},{"type":"Feature","properties":{"id":"way/144812136","kind":"overhead","voltageClass":"medium","voltageKv":132,"name":null,"circuits":2,"cables":"6","source":"osm"},"geometry":{"type":"LineString","coordinates":[[-5.90525,37.29792],[-5.90485,37.29735],[-5.9031,37.29691],[-5.90034,37.29605],[-5.89722,37.29508],[-5.89478,37.29433],[-5.89183,37.2934],[-5.889,37.29252],[-5.88629,37.29167],[-5.88291,37.29061],[-5.88081,37.29029]]}},{"type":"Feature","properties":{"id":"way/144812139","kind":"overhead","voltageClass":"high","voltageKv":220,"name":null,"circuits":null,"cables":"6","source":"osm"},"geometry":{"type":"LineString","coordinates":[[-5.90639,37.29877],[-5.90707,37.30015]]}},{"type":"Feature","properties":{"id":"way/144813616","kind":"overhead","voltageClass":"high","voltageKv":220,"name":"Línea de alta tensión Aljarafe - Don Rodrigo","circuits":1,"cables":"3","source":"osm"},"geometry":{"type":"LineString","coordinates":[[-6.09403,37.34461],[-6.09382,37.34359],[-6.0938,37.34017],[-6.0938,37.33701],[-6.09379,37.33356],[-6.09334,37.33078],[-6.09285,37.32772],[-6.0923,37.32446],[-6.09192,37.32229],[-6.09147,37.31932],[-6.09088,37.31584],[-6.09035,37.31265],[-6.08816,37.30925],[-6.08548,37.30508],[-6.08299,37.30121],[-6.08336,37.29731],[-6.08371,37.29347],[-6.08398,37.29061],[-6.08429,37.28709],[-6.08467,37.28312],[-6.08504,37.27906],[-6.0854,37.27513],[-6.08571,37.2719],[-6.08312,37.2679],[-6.08074,37.26404],[-6.07805,37.26117],[-6.07526,37.25808],[-6.07159,37.25631],[-6.06726,37.25423],[-6.06361,37.25394]]}},{"type":"Feature","properties":{"id":"way/144816057","kind":"overhead","voltageClass":"high","voltageKv":220,"name":"Línea de alta tensión Aljarafe - Santiponce","circuits":1,"cables":"3","source":"osm"},"geometry":{"type":"LineString","coordinates":[[-6.09409,37.34482],[-6.09408,37.3454],[-6.09465,37.34783],[-6.09548,37.35229],[-6.09568,37.35329],[-6.09619,37.35593],[-6.09781,37.35943],[-6.09784,37.36318],[-6.09785,37.36662],[-6.09785,37.3675],[-6.09806,37.36802],[-6.09892,37.37014],[-6.09933,37.37115],[-6.10097,37.37499],[-6.10206,37.3776],[-6.10502,37.38414],[-6.10483,37.38515],[-6.10466,37.38639],[-6.10206,37.38886],[-6.09952,37.3897],[-6.09761,37.39033],[-6.09613,37.39082],[-6.09279,37.39192],[-6.08878,37.39323],[-6.08481,37.39607],[-6.08141,37.39848],[-6.0782,37.40074],[-6.07428,37.40354],[-6.07069,37.40613],[-6.06689,37.40882],[-6.06405,37.41084],[-6.05954,37.4137],[-6.05561,37.41619],[-6.0517,37.41867],[-6.04774,37.42116],[-6.04402,37.42352],[-6.04175,37.42494],[-6.04008,37.42507],[-6.03964,37.42511]]}},{"type":"Feature","properties":{"id":"way/144820508","kind":"overhead","voltageClass":"high","voltageKv":220,"name":null,"circuits":null,"cables":"3","source":"osm"},"geometry":{"type":"LineString","coordinates":[[-6.03977,37.426],[-6.04024,37.42596],[-6.04114,37.42586],[-6.04577,37.42588],[-6.04932,37.42588],[-6.05088,37.4265],[-6.05221,37.42911],[-6.05397,37.43261],[-6.0557,37.43602],[-6.05735,37.43928],[-6.05672,37.44287],[-6.05603,37.44676],[-6.05551,37.44964],[-6.05503,37.45241],[-6.05447,37.45561],[-6.05443,37.45587],[-6.05394,37.45869],[-6.05121,37.4613],[-6.04888,37.46354],[-6.04618,37.46615],[-6.0439,37.46834],[-6.04257,37.46961],[-6.0398,37.47226],[-6.03649,37.47545],[-6.03329,37.47851],[-6.03061,37.4811],[-6.02773,37.48386],[-6.0246,37.48686],[-6.0219,37.48954],[-6.01927,37.49204],[-6.01613,37.49505],[-6.01354,37.49754],[-6.01093,37.50005],[-6.00795,37.50292],[-6.00439,37.50634],[-6.00086,37.50975],[-5.99755,37.51297],[-5.9936,37.51673],[-5.99038,37.51983],[-5.9872,37.5229],[-5.98402,37.52598],[-5.98143,37.52745],[-5.97923,37.52865],[-5.97667,37.53011],[-5.97266,37.53038],[-5.96781,37.5307],[-5.96433,37.53093],[-5.95966,37.53125],[-5.95476,37.53159],[-5.94966,37.53194],[-5.94464,37.53228],[-5.94018,37.53258],[-5.93521,37.53292],[-5.9305,37.53324],[-5.92614,37.53354],[-5.92287,37.53376],[-5.9192,37.534],[-5.91471,37.53369],[-5.90908,37.53329],[-5.90397,37.53293],[-5.9005,37.53269],[-5.89687,37.53243],[-5.89199,37.53208],[-5.88722,37.53309],[-5.88196,37.5342],[-5.87704,37.53523],[-5.87184,37.53633],[-5.86656,37.53744],[-5.8621,37.53842],[-5.85733,37.53919],[-5.85324,37.53985],[-5.84908,37.54054],[-5.84445,37.5413],[-5.84056,37.54194],[-5.83617,37.54266],[-5.83165,37.54341],[-5.82688,37.5442],[-5.82258,37.54491],[-5.81817,37.54563],[-5.81367,37.54638],[-5.80898,37.54715],[-5.80395,37.54798],[-5.79913,37.54878],[-5.79505,37.54945],[-5.79007,37.55027],[-5.786,37.55095],[-5.78109,37.55176],[-5.77631,37.55255],[-5.77186,37.55328],[-5.76787,37.55394],[-5.76575,37.55428],[-5.76379,37.55462],[-5.75874,37.55547],[-5.75906,37.55644]]}},{"type":"Feature","properties":{"id":"way/144820513","kind":"overhead","voltageClass":"high","voltageKv":220,"name":null,"circuits":null,"cables":"6","source":"osm"},"geometry":{"type":"LineString","coordinates":[[-6.03968,37.42538],[-6.04055,37.42531],[-6.04377,37.42501]]}},{"type":"Feature","properties":{"id":"way/144827706","kind":"overhead","voltageClass":"high","voltageKv":220,"name":"Línea de alta tensión Colón - Santiponce 1","circuits":null,"cables":"3","source":"osm"},"geometry":{"type":"LineString","coordinates":[[-6.04377,37.42501],[-6.0477,37.42488],[-6.05209,37.42446],[-6.05774,37.42393],[-6.06201,37.42354],[-6.06763,37.42302],[-6.07164,37.42265],[-6.07642,37.42214],[-6.0808,37.42171],[-6.08531,37.42186],[-6.08843,37.42196],[-6.09533,37.42218],[-6.10018,37.42235],[-6.10429,37.42249],[-6.10857,37.42262],[-6.11364,37.4228],[-6.1163,37.42315],[-6.1167,37.42321],[-6.11993,37.42363],[-6.12512,37.42434],[-6.13016,37.42502],[-6.135,37.42566],[-6.13983,37.42631],[-6.14488,37.42698],[-6.1497,37.42762],[-6.15578,37.42844],[-6.15808,37.42875],[-6.16304,37.42943],[-6.16544,37.42975],[-6.16952,37.43029],[-6.175,37.43105],[-6.17995,37.43171],[-6.18464,37.43235],[-6.18968,37.43305],[-6.19389,37.43363],[-6.19865,37.43421],[-6.2035,37.4348],[-6.20635,37.43515],[-6.20946,37.43552],[-6.21425,37.4361],[-6.21898,37.43668],[-6.22315,37.43717],[-6.22818,37.43703],[-6.23251,37.43679],[-6.2372,37.43655],[-6.24101,37.43634],[-6.24431,37.43617],[-6.24887,37.43593],[-6.25362,37.43568],[-6.25824,37.43545],[-6.26318,37.43518],[-6.26825,37.43493],[-6.27262,37.4347],[-6.27696,37.43448],[-6.28206,37.43421],[-6.28723,37.43394],[-6.29183,37.43371],[-6.29651,37.43346],[-6.301,37.43323],[-6.30566,37.43299],[-6.31039,37.43269],[-6.31509,37.43239],[-6.31981,37.4321],[-6.32464,37.43181],[-6.32918,37.43154],[-6.33396,37.43123],[-6.33804,37.43098],[-6.33994,37.43087],[-6.34372,37.43071],[-6.34957,37.43049],[-6.35449,37.43029],[-6.35748,37.43018],[-6.36222,37.42999],[-6.36701,37.4298],[-6.37002,37.42969],[-6.37331,37.42957],[-6.3795,37.42935],[-6.38248,37.42925],[-6.38695,37.42909],[-6.39202,37.42891],[-6.39631,37.42875],[-6.40114,37.42857],[-6.40533,37.42843],[-6.40979,37.42826],[-6.41227,37.42817],[-6.41752,37.42798],[-6.42307,37.42778],[-6.42605,37.42766],[-6.43183,37.42745],[-6.4377,37.42725],[-6.44333,37.42703],[-6.44901,37.42681],[-6.45373,37.42663],[-6.45715,37.4265],[-6.45983,37.42639],[-6.46477,37.4262],[-6.47015,37.42599],[-6.47446,37.42583],[-6.47801,37.42521],[-6.48104,37.42468],[-6.48481,37.42402],[-6.48891,37.4233],[-6.49288,37.4226],[-6.49653,37.42197],[-6.49998,37.42137],[-6.5032,37.4208],[-6.50614,37.42028],[-6.51012,37.41958],[-6.51494,37.41873],[-6.52002,37.41784],[-6.52529,37.41691],[-6.52996,37.41609],[-6.53482,37.41523],[-6.53947,37.4144],[-6.54399,37.41361],[-6.54831,37.41285],[-6.55324,37.41199],[-6.55767,37.41119],[-6.56254,37.41033],[-6.56685,37.40958],[-6.5716,37.40874],[-6.577,37.40779],[-6.58058,37.40716],[-6.58432,37.4065],[-6.58796,37.40585],[-6.59154,37.40522],[-6.59444,37.40471],[-6.59896,37.40391],[-6.6026,37.40327],[-6.60752,37.4024],[-6.61247,37.40151],[-6.61645,37.40081],[-6.62034,37.39951],[-6.62546,37.3978],[-6.62976,37.39637],[-6.63418,37.3949],[-6.63872,37.39339],[-6.64352,37.39192],[-6.64853,37.3903],[-6.65262,37.38897],[-6.65662,37.38767],[-6.66065,37.38636],[-6.66574,37.3847],[-6.67032,37.3832],[-6.67431,37.3819],[-6.67825,37.38061],[-6.6816,37.37952],[-6.68382,37.37882],[-6.68601,37.37808],[-6.68885,37.37716],[-6.69302,37.37574],[-6.69648,37.37459],[-6.70198,37.37275],[-6.70603,37.3714],[-6.71017,37.37001],[-6.71528,37.3683],[-6.71873,37.36714],[-6.72163,37.36625],[-6.72745,37.36446],[-6.73117,37.36331],[-6.73439,37.36231],[-6.74008,37.36055],[-6.74493,37.35904],[-6.7499,37.3575],[-6.75409,37.3562],[-6.75851,37.35483],[-6.76281,37.35349],[-6.76741,37.35207],[-6.77167,37.35078],[-6.77606,37.34943],[-6.78029,37.34813],[-6.78493,37.34673],[-6.78893,37.3455],[-6.79294,37.34427],[-6.79859,37.34256],[-6.80309,37.34098],[-6.80786,37.33932],[-6.81214,37.33783],[-6.8165,37.33632],[-6.81991,37.33513],[-6.82449,37.33353],[-6.82874,37.33205],[-6.83281,37.33063],[-6.83776,37.3289],[-6.84193,37.32745],[-6.84681,37.32574],[-6.85183,37.32399],[-6.85601,37.32253],[-6.86069,37.3209],[-6.8649,37.31942],[-6.86888,37.31803],[-6.87304,37.31658],[-6.87746,37.31503],[-6.88211,37.31341],[-6.88582,37.31211],[-6.888,37.31022],[-6.88943,37.30897],[-6.89204,37.30672],[-6.8953,37.30389],[-6.8984,37.30119],[-6.9016,37.29843],[-6.90247,37.29459],[-6.90318,37.29143],[-6.90388,37.28832],[-6.90477,37.28444],[-6.90627,37.28064],[-6.90773,37.27694],[-6.90861,37.27468]]}},{"type":"Feature","properties":{"id":"way/144827708","kind":"overhead","voltageClass":"high","voltageKv":220,"name":"Línea de alta tensión Guillena - Santiponce 4","circuits":null,"cables":"3","source":"osm"},"geometry":{"type":"LineString","coordinates":[[-6.16869,37.43195],[-6.16765,37.43559],[-6.1665,37.4396],[-6.16554,37.44297],[-6.16458,37.44633],[-6.16362,37.44969],[-6.16272,37.45282],[-6.16166,37.45655],[-6.16034,37.46119],[-6.15944,37.4643],[-6.1583,37.46829],[-6.15759,37.4708],[-6.15632,37.47524],[-6.15515,37.47932],[-6.15387,37.48382],[-6.15263,37.48813],[-6.15111,37.4934],[-6.14989,37.49769],[-6.14883,37.5014],[-6.14753,37.50595],[-6.14642,37.50987],[-6.14536,37.51356],[-6.14461,37.5162],[-6.14361,37.51966],[-6.14281,37.52248],[-6.14168,37.5264],[-6.14111,37.52843],[-6.13991,37.53258],[-6.139,37.53576],[-6.13777,37.5401],[-6.13703,37.54269],[-6.13616,37.54571],[-6.13524,37.54895],[-6.13462,37.55112],[-6.1335,37.55502],[-6.13312,37.55637],[-6.13069,37.56483],[-6.12692,37.57795],[-6.12591,37.58146],[-6.12407,37.58457],[-6.12183,37.58831],[-6.1201,37.59118],[-6.11139,37.6057],[-6.10985,37.60828],[-6.10915,37.60944],[-6.10735,37.61246],[-6.10548,37.61558],[-6.10234,37.62081],[-6.10032,37.62417],[-6.0979,37.62812],[-6.09729,37.63287],[-6.09857,37.63464],[-6.09944,37.63549],[-6.09972,37.63573],[-6.09982,37.63581],[-6.09992,37.63591]]}},{"type":"Feature","properties":{"id":"way/144827710","kind":"overhead","voltageClass":"high","voltageKv":220,"name":"Línea de alta tensión Casaquemada - Guillena","circuits":null,"cables":"3","source":"osm"},"geometry":{"type":"LineString","coordinates":[[-6.26636,37.43929],[-6.26434,37.43929],[-6.25981,37.43927],[-6.25525,37.43925],[-6.25011,37.43926],[-6.24547,37.43925],[-6.24083,37.43924],[-6.23619,37.43925],[-6.23142,37.43925],[-6.22701,37.43926],[-6.22295,37.43927],[-6.21957,37.43927],[-6.21384,37.43928],[-6.20853,37.43929],[-6.20425,37.4385],[-6.19979,37.43768],[-6.19524,37.43685],[-6.18999,37.4359],[-6.18555,37.43509],[-6.18137,37.43431],[-6.17734,37.43354],[-6.17261,37.43267],[-6.16869,37.43195],[-6.16409,37.43113],[-6.16083,37.43051],[-6.15564,37.42956],[-6.14963,37.42881],[-6.14517,37.42826],[-6.14024,37.42766],[-6.13553,37.42708],[-6.13072,37.42649],[-6.1258,37.42588],[-6.12156,37.42537],[-6.11857,37.42501],[-6.11515,37.42482],[-6.11149,37.4247],[-6.10723,37.42456],[-6.10508,37.42457],[-6.09979,37.42463],[-6.09461,37.42466],[-6.08884,37.42471],[-6.08357,37.42476],[-6.0814,37.42476],[-6.07683,37.42482],[-6.07417,37.42485],[-6.06928,37.4249],[-6.06191,37.42499],[-6.05647,37.42505],[-6.05188,37.42511],[-6.04879,37.42514],[-6.04377,37.42501]]}},{"type":"Feature","properties":{"id":"way/144829168","kind":"overhead","voltageClass":"high","voltageKv":220,"name":null,"circuits":1,"cables":"3","source":"osm"},"geometry":{"type":"LineString","coordinates":[[-6.01276,37.39187],[-6.01516,37.3925],[-6.01853,37.39338],[-6.02035,37.39388],[-6.02109,37.39754],[-6.02159,37.40004],[-6.02234,37.40381],[-6.02289,37.40651],[-6.02365,37.41019],[-6.02416,37.41283],[-6.02482,37.41607],[-6.02517,37.41787],[-6.02771,37.42147],[-6.02952,37.42401],[-6.03038,37.42526],[-6.03136,37.42664],[-6.03375,37.42705],[-6.0372,37.42616],[-6.03825,37.42588],[-6.03932,37.4257],[-6.03972,37.42566]]}},{"type":"Feature","properties":{"id":"way/144829169","kind":"overhead","voltageClass":"high","voltageKv":220,"name":null,"circuits":null,"cables":"3","source":"osm"},"geometry":{"type":"LineString","coordinates":[[-6.02937,37.66638],[-6.02758,37.66693],[-6.02634,37.66544],[-6.02325,37.65957],[-6.02144,37.65609],[-6.02015,37.65366],[-6.01805,37.64971],[-6.01678,37.64726],[-6.01555,37.64491],[-6.01364,37.64131],[-6.01173,37.63767],[-6.00963,37.63368],[-6.00652,37.62778],[-6.00552,37.62583],[-6.00424,37.62338],[-6.00295,37.61872],[-6.00161,37.61393],[-6.00047,37.60985],[-5.99935,37.60586],[-5.99866,37.60336],[-5.99747,37.59914],[-5.9966,37.5961],[-5.9958,37.59312],[-5.9951,37.59069],[-5.9942,37.58725],[-5.99445,37.58522],[-5.99507,37.58103],[-5.9955,37.57805],[-5.99602,37.57456],[-5.99654,37.57089],[-5.99706,37.56717],[-5.9976,37.56357],[-5.99798,37.56089],[-5.99859,37.55682],[-5.99911,37.55334],[-5.99955,37.55015],[-5.99997,37.54714],[-6.0005,37.54356],[-6.00102,37.54003],[-6.00154,37.53635],[-6.00207,37.53279],[-6.00253,37.52958],[-6.003,37.52626],[-6.00354,37.52257],[-6.00438,37.51902],[-6.00521,37.51551],[-6.00601,37.51216],[-6.00681,37.50876],[-6.00755,37.50574],[-6.00836,37.50225],[-6.00922,37.49869],[-6.01001,37.4953],[-6.01077,37.49191],[-6.01162,37.48827],[-6.01244,37.48468],[-6.01318,37.48137],[-6.01383,37.47846],[-6.01441,37.47589],[-6.0152,37.47238],[-6.01607,37.46862],[-6.01686,37.46508],[-6.01751,37.46215],[-6.01821,37.45911],[-6.01892,37.45601],[-6.01963,37.45289],[-6.02044,37.44949],[-6.0212,37.44622],[-6.02204,37.4426],[-6.02274,37.43961],[-6.02486,37.43564],[-6.02659,37.43246],[-6.02552,37.4297],[-6.02435,37.42668],[-6.02364,37.42481],[-6.02276,37.42238],[-6.02139,37.41897],[-6.02123,37.41634],[-6.02101,37.41289],[-6.02078,37.40935],[-6.0206,37.40649],[-6.02041,37.40349],[-6.02016,37.39957],[-6.02004,37.39766],[-6.01982,37.39423],[-6.01838,37.39386],[-6.01503,37.39297],[-6.01264,37.39235]]}},{"type":"Feature","properties":{"id":"way/144830549","kind":"overhead","voltageClass":"high","voltageKv":220,"name":"Línea de alta tensión Dos Hermanas - Mirabal","circuits":1,"cables":"3","source":"osm"},"geometry":{"type":"LineString","coordinates":[[-5.90642,37.29838],[-5.90662,37.29866],[-5.90725,37.29947],[-5.90912,37.29805],[-5.90781,37.29507],[-5.90497,37.29334],[-5.90449,37.29136],[-5.90387,37.2886],[-5.90306,37.28498],[-5.90223,37.28138],[-5.90169,37.27907],[-5.90089,37.27556],[-5.90001,37.27176],[-5.89926,37.26848],[-5.89848,37.26511],[-5.89773,37.26185],[-5.89713,37.25914],[-5.89706,37.25506],[-5.89701,37.25129],[-5.89695,37.2475],[-5.8969,37.24384],[-5.89684,37.24],[-5.89678,37.23619],[-5.89673,37.23207],[-5.89667,37.22818],[-5.8966,37.22403],[-5.89654,37.21997],[-5.89649,37.21615],[-5.89642,37.21165],[-5.89637,37.20769],[-5.89632,37.20387],[-5.89627,37.19996],[-5.8962,37.1958],[-5.89614,37.19206],[-5.89608,37.18801],[-5.89602,37.18422],[-5.89595,37.18022],[-5.89589,37.17613],[-5.89614,37.17219],[-5.89638,37.16828],[-5.89659,37.16499],[-5.89685,37.16097],[-5.89709,37.15713],[-5.89733,37.15335],[-5.89757,37.14962],[-5.8978,37.14599],[-5.898,37.14262],[-5.89822,37.13927],[-5.89845,37.13551],[-5.89869,37.13162],[-5.8989,37.12827],[-5.89912,37.1246],[-5.89935,37.12085],[-5.89959,37.11706],[-5.8998,37.11369],[-5.90001,37.11034],[-5.90023,37.10653],[-5.90047,37.10267],[-5.9007,37.09885],[-5.90093,37.09499],[-5.90114,37.09121],[-5.90138,37.08732],[-5.90159,37.08384],[-5.90176,37.08086],[-5.90197,37.07745],[-5.90219,37.0737],[-5.90242,37.06989],[-5.90263,37.06617],[-5.90286,37.06246],[-5.90307,37.05873],[-5.90322,37.05624],[-5.90337,37.05373],[-5.90354,37.05084],[-5.90372,37.04766],[-5.90451,37.04543],[-5.90582,37.04169],[-5.90712,37.038],[-5.90837,37.03443],[-5.90968,37.0307],[-5.91093,37.02713],[-5.91222,37.02346],[-5.91336,37.0202],[-5.91439,37.01725],[-5.91555,37.01393],[-5.91686,37.01018],[-5.91814,37.00654],[-5.91934,37.00308],[-5.92021,37.00062],[-5.92108,36.99814],[-5.92233,36.99456],[-5.9234,36.9915],[-5.92444,36.98844],[-5.92566,36.98489],[-5.92701,36.98095],[-5.92839,36.97691],[-5.92955,36.97351],[-5.93092,36.96954],[-5.93214,36.96602],[-5.93323,36.96284],[-5.93396,36.95944],[-5.93472,36.9559],[-5.93535,36.95295],[-5.93626,36.94864],[-5.93724,36.94408],[-5.93778,36.94155],[-5.93856,36.9379],[-5.93954,36.93334],[-5.94044,36.92913],[-5.94112,36.92593],[-5.94194,36.92208],[-5.94275,36.91831],[-5.9434,36.91522],[-5.94423,36.91133],[-5.94485,36.90842],[-5.94548,36.90546],[-5.94682,36.90252],[-5.94873,36.89834],[-5.9501,36.89532],[-5.95243,36.89022],[-5.95378,36.88725],[-5.95555,36.88336],[-5.95778,36.87845],[-5.95892,36.87595],[-5.96043,36.87264],[-5.96158,36.87011],[-5.96316,36.86664],[-5.96523,36.86204],[-5.96668,36.85886],[-5.96834,36.8552],[-5.96971,36.85218],[-5.97149,36.84827],[-5.97296,36.84501],[-5.97477,36.84103],[-5.97667,36.83682],[-5.97826,36.83333],[-5.97952,36.83052],[-5.98115,36.82689],[-5.98263,36.82359],[-5.98441,36.81964],[-5.98609,36.81588],[-5.98771,36.81224],[-5.98926,36.8088],[-5.99082,36.80533],[-5.9924,36.80182],[-5.9942,36.7978],[-5.99571,36.79443],[-5.99696,36.79017],[-5.99785,36.78714],[-5.99898,36.78331],[-6.00001,36.7798],[-6.00081,36.77708],[-6.00173,36.77387],[-6.00281,36.77019],[-6.00403,36.76611],[-6.00493,36.76304],[-6.00615,36.75886],[-6.0085,36.75447],[-6.01,36.7517],[-6.01183,36.7483],[-6.01189,36.74524],[-6.01195,36.74242],[-6.012,36.73956],[-6.01306,36.736],[-6.01437,36.73157],[-6.01561,36.72741],[-6.01677,36.72349],[-6.01773,36.72028],[-6.01895,36.71615],[-6.01988,36.71299],[-6.02084,36.70978],[-6.02153,36.70745],[-6.02261,36.70373],[-6.02414,36.69856],[-6.02481,36.69633],[-6.02558,36.69373],[-6.0264,36.69199],[-6.02723,36.69022]]}},{"type":"Feature","properties":{"id":"way/144831340","kind":"overhead","voltageClass":"high","voltageKv":220,"name":null,"circuits":null,"cables":"3","source":"osm"},"geometry":{"type":"LineString","coordinates":[[-5.90707,37.30015],[-5.90872,37.30099],[-5.91172,37.30134],[-5.91654,37.30189],[-5.92171,37.30247],[-5.92558,37.30292],[-5.93025,37.30224]]}},{"type":"Feature","properties":{"id":"way/145643797","kind":"overhead","voltageClass":"medium","voltageKv":132,"name":null,"circuits":2,"cables":"6","source":"osm"},"geometry":{"type":"LineString","coordinates":[[-5.98441,37.41777],[-5.98501,37.41783],[-5.98721,37.41874],[-5.98988,37.42011],[-5.9927,37.42375]]}},{"type":"Feature","properties":{"id":"way/151492679","kind":"overhead","voltageClass":"medium","voltageKv":132,"name":"Línea de alta tensión Aeropuerto de Sevilla - Cross San Jerónimo","circuits":1,"cables":"3","source":"osm"},"geometry":{"type":"LineString","coordinates":[[-5.96229,37.45194],[-5.96006,37.45262],[-5.95853,37.45338],[-5.95687,37.4542],[-5.95363,37.45582],[-5.95045,37.45741],[-5.94748,37.4589],[-5.94528,37.46068],[-5.9432,37.46238],[-5.94153,37.46374],[-5.93931,37.46553],[-5.93704,37.4674],[-5.93473,37.46927],[-5.93159,37.46908],[-5.92844,37.46888],[-5.92545,37.46869],[-5.92271,37.46723],[-5.91996,37.46576],[-5.91723,37.46429],[-5.91451,37.46284],[-5.91188,37.46144],[-5.90929,37.46005],[-5.90617,37.4591],[-5.90308,37.45815],[-5.90002,37.45723],[-5.89677,37.45622],[-5.89363,37.45528],[-5.89055,37.45434],[-5.88743,37.45339],[-5.88436,37.45246],[-5.88119,37.45149],[-5.87811,37.45055],[-5.87505,37.44961],[-5.87211,37.44872],[-5.87026,37.44679]]}},{"type":"Feature","properties":{"id":"way/151492680","kind":"overhead","voltageClass":"medium","voltageKv":132,"name":"Línea de alta tensión Itálica - Santiponce","circuits":1,"cables":"3","source":"osm"},"geometry":{"type":"LineString","coordinates":[[-6.06549,37.46186],[-6.06464,37.45881],[-6.06384,37.45594],[-6.06292,37.4527],[-6.06201,37.44943],[-6.06134,37.44706],[-6.06155,37.44427],[-6.06174,37.44147],[-6.06203,37.43753],[-6.06223,37.43475],[-6.0625,37.43109],[-6.06271,37.42799],[-6.06219,37.42497],[-6.06188,37.42354],[-6.06053,37.42266],[-6.05721,37.42305],[-6.05312,37.42354],[-6.04848,37.42389],[-6.04456,37.42416],[-6.04043,37.42453],[-6.03956,37.42462]]}},{"type":"Feature","properties":{"id":"way/164823723","kind":"overhead","voltageClass":"high","voltageKv":220,"name":null,"circuits":2,"cables":"6","source":"osm"},"geometry":{"type":"LineString","coordinates":[[-6.0635,37.4806],[-6.06521,37.48089],[-6.0665,37.4811],[-6.06913,37.48154]]}},{"type":"Feature","properties":{"id":"way/170424453","kind":"overhead","voltageClass":"high","voltageKv":400,"name":"Línea de alta tensión Guillena - Puebla de Guzmán","circuits":2,"cables":"6","source":"osm"},"geometry":{"type":"LineString","coordinates":[[-7.23973,37.54816],[-7.2383,37.54868],[-7.23324,37.54852],[-7.22933,37.54674],[-7.22461,37.54458],[-7.21964,37.54232],[-7.21543,37.5404],[-7.21091,37.53832],[-7.20628,37.53719],[-7.20215,37.53617],[-7.19797,37.53514],[-7.19424,37.53423],[-7.19152,37.53233],[-7.18757,37.52962],[-7.18354,37.52681],[-7.17982,37.52425],[-7.17683,37.52215],[-7.17466,37.52066],[-7.17162,37.51987],[-7.16771,37.51885],[-7.16231,37.51744],[-7.1585,37.51644],[-7.15542,37.51619],[-7.15151,37.51586],[-7.1466,37.51543],[-7.14158,37.515],[-7.13703,37.51461],[-7.13359,37.5136],[-7.12704,37.51165],[-7.12247,37.508],[-7.11884,37.50517],[-7.1167,37.50194],[-7.11484,37.49903],[-7.11238,37.49534],[-7.10982,37.4915],[-7.10805,37.48883],[-7.10547,37.48498],[-7.10332,37.48168],[-7.10058,37.47756],[-7.09861,37.4746],[-7.09682,37.47191],[-7.09447,37.46837],[-7.09245,37.46535],[-7.08784,37.46416],[-7.08333,37.46299],[-7.07977,37.46209],[-7.076,37.46111],[-7.07033,37.45967],[-7.06566,37.45846],[-7.06187,37.45751],[-7.05903,37.45512],[-7.05541,37.45216],[-7.0521,37.44941],[-7.0476,37.44576],[-7.04346,37.4423],[-7.04023,37.43963],[-7.03685,37.43686],[-7.03383,37.43437],[-7.0307,37.43181],[-7.02764,37.42929],[-7.02265,37.42816],[-7.01883,37.42729],[-7.01439,37.42632],[-7.00981,37.4253],[-7.00565,37.42436],[-7.00084,37.42325],[-6.99568,37.42209],[-6.99224,37.42132],[-6.98785,37.42033],[-6.98386,37.41944],[-6.97878,37.41829],[-6.97326,37.41705],[-6.96703,37.41564],[-6.96231,37.41457],[-6.95748,37.41346],[-6.95283,37.41244],[-6.9481,37.41135],[-6.94366,37.41035],[-6.94005,37.40954],[-6.93618,37.40867],[-6.93157,37.40664],[-6.92686,37.40457],[-6.92181,37.40235],[-6.91675,37.40015],[-6.91301,37.39847],[-6.90798,37.39629],[-6.90379,37.39445],[-6.90089,37.39313],[-6.8984,37.38989],[-6.89584,37.38654],[-6.89348,37.38334],[-6.8905,37.37946],[-6.88838,37.37667],[-6.88602,37.37354],[-6.88337,37.36994],[-6.87927,37.36791],[-6.87607,37.36629],[-6.8736,37.36497],[-6.86915,37.36371],[-6.86449,37.36239],[-6.8598,37.36101],[-6.85486,37.35958],[-6.85161,37.3586],[-6.84658,37.35845],[-6.84042,37.35827],[-6.83558,37.35813],[-6.83012,37.35795],[-6.82627,37.35824],[-6.82301,37.35886],[-6.81827,37.3597],[-6.81289,37.36062],[-6.80828,37.3614],[-6.80384,37.36216],[-6.79876,37.36302],[-6.79417,37.36426],[-6.79009,37.36511],[-6.78622,37.36709],[-6.78338,37.36854],[-6.77999,37.3703],[-6.7756,37.37055],[-6.77054,37.37084],[-6.76497,37.37116],[-6.75952,37.37208],[-6.75418,37.37299],[-6.74994,37.37497],[-6.74412,37.37557],[-6.74038,37.37596],[-6.73552,37.37746],[-6.73134,37.37878],[-6.72699,37.38016],[-6.72263,37.38152],[-6.71797,37.38299],[-6.71268,37.38465],[-6.70835,37.38602],[-6.7029,37.38773],[-6.69813,37.38923],[-6.69469,37.39032],[-6.68862,37.39138],[-6.68448,37.39211],[-6.68055,37.3928],[-6.67725,37.39338],[-6.67364,37.39559],[-6.67003,37.39785],[-6.66633,37.40014],[-6.66201,37.40282],[-6.65913,37.40461],[-6.65484,37.40727],[-6.65043,37.41],[-6.64727,37.41196],[-6.64329,37.41446],[-6.64034,37.41628],[-6.63765,37.41795],[-6.63279,37.41926],[-6.62767,37.42063],[-6.62367,37.42168],[-6.61922,37.42076],[-6.61518,37.4199],[-6.60947,37.41864],[-6.60469,37.41934],[-6.59968,37.42007],[-6.5944,37.42083],[-6.58896,37.42162],[-6.58509,37.42216],[-6.58015,37.42288],[-6.57521,37.42359],[-6.56963,37.4244],[-6.56556,37.42499],[-6.56162,37.42554],[-6.55636,37.42675],[-6.55168,37.42782],[-6.54692,37.42891],[-6.54258,37.42991],[-6.53725,37.43114],[-6.53197,37.43235],[-6.52688,37.43351],[-6.52188,37.43467],[-6.51737,37.43568],[-6.51234,37.43647],[-6.50728,37.43724],[-6.50224,37.43801],[-6.49713,37.43878],[-6.49184,37.4396],[-6.48643,37.44042],[-6.48128,37.4412],[-6.47553,37.44207],[-6.47166,37.44266],[-6.4656,37.44358],[-6.46052,37.44435],[-6.45617,37.44501],[-6.45155,37.44571],[-6.44723,37.44636],[-6.44338,37.44694],[-6.43893,37.44762],[-6.43318,37.44849],[-6.4284,37.44921],[-6.42314,37.45001],[-6.41782,37.45082],[-6.41365,37.45145],[-6.41071,37.45189],[-6.40743,37.45279],[-6.40301,37.45401],[-6.39758,37.45549],[-6.39233,37.45694],[-6.38802,37.45812],[-6.38455,37.45907],[-6.38003,37.46031],[-6.37626,37.46135],[-6.3722,37.46247],[-6.36776,37.46369],[-6.36267,37.46509],[-6.35866,37.46631],[-6.35415,37.46768],[-6.34998,37.46895],[-6.34429,37.47068],[-6.33969,37.47208],[-6.33393,37.47383],[-6.33305,37.47604],[-6.3315,37.47984],[-6.32979,37.48406],[-6.32835,37.48763],[-6.32699,37.49094],[-6.32569,37.49413],[-6.32403,37.49818],[-6.32296,37.50086],[-6.32185,37.50361],[-6.32167,37.50684],[-6.32145,37.51069],[-6.32121,37.5139],[-6.32108,37.51692],[-6.32087,37.52097],[-6.32072,37.5235],[-6.32053,37.52693],[-6.31728,37.53085],[-6.31253,37.53659],[-6.30864,37.5414],[-6.30222,37.54601],[-6.29696,37.54869],[-6.29464,37.54987],[-6.29075,37.55191],[-6.28791,37.55434],[-6.28413,37.55764],[-6.27866,37.56071],[-6.27509,37.56278],[-6.27152,37.56412],[-6.26781,37.5655],[-6.26117,37.56798],[-6.2565,37.56973],[-6.25192,37.57144],[-6.24567,37.57379],[-6.23946,37.5761],[-6.23506,37.57773],[-6.22995,37.57969],[-6.22382,37.58124],[-6.21783,37.58277],[-6.21274,37.58409],[-6.20862,37.58516],[-6.20022,37.58736],[-6.196,37.58845],[-6.19213,37.58944],[-6.1867,37.59083],[-6.18394,37.59153],[-6.17902,37.59279],[-6.17515,37.59381],[-6.17223,37.59458],[-6.16679,37.59528],[-6.16277,37.5958],[-6.15812,37.5964],[-6.15366,37.59697],[-6.14922,37.59754],[-6.14594,37.59796],[-6.14036,37.5987],[-6.13688,37.59916],[-6.13458,37.60155],[-6.13169,37.60469],[-6.12855,37.60794],[-6.12578,37.61085],[-6.123,37.61374],[-6.11979,37.6169],[-6.1175,37.61928],[-6.11394,37.6231],[-6.1119,37.62524],[-6.10855,37.62877],[-6.10586,37.63143],[-6.10528,37.63146],[-6.10037,37.63156],[-6.09671,37.63249]]}},{"type":"Feature","properties":{"id":"way/170425856","kind":"overhead","voltageClass":"high","voltageKv":220,"name":null,"circuits":2,"cables":"6","source":"osm"},"geometry":{"type":"LineString","coordinates":[[-6.0635,37.4806],[-6.06292,37.47571],[-6.06253,37.47244],[-6.0621,37.46875],[-6.06147,37.46347],[-6.06099,37.45935],[-6.06053,37.45551],[-6.05992,37.45034],[-6.05946,37.44648],[-6.05897,37.44231],[-6.05851,37.43849],[-6.05812,37.43515],[-6.05775,37.43199],[-6.05493,37.42952],[-6.05125,37.42631],[-6.04909,37.42554],[-6.04428,37.42558],[-6.04109,37.42561],[-6.04019,37.42564]]}},{"type":"Feature","properties":{"id":"way/181664115","kind":"overhead","voltageClass":"high","voltageKv":400,"name":null,"circuits":2,"cables":"6","source":"osm"},"geometry":{"type":"LineString","coordinates":[[-5.76225,37.55678],[-5.76359,37.55942],[-5.76749,37.56173],[-5.77104,37.56383],[-5.77377,37.56545],[-5.77697,37.56735],[-5.78031,37.56933],[-5.78392,37.57147],[-5.78736,37.57351],[-5.79028,37.57524],[-5.79345,37.57712],[-5.79748,37.57844],[-5.80163,37.57979],[-5.80449,37.58071],[-5.80719,37.5816],[-5.81143,37.58297],[-5.81622,37.58453],[-5.82129,37.58618],[-5.82672,37.58794],[-5.83136,37.58944],[-5.83661,37.59115],[-5.84204,37.59291],[-5.84717,37.59458],[-5.8524,37.59628],[-5.85666,37.59768],[-5.86114,37.59912],[-5.86652,37.60087],[-5.87227,37.6027],[-5.87666,37.60336],[-5.88186,37.60416],[-5.88616,37.60481],[-5.89036,37.60548],[-5.89489,37.60615],[-5.89988,37.60691],[-5.90367,37.6075],[-5.90685,37.60801],[-5.91089,37.60861],[-5.91514,37.60927],[-5.91979,37.60998],[-5.92416,37.61066],[-5.92906,37.61141],[-5.93313,37.61203],[-5.93846,37.61283],[-5.94127,37.61326],[-5.94528,37.61387],[-5.94994,37.61459],[-5.9567,37.61562],[-5.96151,37.61636],[-5.96472,37.61683],[-5.97003,37.61763],[-5.97307,37.6181],[-5.97874,37.61889],[-5.9812,37.61925],[-5.98609,37.61993],[-5.98967,37.62043],[-5.99297,37.62088],[-5.99874,37.62169],[-6.00567,37.62267],[-6.01143,37.62346],[-6.01647,37.62416],[-6.0225,37.62499],[-6.02719,37.62566],[-6.0318,37.6263],[-6.03696,37.62702],[-6.04027,37.6275],[-6.0453,37.6282],[-6.0486,37.62867],[-6.0583,37.63],[-6.06144,37.63044],[-6.06621,37.6311],[-6.0727,37.63199],[-6.0768,37.63256],[-6.08063,37.6331],[-6.08588,37.63384],[-6.09048,37.63454]]}},{"type":"Feature","properties":{"id":"way/181664116","kind":"overhead","voltageClass":"high","voltageKv":400,"name":null,"circuits":null,"cables":"6","source":"osm"},"geometry":{"type":"LineString","coordinates":[[-5.75998,37.55742],[-5.76055,37.55733],[-5.76225,37.55678]]}},{"type":"Feature","properties":{"id":"way/181664118","kind":"overhead","voltageClass":"high","voltageKv":220,"name":null,"circuits":null,"cables":"3","source":"osm"},"geometry":{"type":"LineString","coordinates":[[-5.7583,37.55658],[-5.75809,37.55558],[-5.75444,37.55618],[-5.74985,37.55701],[-5.74531,37.55746],[-5.74034,37.55795],[-5.73551,37.55842],[-5.73056,37.55891],[-5.72561,37.55939],[-5.71997,37.55995],[-5.71581,37.56036],[-5.71187,37.56074],[-5.70845,37.56108],[-5.70327,37.56159],[-5.69825,37.56209],[-5.69327,37.56259],[-5.68857,37.56305],[-5.68383,37.56353],[-5.67929,37.56398],[-5.67423,37.56449],[-5.67,37.56491],[-5.66723,37.56518],[-5.66169,37.56574],[-5.65813,37.56609],[-5.65457,37.56645],[-5.65024,37.56688],[-5.64687,37.56721],[-5.64388,37.56751],[-5.63744,37.56816],[-5.63431,37.56894],[-5.63084,37.56981],[-5.62613,37.57099],[-5.62176,37.57209],[-5.61735,37.5732],[-5.61281,37.57433],[-5.60788,37.57557],[-5.60194,37.57706],[-5.59759,37.57815],[-5.59157,37.58027],[-5.58739,37.58177],[-5.58274,37.58343],[-5.57868,37.58488],[-5.57386,37.58661],[-5.56866,37.58847],[-5.56566,37.58954],[-5.562,37.59085],[-5.5567,37.59275],[-5.55253,37.59424],[-5.54668,37.59435],[-5.54206,37.59798],[-5.53935,37.59894],[-5.53574,37.60023],[-5.53096,37.60194],[-5.52739,37.60321],[-5.52388,37.60447],[-5.51914,37.60616],[-5.51419,37.60793],[-5.51057,37.60922],[-5.50619,37.61079],[-5.50242,37.61214],[-5.49757,37.61387],[-5.49334,37.61538],[-5.48972,37.61509],[-5.4861,37.6148],[-5.47993,37.61431],[-5.47492,37.61391],[-5.47023,37.61503],[-5.46676,37.61586],[-5.46167,37.61708],[-5.45624,37.61838],[-5.45048,37.61975],[-5.44413,37.6204],[-5.43806,37.62103],[-5.43278,37.62157],[-5.42773,37.62208],[-5.42173,37.62269],[-5.41771,37.62357],[-5.41393,37.62439],[-5.4107,37.62509],[-5.40514,37.6263],[-5.4011,37.62718],[-5.39428,37.62867],[-5.39074,37.62944],[-5.38596,37.63048],[-5.38175,37.63139],[-5.37734,37.63235],[-5.37264,37.63337],[-5.36761,37.63445],[-5.36275,37.63549],[-5.35788,37.63654],[-5.35381,37.63741],[-5.347,37.63887],[-5.34405,37.6395],[-5.34326,37.63967],[-5.33929,37.64052],[-5.33409,37.64164],[-5.32848,37.64284],[-5.3262,37.64333],[-5.32333,37.64395],[-5.31849,37.64505],[-5.31402,37.64607],[-5.30973,37.64705],[-5.30525,37.64807],[-5.30123,37.64899],[-5.29732,37.64988],[-5.292,37.6511],[-5.28638,37.65237],[-5.28176,37.65343],[-5.27711,37.65448],[-5.2725,37.65553],[-5.26768,37.65663],[-5.26281,37.65774],[-5.25785,37.65886],[-5.25448,37.65963],[-5.24776,37.66116],[-5.24286,37.66227],[-5.23881,37.6632],[-5.23571,37.6639],[-5.2318,37.66479],[-5.22698,37.66676]]}},{"type":"Feature","properties":{"id":"way/182260864","kind":"overhead","voltageClass":"high","voltageKv":220,"name":"Línea de alta tensión Alcores - Gazules y Cartuja - Don Rodrigo","circuits":2,"cables":"6","source":"osm"},"geometry":{"type":"LineString","coordinates":[[-5.86042,37.25043],[-5.86117,37.24795],[-5.86225,37.24439],[-5.86128,37.24063],[-5.86026,37.23659],[-5.85916,37.2323],[-5.85818,37.2285],[-5.85716,37.22451],[-5.85622,37.22082],[-5.85525,37.217],[-5.85437,37.21357],[-5.8535,37.21017],[-5.85242,37.20595],[-5.8514,37.20199],[-5.85032,37.19781],[-5.8493,37.1939],[-5.84826,37.18983],[-5.84721,37.18574],[-5.84618,37.18179],[-5.84518,37.17788],[-5.8441,37.17374],[-5.84307,37.16975],[-5.84199,37.16554],[-5.84096,37.16155],[-5.83984,37.15719],[-5.83886,37.15342],[-5.83781,37.14941],[-5.83679,37.14557],[-5.83574,37.14159],[-5.83464,37.13742],[-5.83355,37.13332],[-5.8326,37.12973],[-5.83152,37.1256],[-5.83048,37.12167],[-5.82945,37.11776],[-5.82857,37.11444],[-5.82844,37.11119],[-5.82831,37.1081],[-5.82814,37.10407],[-5.82798,37.10022],[-5.82782,37.09623],[-5.82766,37.09244],[-5.82749,37.0885],[-5.82733,37.08443],[-5.82714,37.08023],[-5.82698,37.07626],[-5.82682,37.07234],[-5.82663,37.06794],[-5.82645,37.06376],[-5.82629,37.05969],[-5.82615,37.05627],[-5.82599,37.05257],[-5.82581,37.04811],[-5.82567,37.04492],[-5.8255,37.04103],[-5.82538,37.03814],[-5.8252,37.03374],[-5.82506,37.0303],[-5.82483,37.02496],[-5.82471,37.02201],[-5.82457,37.01872],[-5.82446,37.0161],[-5.82428,37.01175],[-5.82412,37.00794],[-5.82393,37.0032],[-5.82376,36.99955],[-5.82364,36.99659],[-5.82346,36.99216],[-5.82329,36.98813],[-5.82315,36.98473],[-5.82473,36.98137],[-5.8265,36.97763],[-5.82787,36.97474],[-5.83021,36.96978],[-5.83176,36.96649],[-5.83338,36.96307],[-5.83515,36.95932],[-5.83683,36.95577],[-5.8386,36.95201],[-5.8399,36.94927],[-5.84221,36.94438],[-5.84405,36.9405],[-5.84493,36.93675],[-5.84573,36.93332],[-5.84644,36.9303],[-5.84728,36.92676],[-5.84807,36.92341],[-5.85013,36.92046],[-5.85354,36.9156],[-5.8553,36.9131],[-5.85798,36.90928],[-5.86031,36.90595],[-5.86185,36.90268],[-5.86401,36.89808],[-5.86555,36.89482],[-5.86687,36.89202],[-5.86862,36.8883],[-5.87023,36.88487],[-5.8719,36.88131],[-5.8741,36.87663],[-5.87578,36.87307],[-5.87765,36.86911],[-5.87923,36.86576],[-5.88163,36.86065],[-5.88354,36.85659],[-5.88477,36.85396],[-5.88757,36.84803],[-5.88869,36.84565],[-5.89064,36.8415],[-5.89198,36.83836],[-5.89379,36.83412],[-5.89543,36.83026],[-5.89736,36.82572],[-5.89927,36.82123],[-5.90119,36.81669],[-5.90251,36.81359],[-5.90397,36.81018],[-5.90568,36.80615],[-5.90724,36.80246],[-5.90903,36.79826],[-5.91034,36.79516],[-5.91211,36.79099],[-5.91357,36.78757],[-5.91517,36.78379],[-5.91684,36.77986],[-5.91875,36.7754],[-5.92028,36.77176],[-5.92188,36.76801],[-5.92336,36.76451],[-5.92507,36.76047],[-5.92657,36.75694],[-5.92828,36.7529],[-5.92986,36.74918],[-5.9316,36.74509],[-5.93295,36.74192],[-5.93433,36.73863],[-5.93526,36.73646],[-5.93719,36.73188],[-5.9387,36.7283],[-5.93991,36.72547],[-5.94146,36.72184],[-5.94275,36.71879],[-5.94527,36.71284],[-5.94714,36.70841],[-5.94878,36.70455],[-5.95051,36.70047],[-5.95227,36.69632],[-5.95392,36.69239],[-5.9556,36.68843],[-5.95701,36.68509],[-5.95844,36.68171],[-5.95988,36.67832],[-5.96129,36.67498],[-5.96272,36.67158],[-5.96433,36.66775],[-5.96578,36.66435],[-5.96727,36.6608],[-5.96884,36.65713],[-5.96773,36.65348],[-5.96464,36.65073],[-5.96137,36.6478],[-5.95816,36.64492],[-5.95619,36.64317],[-5.95299,36.6403],[-5.95171,36.63899]]}},{"type":"Feature","properties":{"id":"way/194651146","kind":"overhead","voltageClass":"low","voltageKv":66,"name":null,"circuits":2,"cables":"6","source":"osm"},"geometry":{"type":"LineString","coordinates":[[-5.95791,37.39101],[-5.9561,37.39192],[-5.95393,37.39302],[-5.95134,37.39424],[-5.94956,37.39565],[-5.94787,37.39699],[-5.94605,37.39852]]}},{"type":"Feature","properties":{"id":"way/216251142","kind":"overhead","voltageClass":"low","voltageKv":66,"name":"Línea de alta tensión Dos Hermanas - Don Rodrigo 1 y Dos Hermanas - Don Rodrigo 2","circuits":2,"cables":"6","source":"osm"},"geometry":{"type":"LineString","coordinates":[[-5.84285,37.24356],[-5.84318,37.24303],[-5.84566,37.24392],[-5.84483,37.24577],[-5.84618,37.24701],[-5.84785,37.24854],[-5.8497,37.25024],[-5.85171,37.25208],[-5.85356,37.25377],[-5.85548,37.25553],[-5.8574,37.2573],[-5.85917,37.25891],[-5.86061,37.26023],[-5.86268,37.26211],[-5.86416,37.26346],[-5.86605,37.26519],[-5.86788,37.26639],[-5.86972,37.26759],[-5.87163,37.26884],[-5.87349,37.27007],[-5.87565,37.27149],[-5.87787,37.27296],[-5.88017,37.27446],[-5.88132,37.27522],[-5.88223,37.27582],[-5.88434,37.2772],[-5.88666,37.27872],[-5.88948,37.28161],[-5.89105,37.28321],[-5.8926,37.2848],[-5.89439,37.28664],[-5.89598,37.28833],[-5.89766,37.28998],[-5.89937,37.29173],[-5.90146,37.29388],[-5.90334,37.29581],[-5.90549,37.29666],[-5.90647,37.2977]]}},{"type":"Feature","properties":{"id":"way/216251146","kind":"overhead","voltageClass":"low","voltageKv":66,"name":null,"circuits":1,"cables":"3","source":"osm"},"geometry":{"type":"LineString","coordinates":[[-5.84308,37.24386],[-5.84289,37.24377],[-5.84229,37.24303],[-5.84494,37.24233],[-5.8478,37.24068],[-5.85116,37.23872],[-5.85419,37.23636],[-5.85744,37.23384],[-5.8592,37.23247],[-5.86122,37.2309],[-5.86385,37.22885],[-5.86663,37.22668],[-5.86928,37.22462],[-5.8704,37.22306],[-5.87151,37.2215]]}},{"type":"Feature","properties":{"id":"way/219429830","kind":"overhead","voltageClass":"low","voltageKv":66,"name":null,"circuits":2,"cables":"6","source":"osm"},"geometry":{"type":"LineString","coordinates":[[-5.93761,37.39319],[-5.93777,37.39446],[-5.93767,37.39569],[-5.93898,37.39681],[-5.94138,37.39684],[-5.94386,37.39688],[-5.94605,37.39852]]}},{"type":"Feature","properties":{"id":"way/219843419","kind":"overhead","voltageClass":"low","voltageKv":66,"name":null,"circuits":null,"cables":null,"source":"osm"},"geometry":{"type":"LineString","coordinates":[[-5.95197,37.35092],[-5.95242,37.35122],[-5.9546,37.35285],[-5.95676,37.35436],[-5.95904,37.35598],[-5.96261,37.35645],[-5.96474,37.35564],[-5.96682,37.35485],[-5.96805,37.35522],[-5.96801,37.35588],[-5.96821,37.35632],[-5.96836,37.35627]]}},{"type":"Feature","properties":{"id":"way/219843420","kind":"overhead","voltageClass":"low","voltageKv":66,"name":null,"circuits":null,"cables":null,"source":"osm"},"geometry":{"type":"LineString","coordinates":[[-5.96838,37.35618],[-5.96859,37.35604],[-5.96815,37.35512],[-5.96663,37.35474],[-5.96468,37.35553],[-5.96262,37.35636],[-5.95911,37.35592],[-5.95682,37.3543],[-5.95469,37.3528],[-5.95258,37.351],[-5.95212,37.3507]]}},{"type":"Feature","properties":{"id":"way/219843422","kind":"overhead","voltageClass":"low","voltageKv":66,"name":null,"circuits":null,"cables":null,"source":"osm"},"geometry":{"type":"LineString","coordinates":[[-5.95695,37.3588],[-5.95785,37.35763],[-5.95886,37.3563],[-5.95897,37.35603],[-5.95669,37.35442],[-5.95454,37.35292],[-5.95237,37.3513],[-5.95186,37.35108]]}},{"type":"Feature","properties":{"id":"way/219843423","kind":"overhead","voltageClass":"low","voltageKv":66,"name":null,"circuits":null,"cables":null,"source":"osm"},"geometry":{"type":"LineString","coordinates":[[-5.95173,37.35131],[-5.95222,37.35152],[-5.95451,37.35299],[-5.95659,37.35452],[-5.95881,37.35616]]}},{"type":"Feature","properties":{"id":"way/243523833","kind":"overhead","voltageClass":"low","voltageKv":66,"name":"Línea de alta tensión Alcalá del Río - Empalme - FASA_REN - RENFEACR","circuits":1,"cables":"3","source":"osm"},"geometry":{"type":"LineString","coordinates":[[-5.98094,37.46461],[-5.9815,37.46283],[-5.9826,37.45928],[-5.9843,37.45392],[-5.98543,37.45039],[-5.986,37.44862],[-5.98651,37.44685],[-5.98708,37.44507],[-5.98755,37.44366],[-5.98805,37.44195],[-5.98878,37.43975],[-5.98934,37.43797],[-5.98991,37.43618],[-5.99046,37.43441],[-5.9906,37.434],[-5.99124,37.43194]]}},{"type":"Feature","properties":{"id":"way/243523837","kind":"overhead","voltageClass":"low","voltageKv":66,"name":null,"circuits":2,"cables":"6","source":"osm"},"geometry":{"type":"LineString","coordinates":[[-5.98884,37.43135],[-5.98514,37.4319],[-5.98206,37.43326],[-5.97899,37.43464],[-5.97687,37.4345]]}},{"type":"Feature","properties":{"id":"way/243524387","kind":"overhead","voltageClass":"low","voltageKv":66,"name":null,"circuits":null,"cables":null,"source":"osm"},"geometry":{"type":"LineString","coordinates":[[-5.98477,37.41646],[-5.98475,37.41665],[-5.98473,37.41674],[-5.98472,37.41683],[-5.98468,37.41707]]}},{"type":"Feature","properties":{"id":"way/243524388","kind":"overhead","voltageClass":"low","voltageKv":66,"name":null,"circuits":null,"cables":null,"source":"osm"},"geometry":{"type":"LineString","coordinates":[[-5.98796,37.41602],[-5.99055,37.4161],[-5.99088,37.41618]]}},{"type":"Feature","properties":{"id":"way/243524389","kind":"overhead","voltageClass":"low","voltageKv":66,"name":null,"circuits":null,"cables":null,"source":"osm"},"geometry":{"type":"LineString","coordinates":[[-5.98793,37.41614],[-5.99057,37.41618],[-5.99088,37.41618]]}},{"type":"Feature","properties":{"id":"way/243524390","kind":"overhead","voltageClass":"low","voltageKv":66,"name":null,"circuits":null,"cables":null,"source":"osm"},"geometry":{"type":"LineString","coordinates":[[-5.98475,37.41665],[-5.9853,37.41669],[-5.9879,37.41625],[-5.99054,37.41628],[-5.99322,37.4165]]}},{"type":"Feature","properties":{"id":"way/243524391","kind":"overhead","voltageClass":"low","voltageKv":66,"name":null,"circuits":null,"cables":null,"source":"osm"},"geometry":{"type":"LineString","coordinates":[[-5.98468,37.41707],[-5.98521,37.41712],[-5.98736,37.41833]]}},{"type":"Feature","properties":{"id":"way/243524392","kind":"overhead","voltageClass":"medium","voltageKv":132,"name":null,"circuits":null,"cables":null,"source":"osm"},"geometry":{"type":"LineString","coordinates":[[-5.98393,37.41804],[-5.98397,37.41772],[-5.984,37.4175],[-5.98405,37.41712]]}},{"type":"Feature","properties":{"id":"way/243524394","kind":"overhead","voltageClass":"medium","voltageKv":132,"name":null,"circuits":2,"cables":"6","source":"osm"},"geometry":{"type":"LineString","coordinates":[[-6.03913,37.42441],[-6.03787,37.42453],[-6.03489,37.42481],[-6.03304,37.42498],[-6.03118,37.42515],[-6.02862,37.42498],[-6.02484,37.42473],[-6.02168,37.42453],[-6.01911,37.42434],[-6.01627,37.42417],[-6.01353,37.42395],[-6.01097,37.42379],[-6.00741,37.42355],[-6.00462,37.42336],[-6.00128,37.42313],[-6.00116,37.42312],[-5.99805,37.42291],[-5.99449,37.42211],[-5.9921,37.42158],[-5.99018,37.41988],[-5.9873,37.41853],[-5.985,37.41761],[-5.98445,37.41755]]}},{"type":"Feature","properties":{"id":"way/243524860","kind":"overhead","voltageClass":"low","voltageKv":66,"name":null,"circuits":2,"cables":"6","source":"osm"},"geometry":{"type":"LineString","coordinates":[[-5.99322,37.4165],[-5.99601,37.41688],[-5.99786,37.41825],[-5.99969,37.4196],[-6.00125,37.42125],[-6.00355,37.42243],[-6.00501,37.4235],[-6.00688,37.42489],[-6.01013,37.42727],[-6.01199,37.42864],[-6.01388,37.43003],[-6.01565,37.43132],[-6.01727,37.43252],[-6.01903,37.4338],[-6.02077,37.43509],[-6.02252,37.43637],[-6.02418,37.43761],[-6.0259,37.43888],[-6.02773,37.44019],[-6.03524,37.44574],[-6.0377,37.44652],[-6.03932,37.4476],[-6.04073,37.44962],[-6.04215,37.45112],[-6.04295,37.45124]]}},{"type":"Feature","properties":{"id":"way/243525234","kind":"overhead","voltageClass":"high","voltageKv":220,"name":null,"circuits":null,"cables":null,"source":"osm"},"geometry":{"type":"LineString","coordinates":[[-6.03982,37.4263],[-6.03979,37.42609],[-6.03977,37.426],[-6.03977,37.42594],[-6.03973,37.42569],[-6.03972,37.42566],[-6.0397,37.4255],[-6.03968,37.42538],[-6.03964,37.42511]]}},{"type":"Feature","properties":{"id":"way/243525235","kind":"overhead","voltageClass":"medium","voltageKv":132,"name":null,"circuits":2,"cables":"6","source":"osm"},"geometry":{"type":"LineString","coordinates":[[-5.99353,37.42423],[-5.99447,37.42346],[-5.9972,37.42342],[-6.00029,37.42361],[-6.00064,37.42363],[-6.00379,37.42382],[-6.00646,37.42398],[-6.01083,37.42423],[-6.01334,37.4244],[-6.01619,37.42456],[-6.01905,37.42472],[-6.0218,37.42487],[-6.02502,37.42506],[-6.02868,37.42525],[-6.03134,37.4254],[-6.03478,37.42507],[-6.0379,37.42476],[-6.03917,37.42462]]}},{"type":"Feature","properties":{"id":"way/243525236","kind":"overhead","voltageClass":"low","voltageKv":66,"name":null,"circuits":2,"cables":"6","source":"osm"},"geometry":{"type":"LineString","coordinates":[[-6.03874,37.42614],[-6.03842,37.42614],[-6.03821,37.42472],[-6.03812,37.42462],[-6.03649,37.42478],[-6.0358,37.42484],[-6.03337,37.42508],[-6.03161,37.42524],[-6.03082,37.42439],[-6.02978,37.42327],[-6.02932,37.42277],[-6.02823,37.42124],[-6.02756,37.42029],[-6.02619,37.41837],[-6.0262,37.41781],[-6.02616,37.41711],[-6.02616,37.41552],[-6.02683,37.4135],[-6.02753,37.41136],[-6.02898,37.4087],[-6.03016,37.40657],[-6.02975,37.40525],[-6.02863,37.40365],[-6.0275,37.40205],[-6.02633,37.40036],[-6.02529,37.39832],[-6.02525,37.39816],[-6.02476,37.39614],[-6.02408,37.39331],[-6.02332,37.3902],[-6.02276,37.38791],[-6.02458,37.38486],[-6.02337,37.38291],[-6.02283,37.38204],[-6.0223,37.38119]]}},{"type":"Feature","properties":{"id":"way/243525237","kind":"overhead","voltageClass":"low","voltageKv":66,"name":null,"circuits":2,"cables":"6","source":"osm"},"geometry":{"type":"LineString","coordinates":[[-6.02506,37.39972],[-6.0257,37.40004],[-6.02679,37.40155],[-6.02838,37.40374],[-6.02963,37.40545],[-6.02999,37.40662],[-6.02884,37.40864],[-6.02735,37.41134],[-6.0267,37.41345],[-6.02602,37.41558],[-6.02605,37.41712],[-6.02606,37.41841],[-6.02725,37.42009],[-6.02783,37.4209],[-6.0282,37.42141],[-6.02933,37.42305],[-6.03068,37.42447],[-6.03166,37.4255],[-6.03338,37.42534],[-6.03653,37.42502],[-6.03816,37.42485],[-6.03839,37.42627],[-6.03876,37.42626]]}},{"type":"Feature","properties":{"id":"way/243525692","kind":"overhead","voltageClass":"low","voltageKv":66,"name":"Santiponce-Remedios","circuits":2,"cables":"6","source":"osm"},"geometry":{"type":"LineString","coordinates":[[-6.01494,37.37866],[-6.01825,37.37782],[-6.01965,37.37947],[-6.0218,37.38203],[-6.02295,37.38339],[-6.0243,37.38502],[-6.02256,37.38788],[-6.02314,37.39018],[-6.02391,37.39334],[-6.02459,37.39617],[-6.02512,37.39835],[-6.02506,37.39972]]}},{"type":"Feature","properties":{"id":"way/243525693","kind":"overhead","voltageClass":"low","voltageKv":66,"name":null,"circuits":null,"cables":null,"source":"osm"},"geometry":{"type":"LineString","coordinates":[[-6.02506,37.39972],[-6.02467,37.40129],[-6.0232,37.40305],[-6.02172,37.40484],[-6.02076,37.40601],[-6.01942,37.40764],[-6.01808,37.40929],[-6.01664,37.41101],[-6.0153,37.41267],[-6.01282,37.41446],[-6.00927,37.41445],[-6.00594,37.41501],[-6.00338,37.41452],[-6.00062,37.41659],[-5.9972,37.41742],[-5.99712,37.41744],[-5.99697,37.41746],[-5.99686,37.41747],[-5.99491,37.41774],[-5.99255,37.41715],[-5.9919,37.41699],[-5.99041,37.41652],[-5.98786,37.41643],[-5.98526,37.41687],[-5.98472,37.41683]]}},{"type":"Feature","properties":{"id":"way/243525694","kind":"overhead","voltageClass":"low","voltageKv":66,"name":null,"circuits":1,"cables":"3","source":"osm"},"geometry":{"type":"LineString","coordinates":[[-6.02594,37.40189],[-6.02455,37.40124],[-6.02277,37.40029],[-6.02096,37.39933],[-6.02064,37.39737],[-6.02025,37.39505],[-6.01989,37.39287]]}},{"type":"Feature","properties":{"id":"way/243627808","kind":"overhead","voltageClass":"low","voltageKv":66,"name":null,"circuits":null,"cables":null,"source":"osm"},"geometry":{"type":"LineString","coordinates":[[-5.99415,37.41463],[-5.99322,37.4165]]}},{"type":"Feature","properties":{"id":"way/243627809","kind":"overhead","voltageClass":"low","voltageKv":66,"name":null,"circuits":null,"cables":null,"source":"osm"},"geometry":{"type":"LineString","coordinates":[[-5.99322,37.4165],[-5.99052,37.41641],[-5.98789,37.41634],[-5.98527,37.41679],[-5.98473,37.41674]]}},{"type":"Feature","properties":{"id":"way/243627810","kind":"overhead","voltageClass":"low","voltageKv":66,"name":null,"circuits":2,"cables":"6","source":"osm"},"geometry":{"type":"LineString","coordinates":[[-5.99088,37.41618],[-5.9908,37.41693],[-5.99065,37.41805],[-5.99054,37.41918],[-5.99157,37.42026],[-5.9926,37.42133],[-5.9948,37.42169],[-5.99677,37.42201],[-5.99749,37.42211],[-6.00014,37.42253],[-6.00267,37.42293],[-6.00412,37.42223],[-6.00554,37.42161],[-6.00678,37.42102],[-6.00814,37.42039],[-6.0086,37.41851],[-6.00908,37.41656],[-6.00955,37.4146],[-6.0099,37.41318],[-6.01003,37.41266],[-6.01028,37.41162],[-6.01055,37.41054],[-6.011,37.4088],[-6.01192,37.40532],[-6.01237,37.4036],[-6.01282,37.40192],[-6.01653,37.40008],[-6.01833,37.39917],[-6.02091,37.39791],[-6.02146,37.39761]]}},{"type":"Feature","properties":{"id":"way/243629138","kind":"overhead","voltageClass":"unknown","voltageKv":null,"name":null,"circuits":null,"cables":null,"source":"osm"},"geometry":{"type":"LineString","coordinates":[[-6.05021,37.46573],[-6.04856,37.46596],[-6.04635,37.46628],[-6.04339,37.46661],[-6.03985,37.46703],[-6.03702,37.46739],[-6.03451,37.46766],[-6.03179,37.46891],[-6.03136,37.46915],[-6.02988,37.46826],[-6.02889,37.46749],[-6.02759,37.46647],[-6.02647,37.46557],[-6.02539,37.46471],[-6.02454,37.46401],[-6.02301,37.46277],[-6.02229,37.46222],[-6.02163,37.46169],[-6.02154,37.46172]]}},{"type":"Feature","properties":{"id":"way/262171807","kind":"overhead","voltageClass":"low","voltageKv":66,"name":"Línea de alta tensión Alcalá del Río - Empalme - FASA_REN - RENFEACR","circuits":1,"cables":"3","source":"osm"},"geometry":{"type":"LineString","coordinates":[[-5.96083,37.4542],[-5.96139,37.45449],[-5.96123,37.45477],[-5.96085,37.45594],[-5.96032,37.45736],[-5.96201,37.45751],[-5.96422,37.45771],[-5.9657,37.45854],[-5.96765,37.45962],[-5.96978,37.46041],[-5.9719,37.46122],[-5.97408,37.46204],[-5.97631,37.46287],[-5.9788,37.46381],[-5.98094,37.46461]]}},{"type":"Feature","properties":{"id":"way/338666029","kind":"overhead","voltageClass":"unknown","voltageKv":null,"name":null,"circuits":null,"cables":null,"source":"osm"},"geometry":{"type":"LineString","coordinates":[[-6.11086,37.60496],[-6.11092,37.60708],[-6.11097,37.61034],[-6.11244,37.61146],[-6.11422,37.61285],[-6.11609,37.61432],[-6.11739,37.61533],[-6.11926,37.61676],[-6.12109,37.61819],[-6.1228,37.61952],[-6.12453,37.62087],[-6.12593,37.62194],[-6.12753,37.62318],[-6.12893,37.62426],[-6.1306,37.62556],[-6.13201,37.62665],[-6.13353,37.62782],[-6.13485,37.62885],[-6.13615,37.62985],[-6.13865,37.63179]]}},{"type":"Feature","properties":{"id":"way/338666030","kind":"overhead","voltageClass":"medium","voltageKv":132,"name":"Línea de alta tensión Cala - Guillena y Guillena - Ruta de la Plata","circuits":2,"cables":"6","source":"osm"},"geometry":{"type":"LineString","coordinates":[[-6.09867,37.63428],[-6.09876,37.63273],[-6.10022,37.6309],[-6.1021,37.62853],[-6.10422,37.62587],[-6.10659,37.62285],[-6.10827,37.62074],[-6.11061,37.61781],[-6.11292,37.61488],[-6.11399,37.61353]]}},{"type":"Feature","properties":{"id":"way/338666032","kind":"overhead","voltageClass":"medium","voltageKv":132,"name":"Línea de alta tensión Cala - Guillena","circuits":1,"cables":"3","source":"osm"},"geometry":{"type":"LineString","coordinates":[[-6.14223,37.66171],[-6.14201,37.66078],[-6.14247,37.65676],[-6.14278,37.65401],[-6.14328,37.64974],[-6.1436,37.64691],[-6.1439,37.64427],[-6.1442,37.64175],[-6.14169,37.63922],[-6.13954,37.63707],[-6.13625,37.63377],[-6.13372,37.63123],[-6.1321,37.6296],[-6.12931,37.62712],[-6.12669,37.6248],[-6.12369,37.62214],[-6.12154,37.62023],[-6.11826,37.61733],[-6.11621,37.61551],[-6.11399,37.61353]]}},{"type":"Feature","properties":{"id":"way/338683639","kind":"overhead","voltageClass":"high","voltageKv":400,"name":"Línea de alta tensión Guillena - Palos","circuits":null,"cables":"6","source":"osm"},"geometry":{"type":"LineString","coordinates":[[-6.88175,37.18376],[-6.87915,37.18464],[-6.87669,37.18734],[-6.87452,37.19023],[-6.87105,37.19486],[-6.87154,37.19744],[-6.8733,37.20163],[-6.87281,37.20396],[-6.87169,37.20593],[-6.873,37.20933],[-6.87294,37.21146],[-6.87345,37.21328],[-6.87494,37.21838],[-6.87392,37.22114],[-6.8727,37.22444],[-6.86736,37.22565],[-6.86317,37.22774],[-6.85939,37.22963],[-6.85547,37.23157],[-6.85155,37.23352],[-6.84738,37.2356],[-6.84334,37.23761],[-6.83985,37.23937],[-6.83637,37.24108],[-6.83322,37.24216],[-6.82888,37.24481],[-6.8242,37.24541],[-6.82064,37.24587],[-6.8167,37.24879],[-6.81502,37.25003],[-6.81264,37.25179],[-6.80882,37.25462],[-6.80502,37.25744],[-6.80129,37.26019],[-6.79796,37.26263],[-6.79474,37.26501],[-6.7905,37.26816],[-6.78757,37.27033],[-6.78382,37.27308],[-6.7805,37.27554],[-6.77757,37.2777],[-6.77363,37.28063],[-6.77021,37.28313],[-6.76789,37.28439],[-6.76394,37.28652],[-6.76022,37.28853],[-6.75406,37.29184],[-6.75231,37.29389],[-6.74961,37.29702],[-6.74803,37.29887],[-6.74643,37.30069],[-6.74218,37.30562],[-6.73988,37.30831],[-6.73716,37.30976],[-6.7342,37.31135],[-6.72799,37.31467],[-6.72487,37.31635],[-6.72164,37.31808],[-6.71909,37.31944],[-6.71644,37.32086],[-6.71273,37.32284],[-6.70992,37.32434],[-6.70511,37.32747],[-6.70097,37.33016],[-6.69815,37.33199],[-6.69549,37.33371],[-6.69127,37.33646],[-6.68625,37.33664],[-6.68102,37.33683],[-6.67706,37.33698],[-6.67455,37.33925],[-6.67269,37.34098],[-6.67016,37.34334],[-6.6671,37.34615],[-6.66389,37.3491],[-6.66052,37.3522],[-6.6601,37.35444],[-6.65741,37.35645],[-6.65513,37.35717],[-6.65266,37.35947],[-6.64978,37.36211],[-6.64677,37.36487],[-6.64367,37.36772],[-6.64058,37.37054],[-6.63746,37.37338],[-6.63429,37.37721],[-6.6314,37.3807],[-6.62882,37.38383],[-6.62662,37.38649],[-6.62344,37.39033],[-6.62095,37.39335],[-6.61837,37.39647],[-6.61629,37.39899],[-6.61409,37.40165],[-6.61191,37.40429],[-6.61003,37.40656],[-6.60835,37.40859],[-6.60571,37.41179],[-6.60059,37.41312],[-6.5969,37.41408],[-6.59183,37.41539],[-6.58278,37.41774],[-6.57796,37.41899],[-6.57321,37.42023],[-6.568,37.42158],[-6.56384,37.42266],[-6.56115,37.42335],[-6.5567,37.42451],[-6.55263,37.42556],[-6.54902,37.4265],[-6.54411,37.42728],[-6.53869,37.42814],[-6.53317,37.42901],[-6.52829,37.42979],[-6.52324,37.43059],[-6.51864,37.43132],[-6.51308,37.43222],[-6.50805,37.43303],[-6.50309,37.43382],[-6.49796,37.43463],[-6.4923,37.43552],[-6.48785,37.43622],[-6.48345,37.43691],[-6.47907,37.43761],[-6.47479,37.43829],[-6.46985,37.43907],[-6.46511,37.43982],[-6.46168,37.44037],[-6.45756,37.44102],[-6.45244,37.44183],[-6.44751,37.44262],[-6.44245,37.44342],[-6.43768,37.44391],[-6.43284,37.4444],[-6.42819,37.44488],[-6.42255,37.44545],[-6.41684,37.44604],[-6.41206,37.44653],[-6.40721,37.44702],[-6.40271,37.44851],[-6.39834,37.44994],[-6.39373,37.45145],[-6.38923,37.45293],[-6.38468,37.45443],[-6.38111,37.45561],[-6.37714,37.45692],[-6.37317,37.45822],[-6.36961,37.4594],[-6.36625,37.46051],[-6.36258,37.46171],[-6.35921,37.46281],[-6.35484,37.46424],[-6.35068,37.46561],[-6.34624,37.46707],[-6.34134,37.46868],[-6.33732,37.47],[-6.33221,37.47169],[-6.32771,37.47317],[-6.32278,37.47479],[-6.31903,37.47603],[-6.3149,37.47738],[-6.31025,37.47892],[-6.30624,37.48023],[-6.30195,37.48165],[-6.29771,37.48304],[-6.29431,37.48416],[-6.29032,37.48543],[-6.28702,37.48654],[-6.28338,37.48776],[-6.2777,37.48754],[-6.27129,37.4873],[-6.2672,37.48484],[-6.26367,37.48271],[-6.25913,37.47998],[-6.25534,37.47771],[-6.2518,37.47558],[-6.24705,37.47272],[-6.24422,37.47101],[-6.23942,37.472],[-6.23557,37.47274],[-6.23112,37.47357],[-6.22704,37.47438],[-6.22314,37.47516],[-6.21945,37.47591],[-6.20578,37.47858],[-6.19476,37.4808],[-6.18991,37.48178],[-6.18158,37.48335],[-6.17714,37.48424],[-6.1739,37.4849],[-6.16937,37.48593],[-6.16509,37.48691],[-6.16105,37.48783],[-6.15258,37.48978],[-6.14859,37.49071],[-6.14361,37.49185],[-6.13936,37.49283],[-6.13131,37.50703],[-6.12333,37.52108],[-6.13103,37.55034],[-6.13409,37.56193],[-6.13707,37.57327],[-6.11811,37.60002],[-6.11368,37.60625],[-6.11122,37.60972],[-6.11037,37.61093],[-6.10831,37.61384],[-6.10651,37.61641],[-6.10462,37.61909],[-6.10266,37.62187],[-6.10072,37.62457],[-6.09938,37.62513],[-6.09414,37.62732],[-6.09302,37.63001],[-6.09486,37.63403],[-6.09538,37.63513]]}},{"type":"Feature","properties":{"id":"way/338876680","kind":"overhead","voltageClass":"high","voltageKv":220,"name":null,"circuits":2,"cables":"6","source":"osm"},"geometry":{"type":"LineString","coordinates":[[-6.09869,37.63515],[-6.097,37.63321],[-6.09547,37.63178],[-6.09261,37.62909],[-6.08897,37.6257],[-6.08163,37.61892],[-6.07594,37.59994],[-6.07307,37.59034],[-6.07275,37.58551],[-6.07139,37.5649],[-6.07117,37.56156],[-6.0709,37.55754],[-6.07067,37.55395],[-6.06899,37.52855],[-6.06874,37.52482],[-6.06848,37.52264],[-6.0679,37.51769],[-6.06748,37.51412],[-6.06702,37.51027],[-6.0666,37.50673],[-6.06608,37.50232],[-6.06553,37.49772],[-6.0652,37.49488],[-6.06464,37.49015],[-6.06434,37.48751],[-6.0638,37.48306],[-6.0635,37.4806]]}},{"type":"Feature","properties":{"id":"way/343041747","kind":"overhead","voltageClass":"low","voltageKv":66,"name":null,"circuits":null,"cables":"3","source":"osm"},"geometry":{"type":"LineString","coordinates":[[-6.0683,37.40854],[-6.06999,37.40728],[-6.0714,37.40622],[-6.07301,37.40504],[-6.07387,37.40421],[-6.07496,37.40373],[-6.07651,37.4044],[-6.07827,37.40525],[-6.08009,37.40613],[-6.08212,37.40711],[-6.08457,37.40773],[-6.08725,37.40842],[-6.08944,37.40897],[-6.09158,37.4087],[-6.09441,37.40832],[-6.09635,37.4081],[-6.09893,37.40779],[-6.10177,37.40741]]}},{"type":"Feature","properties":{"id":"way/343048196","kind":"overhead","voltageClass":"low","voltageKv":66,"name":null,"circuits":null,"cables":null,"source":"osm"},"geometry":{"type":"LineString","coordinates":[[-6.10177,37.40741],[-6.10422,37.40735],[-6.10566,37.40732],[-6.10701,37.40724],[-6.10902,37.40717],[-6.11198,37.40706],[-6.11515,37.40693],[-6.11785,37.40683],[-6.12036,37.40675],[-6.12586,37.40654],[-6.1314,37.40633],[-6.1377,37.40609],[-6.14089,37.40597],[-6.14605,37.40578],[-6.14843,37.40569],[-6.15068,37.40559]]}},{"type":"Feature","properties":{"id":"way/399070920","kind":"overhead","voltageClass":"low","voltageKv":66,"name":"Línea de alta tensión Alcores - Polo 1 y Alcores - Polo 2","circuits":2,"cables":"6","source":"osm"},"geometry":{"type":"LineString","coordinates":[[-5.8642,37.35668],[-5.86151,37.35963],[-5.86077,37.36137],[-5.86152,37.3643],[-5.86089,37.36695],[-5.86024,37.36973],[-5.85956,37.37263],[-5.85899,37.37511],[-5.85842,37.37744],[-5.85827,37.37969],[-5.8581,37.38208],[-5.85793,37.38417],[-5.85778,37.38618]]}},{"type":"Feature","properties":{"id":"way/399070923","kind":"overhead","voltageClass":"high","voltageKv":220,"name":"Línea de alta tensión Alcores - Carmona 1","circuits":1,"cables":"3","source":"osm"},"geometry":{"type":"LineString","coordinates":[[-5.85543,37.38687],[-5.85389,37.38709]]}},{"type":"Feature","properties":{"id":"way/399070925","kind":"overhead","voltageClass":"high","voltageKv":220,"name":"Línea de alta tensión Alcores - Gazules","circuits":1,"cables":"3","source":"osm"},"geometry":{"type":"LineString","coordinates":[[-5.85526,37.38648],[-5.85382,37.3868]]}},{"type":"Feature","properties":{"id":"way/401766755","kind":"overhead","voltageClass":"medium","voltageKv":132,"name":"Línea de alta tensión San José de la Rinconada - Santiponce","circuits":2,"cables":"6","source":"osm"},"geometry":{"type":"LineString","coordinates":[[-6.03985,37.4248],[-6.04047,37.42477],[-6.04351,37.42476],[-6.04602,37.42475],[-6.04784,37.42472],[-6.04858,37.42515],[-6.04912,37.426],[-6.05045,37.42814],[-6.05175,37.43018],[-6.05293,37.4321],[-6.05319,37.43411],[-6.05353,37.43629],[-6.05394,37.43931],[-6.05439,37.44228],[-6.05472,37.44457],[-6.05321,37.44617],[-6.05066,37.44888],[-6.04802,37.44948],[-6.04499,37.45017],[-6.04306,37.45063],[-6.04055,37.4512],[-6.03764,37.45188],[-6.03466,37.45259],[-6.0323,37.45313],[-6.03207,37.45319],[-6.03132,37.45336],[-6.03092,37.45345],[-6.02808,37.45411],[-6.02623,37.45453],[-6.02462,37.45491],[-6.02161,37.4556],[-6.01916,37.45596],[-6.01716,37.45563],[-6.01134,37.45419],[-6.00734,37.45319],[-6.00426,37.45243],[-6.00104,37.45159],[-5.99891,37.45108],[-5.9954,37.45045],[-5.99204,37.44985],[-5.98811,37.44966],[-5.98469,37.44949],[-5.9812,37.44932],[-5.9783,37.44802],[-5.97535,37.448],[-5.97215,37.4488],[-5.9693,37.44951],[-5.96679,37.45012],[-5.96451,37.45238],[-5.96268,37.45421],[-5.96131,37.45552],[-5.9602,37.45734],[-5.95926,37.45873],[-5.95696,37.4596],[-5.95499,37.46171],[-5.95291,37.46377],[-5.9507,37.46593],[-5.94849,37.46812],[-5.94636,37.47022],[-5.94406,37.47249],[-5.94184,37.47465],[-5.93964,37.47683],[-5.93749,37.47892]]}},{"type":"Feature","properties":{"id":"way/402361786","kind":"underground","voltageClass":"low","voltageKv":66,"name":null,"circuits":null,"cables":null,"source":"osm"},"geometry":{"type":"LineString","coordinates":[[-6.00472,37.36918],[-6.00354,37.36876],[-6.0035,37.36876],[-5.9998,37.36818],[-5.99993,37.36601]]}},{"type":"Feature","properties":{"id":"way/402361797","kind":"overhead","voltageClass":"low","voltageKv":66,"name":null,"circuits":2,"cables":"6","source":"osm"},"geometry":{"type":"LineString","coordinates":[[-6.04814,37.31315],[-6.04291,37.31672],[-6.04004,37.31843],[-6.0373,37.32003],[-6.03445,37.3217],[-6.03128,37.32358],[-6.02597,37.32671],[-6.0233,37.32826],[-6.01964,37.33045],[-6.01611,37.33249],[-6.01377,37.33368],[-6.01178,37.33473],[-6.0097,37.33602],[-6.0086,37.34184]]}},{"type":"Feature","properties":{"id":"way/402363582","kind":"overhead","voltageClass":"medium","voltageKv":132,"name":"Línea de alta tensión Alcores - Santa Elvira 1","circuits":1,"cables":"3","source":"osm"},"geometry":{"type":"LineString","coordinates":[[-5.92977,37.39198],[-5.92776,37.3924],[-5.92551,37.39141],[-5.9233,37.39043],[-5.92094,37.39043],[-5.91705,37.39043],[-5.91367,37.39043],[-5.91149,37.39012],[-5.9083,37.39049],[-5.90676,37.39071],[-5.90534,37.39091],[-5.90192,37.39047],[-5.89777,37.38995],[-5.89172,37.38898],[-5.88838,37.38844],[-5.88461,37.38783],[-5.88198,37.38777],[-5.87884,37.3877],[-5.875,37.38762],[-5.87379,37.38764],[-5.87171,37.38746],[-5.86842,37.38728],[-5.8652,37.38738],[-5.86196,37.38747],[-5.8581,37.38705]]}},{"type":"Feature","properties":{"id":"way/402363583","kind":"overhead","voltageClass":"medium","voltageKv":132,"name":"Línea de alta tensión Alcores - Santa Elvira","circuits":1,"cables":"3","source":"osm"},"geometry":{"type":"LineString","coordinates":[[-5.92977,37.39198],[-5.92692,37.39166],[-5.92343,37.39015],[-5.92083,37.39016],[-5.9171,37.39016],[-5.91373,37.39016],[-5.91144,37.38989],[-5.90841,37.39027],[-5.90559,37.3906],[-5.90395,37.3903],[-5.90093,37.38973],[-5.89754,37.38911],[-5.89133,37.38827],[-5.88827,37.38785],[-5.88463,37.38736],[-5.87849,37.38724],[-5.87503,37.38717],[-5.87203,37.38699],[-5.86887,37.38681],[-5.86248,37.38643],[-5.85964,37.38622],[-5.85767,37.38549],[-5.85726,37.38557]]}},{"type":"Feature","properties":{"id":"way/402369803","kind":"overhead","voltageClass":"high","voltageKv":220,"name":"Línea de alta tensión Alcores - Don Rodrigo","circuits":1,"cables":"3","source":"osm"},"geometry":{"type":"LineString","coordinates":[[-5.85389,37.38709],[-5.85537,37.38674]]}},{"type":"Feature","properties":{"id":"way/402369807","kind":"overhead","voltageClass":"medium","voltageKv":132,"name":null,"circuits":2,"cables":"6","source":"osm"},"geometry":{"type":"LineString","coordinates":[[-5.93065,37.39104],[-5.92977,37.39198]]}},{"type":"Feature","properties":{"id":"way/402369809","kind":"overhead","voltageClass":"low","voltageKv":66,"name":"Línea de alta tensión Alcores - Argón y Alcores - Espadillas - Giralt Laporta","circuits":2,"cables":"6","source":"osm"},"geometry":{"type":"LineString","coordinates":[[-5.85792,37.38631],[-5.8581,37.38413],[-5.85826,37.38209],[-5.85845,37.37969],[-5.85864,37.37746],[-5.85916,37.37513],[-5.85974,37.37265],[-5.86041,37.36976],[-5.86107,37.36697],[-5.86169,37.36429],[-5.86097,37.36139],[-5.86164,37.35974],[-5.86439,37.35675]]}},{"type":"Feature","properties":{"id":"way/402369811","kind":"overhead","voltageClass":"high","voltageKv":220,"name":"Línea de alta tensión Alcores - Gazules","circuits":1,"cables":"3","source":"osm"},"geometry":{"type":"LineString","coordinates":[[-5.85382,37.3868],[-5.85532,37.38661]]}},{"type":"Feature","properties":{"id":"way/402376112","kind":"overhead","voltageClass":"medium","voltageKv":132,"name":"Línea de alta tensión Alcores - Parque Aeronáutico","circuits":1,"cables":"3","source":"osm"},"geometry":{"type":"LineString","coordinates":[[-5.85577,37.43699],[-5.85546,37.43501],[-5.85373,37.43337],[-5.85192,37.43167],[-5.85203,37.4295],[-5.85216,37.42665],[-5.85231,37.42377],[-5.85244,37.42083],[-5.85256,37.41811],[-5.8527,37.4153],[-5.85284,37.41236],[-5.85295,37.40981],[-5.85305,37.40764],[-5.8532,37.40437],[-5.85334,37.40132],[-5.85345,37.39881],[-5.85359,37.39594],[-5.85375,37.39282],[-5.85388,37.38987],[-5.85394,37.3885],[-5.85535,37.38765],[-5.85743,37.38755],[-5.8581,37.38705]]}},{"type":"Feature","properties":{"id":"way/402376114","kind":"overhead","voltageClass":"medium","voltageKv":132,"name":"Línea de alta tensión Alcores - Parque Aeronáutico y EADS Casa - Parque Aeronáutico","circuits":2,"cables":"6","source":"osm"},"geometry":{"type":"LineString","coordinates":[[-5.85634,37.43853],[-5.85592,37.43858],[-5.85577,37.43699]]}},{"type":"Feature","properties":{"id":"way/402376123","kind":"overhead","voltageClass":"medium","voltageKv":132,"name":"Línea de alta tensión Águila - Calonge","circuits":1,"cables":"3","source":"osm"},"geometry":{"type":"LineString","coordinates":[[-5.96321,37.4517],[-5.96108,37.45292],[-5.95808,37.45493],[-5.9551,37.45693],[-5.95214,37.45892],[-5.94915,37.46091],[-5.94645,37.46271],[-5.94362,37.46459],[-5.9407,37.46654],[-5.93881,37.46755],[-5.93689,37.46858],[-5.9347,37.46974],[-5.93044,37.46945],[-5.92738,37.46923],[-5.92431,37.46902],[-5.92107,37.46881],[-5.9181,37.46727],[-5.9149,37.46562],[-5.91167,37.46395],[-5.90847,37.4623],[-5.90521,37.46061],[-5.9029,37.45941],[-5.90038,37.4581],[-5.89653,37.45733],[-5.89324,37.45668],[-5.88954,37.45595],[-5.88581,37.4552],[-5.8822,37.45387],[-5.87837,37.45244],[-5.87454,37.45102],[-5.8711,37.44975],[-5.868,37.4486],[-5.86586,37.4472],[-5.86305,37.44535],[-5.85974,37.44318],[-5.85714,37.44146],[-5.85408,37.43944],[-5.85123,37.43757],[-5.84828,37.43561],[-5.84749,37.43264],[-5.84678,37.43004],[-5.84431,37.42757],[-5.84166,37.42491],[-5.84105,37.42327],[-5.84028,37.42121],[-5.83933,37.41866],[-5.83848,37.4164],[-5.83748,37.41376],[-5.83635,37.41068],[-5.83547,37.40835],[-5.83451,37.40578],[-5.83369,37.40359],[-5.83255,37.40144],[-5.83117,37.39883],[-5.82958,37.39581],[-5.82826,37.39333],[-5.82687,37.3907],[-5.82536,37.38785],[-5.82388,37.38505],[-5.82252,37.3825],[-5.8213,37.38021],[-5.82015,37.37802],[-5.81922,37.37627],[-5.81893,37.37416]]}},{"type":"Feature","properties":{"id":"way/402376125","kind":"overhead","voltageClass":"low","voltageKv":66,"name":null,"circuits":2,"cables":"6","source":"osm"},"geometry":{"type":"LineString","coordinates":[[-5.9849,37.41799],[-5.98504,37.41803],[-5.98719,37.41892],[-5.98752,37.42103],[-5.98801,37.42204],[-5.98861,37.42329],[-5.98954,37.42524],[-5.99063,37.4262],[-5.99246,37.42811],[-5.99183,37.43016],[-5.99124,37.43194]]}},{"type":"Feature","properties":{"id":"way/402376127","kind":"overhead","voltageClass":"medium","voltageKv":132,"name":"Línea de alta tensión Aeropuerto de Sevilla - Parque Aeronáutico","circuits":1,"cables":"3","source":"osm"},"geometry":{"type":"LineString","coordinates":[[-5.87026,37.44679],[-5.86671,37.44557],[-5.86471,37.44369],[-5.86256,37.44167],[-5.86029,37.43954],[-5.85864,37.43798],[-5.85649,37.43849],[-5.85648,37.4384]]}},{"type":"Feature","properties":{"id":"way/402790818","kind":"overhead","voltageClass":"low","voltageKv":66,"name":null,"circuits":2,"cables":"6","source":"osm"},"geometry":{"type":"LineString","coordinates":[[-5.92382,37.37285],[-5.92071,37.37214],[-5.91772,37.37145],[-5.91541,37.36974],[-5.91309,37.36803],[-5.91071,37.36626],[-5.90827,37.36467],[-5.90524,37.36419],[-5.90284,37.36327],[-5.90022,37.36228]]}},{"type":"Feature","properties":{"id":"way/402790822","kind":"underground","voltageClass":"low","voltageKv":66,"name":null,"circuits":2,"cables":"6","source":"osm"},"geometry":{"type":"LineString","coordinates":[[-5.93495,37.39262],[-5.93761,37.39319]]}},{"type":"Feature","properties":{"id":"way/402790827","kind":"overhead","voltageClass":"low","voltageKv":66,"name":null,"circuits":2,"cables":"6","source":"osm"},"geometry":{"type":"LineString","coordinates":[[-5.93092,37.39076],[-5.93152,37.392],[-5.93357,37.39289],[-5.93495,37.39262]]}},{"type":"Feature","properties":{"id":"way/402790831","kind":"overhead","voltageClass":"low","voltageKv":66,"name":null,"circuits":2,"cables":"6","source":"osm"},"geometry":{"type":"LineString","coordinates":[[-5.87138,37.34879],[-5.87293,37.34752]]}},{"type":"Feature","properties":{"id":"way/402790833","kind":"overhead","voltageClass":"low","voltageKv":66,"name":null,"circuits":2,"cables":"6","source":"osm"},"geometry":{"type":"LineString","coordinates":[[-5.8864,37.35662],[-5.8851,37.35845],[-5.88441,37.3594]]}},{"type":"Feature","properties":{"id":"way/402790838","kind":"underground","voltageClass":"low","voltageKv":66,"name":null,"circuits":2,"cables":"6","source":"osm"},"geometry":{"type":"LineString","coordinates":[[-5.95948,37.38822],[-5.9589,37.39017],[-5.95791,37.39101]]}},{"type":"Feature","properties":{"id":"way/402790841","kind":"overhead","voltageClass":"low","voltageKv":66,"name":null,"circuits":2,"cables":"6","source":"osm"},"geometry":{"type":"LineString","coordinates":[[-5.90022,37.36228],[-5.89909,37.36552],[-5.89823,37.36797]]}},{"type":"Feature","properties":{"id":"way/402790843","kind":"overhead","voltageClass":"low","voltageKv":66,"name":null,"circuits":1,"cables":"3","source":"osm"},"geometry":{"type":"LineString","coordinates":[[-5.93385,37.38668],[-5.93375,37.38911],[-5.93108,37.38927],[-5.93122,37.38964]]}},{"type":"Feature","properties":{"id":"way/402790845","kind":"overhead","voltageClass":"low","voltageKv":66,"name":null,"circuits":1,"cables":"3","source":"osm"},"geometry":{"type":"LineString","coordinates":[[-5.93385,37.38668],[-5.93378,37.38915],[-5.93118,37.38936],[-5.93128,37.38963]]}},{"type":"Feature","properties":{"id":"way/402790848","kind":"underground","voltageClass":"low","voltageKv":66,"name":null,"circuits":2,"cables":"6","source":"osm"},"geometry":{"type":"LineString","coordinates":[[-5.93352,37.37818],[-5.93347,37.37748],[-5.93001,37.37509],[-5.92953,37.37476],[-5.92485,37.37254],[-5.92382,37.37285]]}},{"type":"Feature","properties":{"id":"way/402790850","kind":"overhead","voltageClass":"low","voltageKv":66,"name":null,"circuits":2,"cables":"6","source":"osm"},"geometry":{"type":"LineString","coordinates":[[-5.93385,37.38668],[-5.93391,37.38501],[-5.93396,37.38331],[-5.9338,37.38146],[-5.93362,37.37948],[-5.93352,37.37818]]}},{"type":"Feature","properties":{"id":"way/402790855","kind":"overhead","voltageClass":"low","voltageKv":66,"name":null,"circuits":2,"cables":"6","source":"osm"},"geometry":{"type":"LineString","coordinates":[[-5.87138,37.34879],[-5.86975,37.35019],[-5.8688,37.35098],[-5.86821,37.35304],[-5.86621,37.35367],[-5.866,37.35506]]}},{"type":"Feature","properties":{"id":"way/402790858","kind":"overhead","voltageClass":"low","voltageKv":66,"name":null,"circuits":2,"cables":"6","source":"osm"},"geometry":{"type":"LineString","coordinates":[[-5.90022,37.36228],[-5.8978,37.36136],[-5.89511,37.36034],[-5.89235,37.35929],[-5.89,37.35824],[-5.88778,37.35724],[-5.8864,37.35662]]}},{"type":"Feature","properties":{"id":"way/402790861","kind":"overhead","voltageClass":"low","voltageKv":66,"name":null,"circuits":2,"cables":"6","source":"osm"},"geometry":{"type":"LineString","coordinates":[[-5.8864,37.35662],[-5.88555,37.35625],[-5.88343,37.35529],[-5.88096,37.35421],[-5.87856,37.35293],[-5.8759,37.3515],[-5.87393,37.35043]]}},{"type":"Feature","properties":{"id":"way/403153009","kind":"overhead","voltageClass":"medium","voltageKv":132,"name":"Línea de alta tensión Dos Hermanas - Valme y Palacios - Valme","circuits":2,"cables":"6","source":"osm"},"geometry":{"type":"LineString","coordinates":[[-5.88671,37.25213],[-5.89011,37.25303],[-5.89437,37.25417],[-5.89698,37.25487],[-5.89845,37.2552],[-5.90193,37.25597],[-5.90627,37.25694],[-5.91016,37.25781],[-5.91352,37.25855],[-5.91738,37.25941]]}},{"type":"Feature","properties":{"id":"way/403153010","kind":"overhead","voltageClass":"medium","voltageKv":132,"name":null,"circuits":1,"cables":"3","source":"osm"},"geometry":{"type":"LineString","coordinates":[[-5.88671,37.25213],[-5.88608,37.25545],[-5.88561,37.25792],[-5.88463,37.26355],[-5.88423,37.2662],[-5.88386,37.26868],[-5.88312,37.27073],[-5.88223,37.2732],[-5.88144,37.27541],[-5.88059,37.27778],[-5.87964,37.28042],[-5.87872,37.283],[-5.87773,37.28574],[-5.87685,37.2882],[-5.87676,37.28852],[-5.87816,37.28991]]}},{"type":"Feature","properties":{"id":"way/403153011","kind":"overhead","voltageClass":"medium","voltageKv":132,"name":null,"circuits":1,"cables":"3","source":"osm"},"geometry":{"type":"LineString","coordinates":[[-5.87816,37.28991],[-5.87598,37.28942],[-5.87359,37.2889],[-5.87109,37.28927],[-5.86758,37.28979],[-5.86369,37.29037],[-5.86122,37.29073],[-5.85717,37.29133],[-5.85483,37.29277],[-5.85215,37.29441],[-5.84922,37.29622],[-5.8463,37.29801],[-5.8434,37.29979],[-5.84051,37.30157],[-5.83755,37.30338],[-5.8355,37.30512],[-5.83312,37.30711],[-5.83055,37.30928],[-5.8284,37.31109],[-5.82628,37.31287],[-5.82372,37.31503],[-5.8221,37.31669],[-5.81961,37.31925],[-5.8179,37.32102],[-5.8155,37.32347],[-5.81365,37.32537],[-5.8113,37.32954],[-5.81128,37.33037],[-5.8101,37.33068],[-5.80878,37.33039],[-5.8067,37.33253],[-5.80479,37.33451],[-5.80411,37.33579]]}},{"type":"Feature","properties":{"id":"way/403159215","kind":"underground","voltageClass":"low","voltageKv":66,"name":null,"circuits":null,"cables":null,"source":"osm"},"geometry":{"type":"LineString","coordinates":[[-6.01989,37.39287],[-6.0184,37.3927],[-6.0154,37.392],[-6.01281,37.39174]]}},{"type":"Feature","properties":{"id":"way/403159217","kind":"overhead","voltageClass":"low","voltageKv":66,"name":null,"circuits":1,"cables":"3","source":"osm"},"geometry":{"type":"LineString","coordinates":[[-6.01989,37.39287],[-6.01988,37.39216],[-6.02391,37.39172],[-6.02572,37.39153],[-6.02942,37.39045],[-6.03429,37.38959],[-6.03827,37.38843],[-6.03971,37.38936],[-6.03995,37.38972]]}},{"type":"Feature","properties":{"id":"way/426398298","kind":"overhead","voltageClass":"medium","voltageKv":132,"name":"Línea de alta tensión Alcolea del Río - Valle Inferior del Guadalquivir","circuits":1,"cables":"3","source":"osm"},"geometry":{"type":"LineString","coordinates":[[-5.66988,37.62145],[-5.66909,37.62079],[-5.67138,37.61984]]}},{"type":"Feature","properties":{"id":"way/591872259","kind":"overhead","voltageClass":"medium","voltageKv":132,"name":"Línea de alta tensión Águila - Calonge y Calonge - Santiponce","circuits":2,"cables":"6","source":"osm"},"geometry":{"type":"LineString","coordinates":[[-5.96104,37.41162],[-5.96093,37.41448],[-5.96247,37.41643],[-5.96183,37.41801],[-5.96128,37.41942],[-5.95999,37.42111],[-5.95873,37.42277],[-5.95812,37.42502],[-5.95902,37.42705],[-5.96024,37.42978],[-5.96142,37.43243],[-5.9626,37.43501],[-5.96379,37.4377],[-5.96473,37.43979],[-5.96618,37.44302],[-5.96731,37.44554],[-5.96799,37.44707],[-5.96857,37.44836]]}},{"type":"Feature","properties":{"id":"way/664708679","kind":"overhead","voltageClass":"high","voltageKv":220,"name":"Línea de alta tensión Aljarafe - Rocío","circuits":1,"cables":"6","source":"osm"},"geometry":{"type":"LineString","coordinates":[[-6.49399,37.14496],[-6.49425,37.14525],[-6.49209,37.14798],[-6.48907,37.15186],[-6.48557,37.15394],[-6.48242,37.15582],[-6.47868,37.15805],[-6.475,37.16025],[-6.47075,37.16277],[-6.46676,37.16513],[-6.46476,37.1696],[-6.46553,37.17278],[-6.46641,37.17639],[-6.46741,37.18043],[-6.46843,37.18459],[-6.46925,37.188],[-6.47005,37.19127],[-6.46947,37.19335],[-6.46585,37.19604],[-6.46221,37.19878],[-6.46062,37.20198],[-6.45894,37.20537],[-6.45735,37.20852],[-6.4557,37.21187],[-6.45411,37.21509],[-6.45267,37.21797],[-6.45081,37.2217],[-6.4492,37.22497],[-6.4475,37.22836],[-6.44593,37.23153],[-6.44423,37.23492],[-6.44438,37.23896],[-6.44455,37.24363],[-6.4447,37.24794],[-6.44484,37.2521],[-6.44501,37.25669],[-6.44517,37.26096],[-6.44528,37.2642],[-6.44804,37.26795],[-6.45057,37.2714],[-6.45298,37.27468],[-6.45543,37.27802],[-6.45767,37.28106],[-6.4575,37.28411],[-6.45731,37.28704],[-6.45861,37.29026],[-6.46023,37.29421],[-6.46184,37.29815],[-6.46345,37.30214],[-6.46516,37.3062],[-6.46474,37.30932],[-6.46343,37.3116],[-6.45851,37.31329],[-6.45335,37.31506],[-6.44873,37.31665],[-6.44381,37.31834],[-6.43958,37.32207],[-6.43394,37.32396],[-6.43139,37.32611],[-6.42777,37.32915],[-6.42417,37.3322],[-6.42067,37.33515],[-6.41538,37.33702],[-6.41021,37.33885],[-6.40529,37.34057],[-6.40027,37.34234],[-6.39505,37.34279],[-6.38983,37.34325],[-6.3867,37.34352],[-6.38467,37.3437],[-6.38148,37.34595],[-6.37789,37.34847],[-6.37455,37.3508],[-6.37029,37.35129],[-6.36623,37.35175],[-6.36132,37.35118],[-6.35653,37.35064],[-6.3517,37.35008],[-6.34657,37.34949],[-6.34141,37.3489],[-6.33618,37.3483],[-6.33018,37.34932],[-6.32528,37.35016],[-6.32,37.34917],[-6.31501,37.34825],[-6.30931,37.34719],[-6.30446,37.34629],[-6.29906,37.34528],[-6.29334,37.34422],[-6.28831,37.34327],[-6.28248,37.34219],[-6.27701,37.34238],[-6.2724,37.34254],[-6.26739,37.34271],[-6.26171,37.34102],[-6.25657,37.3395],[-6.25093,37.33956],[-6.24543,37.33962],[-6.24053,37.33967],[-6.2366,37.33697],[-6.23191,37.33374],[-6.22941,37.33202],[-6.22712,37.33045],[-6.22302,37.32973],[-6.21788,37.32883],[-6.21258,37.32791],[-6.20778,37.32706],[-6.20293,37.32622],[-6.19833,37.32541],[-6.19313,37.32451],[-6.18842,37.32367],[-6.1843,37.32392],[-6.17787,37.32432],[-6.17266,37.32464],[-6.16757,37.32495],[-6.16313,37.32523],[-6.16009,37.32406],[-6.15709,37.3229],[-6.15519,37.31962],[-6.15359,37.31687],[-6.15192,37.31398],[-6.1501,37.31084],[-6.14717,37.30962],[-6.14339,37.30981],[-6.14019,37.30998],[-6.13742,37.31225],[-6.13428,37.31484],[-6.13167,37.31698],[-6.12973,37.3196],[-6.12787,37.32212],[-6.1256,37.32513],[-6.12383,37.3275],[-6.12272,37.33035],[-6.12154,37.33341],[-6.12024,37.33678],[-6.11937,37.33903],[-6.11546,37.34212],[-6.11253,37.34442],[-6.10885,37.34732],[-6.10563,37.34874],[-6.1038,37.3484],[-6.10008,37.34772],[-6.0977,37.34633],[-6.09529,37.34494],[-6.09505,37.34468]]}},{"type":"Feature","properties":{"id":"way/664935364","kind":"overhead","voltageClass":"low","voltageKv":66,"name":null,"circuits":1,"cables":"3","source":"osm"},"geometry":{"type":"LineString","coordinates":[[-5.97701,37.31921],[-5.9776,37.32005],[-5.97867,37.32163],[-5.98021,37.32387],[-5.98229,37.3269],[-5.98229,37.3269]]}},{"type":"Feature","properties":{"id":"way/664935366","kind":"overhead","voltageClass":"low","voltageKv":66,"name":"Línea de alta tensión Dos Hermanas - Fuente del Rey 1 y Dos Hermanas - Fuente del Rey 2","circuits":2,"cables":"6","source":"osm"},"geometry":{"type":"LineString","coordinates":[[-5.98693,37.30427],[-5.98701,37.30593],[-5.98974,37.30704],[-5.98783,37.31008],[-5.98659,37.31206],[-5.98564,37.31354],[-5.98354,37.31336],[-5.98201,37.31323],[-5.97825,37.31291],[-5.97793,37.31581],[-5.97758,37.31877],[-5.97701,37.31921],[-5.97458,37.31791],[-5.97224,37.31666],[-5.96968,37.31528],[-5.96748,37.31521],[-5.96513,37.31564],[-5.96289,37.31604],[-5.96093,37.3164],[-5.95885,37.31678],[-5.95729,37.31707],[-5.95483,37.31751],[-5.95282,37.31786],[-5.94981,37.31841],[-5.94756,37.31882],[-5.94554,37.31916],[-5.94297,37.3196]]}},{"type":"Feature","properties":{"id":"way/816444575","kind":"overhead","voltageClass":"low","voltageKv":66,"name":"Línea de alta tensión Aljarafe - Laminillas","circuits":1,"cables":"3","source":"osm"},"geometry":{"type":"LineString","coordinates":[[-6.10512,37.3368],[-6.10225,37.33527],[-6.09945,37.33378],[-6.09678,37.33235],[-6.09398,37.33086],[-6.09013,37.33078],[-6.08729,37.33072],[-6.08334,37.33061],[-6.08052,37.33055],[-6.07664,37.33045],[-6.07388,37.33039],[-6.07012,37.3303],[-6.06795,37.33007],[-6.06451,37.32971],[-6.06147,37.32938]]}},{"type":"Feature","properties":{"id":"way/816444576","kind":"overhead","voltageClass":"low","voltageKv":66,"name":"Línea de alta tensión Aljarafe - Bormujos y Aljarafe - Zaudín","circuits":2,"cables":"6","source":"osm"},"geometry":{"type":"LineString","coordinates":[[-6.07773,37.35053],[-6.07866,37.35066],[-6.08025,37.35033],[-6.08245,37.34962],[-6.08464,37.34834],[-6.08683,37.34714],[-6.08968,37.34551],[-6.0922,37.34411],[-6.09408,37.34373]]}},{"type":"Feature","properties":{"id":"way/828935508","kind":"overhead","voltageClass":"low","voltageKv":66,"name":"Línea de alta tensión Isla Mayor - Palomares","circuits":1,"cables":"3","source":"osm"},"geometry":{"type":"LineString","coordinates":[[-6.04871,37.31295],[-6.04902,37.31257],[-6.05125,37.31069],[-6.05454,37.30863],[-6.05718,37.30605],[-6.0592,37.30409],[-6.06126,37.30208],[-6.06407,37.29934],[-6.06668,37.29681],[-6.06914,37.2944],[-6.07137,37.29224],[-6.07406,37.28961],[-6.07634,37.28739],[-6.07858,37.28521],[-6.07986,37.2832],[-6.08085,37.28163],[-6.08121,37.27957],[-6.08168,37.27683],[-6.08227,37.27348],[-6.08274,37.27069],[-6.0832,37.26802],[-6.08423,37.2647],[-6.08521,37.2615],[-6.08598,37.25895],[-6.08693,37.25588],[-6.08781,37.25298],[-6.08857,37.25049],[-6.08927,37.2482],[-6.09011,37.24544],[-6.09101,37.24251],[-6.09191,37.23958],[-6.09278,37.23678],[-6.09428,37.23452],[-6.0958,37.23226],[-6.09747,37.22976],[-6.09905,37.22743],[-6.10077,37.22486],[-6.10268,37.22202],[-6.10443,37.21945],[-6.10585,37.21733],[-6.10712,37.21544],[-6.1085,37.2134],[-6.11025,37.2108],[-6.11189,37.20835],[-6.11359,37.20581],[-6.11542,37.2031],[-6.11703,37.20071],[-6.11886,37.198],[-6.12049,37.19557],[-6.12204,37.19326],[-6.12351,37.1911],[-6.12525,37.1885],[-6.12694,37.186],[-6.12864,37.18348],[-6.13033,37.18095],[-6.13196,37.17852],[-6.13333,37.17649],[-6.13466,37.17452],[-6.13634,37.17201],[-6.13827,37.16916],[-6.13998,37.16662],[-6.14083,37.1637],[-6.14125,37.1623],[-6.1415,37.1614],[-6.14148,37.16109]]}},{"type":"Feature","properties":{"id":"way/829978563","kind":"overhead","voltageClass":"medium","voltageKv":132,"name":"Línea de alta tensión EADS Casa - Parque Aeronáutico","circuits":2,"cables":"6","source":"osm"},"geometry":{"type":"LineString","coordinates":[[-5.85577,37.43699],[-5.85594,37.43529],[-5.856,37.43462],[-5.85625,37.43197],[-5.85635,37.43098],[-5.85649,37.4296],[-5.85435,37.42758],[-5.85404,37.42571],[-5.85401,37.42555],[-5.85364,37.42394],[-5.85324,37.42227],[-5.85285,37.42061],[-5.85292,37.41881],[-5.85298,37.41693],[-5.85304,37.41539],[-5.8531,37.41375],[-5.85314,37.41255],[-5.8532,37.41089],[-5.85326,37.4093],[-5.85594,37.41034],[-5.85953,37.41175],[-5.8634,37.41327],[-5.8675,37.41263],[-5.87122,37.41206],[-5.87314,37.41261],[-5.87552,37.41239]]}},{"type":"Feature","properties":{"id":"way/829978564","kind":"overhead","voltageClass":"medium","voltageKv":132,"name":"Línea de alta tensión Aeropuerto de Sevilla - Cross San Jerónimo y Cross San Jerónimo - Empalme","circuits":2,"cables":"6","source":"osm"},"geometry":{"type":"LineString","coordinates":[[-5.97108,37.43884],[-5.97002,37.44043],[-5.96847,37.44261],[-5.96664,37.44446],[-5.96634,37.44596],[-5.96506,37.44786],[-5.96373,37.4498],[-5.96229,37.45194]]}},{"type":"Feature","properties":{"id":"way/829978572","kind":"overhead","voltageClass":"medium","voltageKv":132,"name":null,"circuits":1,"cables":"3","source":"osm"},"geometry":{"type":"LineString","coordinates":[[-5.9927,37.42375],[-5.99353,37.42423]]}},{"type":"Feature","properties":{"id":"way/829978573","kind":"overhead","voltageClass":"medium","voltageKv":132,"name":null,"circuits":1,"cables":"3","source":"osm"},"geometry":{"type":"LineString","coordinates":[[-5.9927,37.42375],[-5.99183,37.42724]]}},{"type":"Feature","properties":{"id":"way/829978574","kind":"overhead","voltageClass":"medium","voltageKv":132,"name":null,"circuits":1,"cables":"3","source":"osm"},"geometry":{"type":"LineString","coordinates":[[-5.99183,37.42724],[-5.99353,37.42423]]}},{"type":"Feature","properties":{"id":"way/829978575","kind":"overhead","voltageClass":"low","voltageKv":66,"name":null,"circuits":2,"cables":"6","source":"osm"},"geometry":{"type":"LineString","coordinates":[[-5.99124,37.43194],[-5.98884,37.43135]]}},{"type":"Feature","properties":{"id":"way/829978576","kind":"overhead","voltageClass":"medium","voltageKv":132,"name":"Línea de alta tensión Cross San Jerónimo - Empalme","circuits":1,"cables":"3","source":"osm"},"geometry":{"type":"LineString","coordinates":[[-5.96321,37.4517],[-5.96229,37.45194]]}},{"type":"Feature","properties":{"id":"way/829978577","kind":"overhead","voltageClass":"medium","voltageKv":132,"name":"Línea de alta tensión Calonge - Santiponce y Cross San Jerónimo - Empalme","circuits":2,"cables":"6","source":"osm"},"geometry":{"type":"LineString","coordinates":[[-5.99183,37.42724],[-5.99146,37.42875],[-5.98884,37.43135],[-5.98731,37.43286],[-5.98632,37.43518],[-5.98529,37.43761],[-5.98431,37.44009],[-5.98317,37.44266],[-5.98071,37.44475],[-5.97826,37.44682],[-5.97519,37.44731],[-5.97179,37.44785],[-5.96857,37.44836]]}},{"type":"Feature","properties":{"id":"way/829978582","kind":"overhead","voltageClass":"low","voltageKv":66,"name":"Línea de alta tensión Alcores - Cantosal - El Viso del Alcor","circuits":1,"cables":"3","source":"osm"},"geometry":{"type":"LineString","coordinates":[[-5.85651,37.387],[-5.85591,37.38702]]}},{"type":"Feature","properties":{"id":"way/829978583","kind":"overhead","voltageClass":"low","voltageKv":66,"name":"Línea de alta tensión Alcores - Cantosal - El Viso del Alcor","circuits":2,"cables":"6","source":"osm"},"geometry":{"type":"LineString","coordinates":[[-5.85591,37.38702],[-5.85474,37.38758],[-5.85152,37.38788],[-5.8483,37.38801],[-5.84534,37.38798],[-5.84368,37.38753],[-5.84109,37.38701],[-5.83846,37.38741],[-5.83504,37.38792],[-5.83077,37.3885],[-5.82834,37.38821],[-5.82659,37.38798],[-5.82494,37.38818],[-5.82203,37.38851],[-5.81861,37.38891],[-5.81594,37.38921],[-5.81289,37.38956],[-5.81001,37.3899],[-5.80695,37.39025],[-5.80377,37.39062],[-5.8005,37.39098],[-5.79707,37.39138],[-5.7943,37.3917],[-5.79163,37.39217],[-5.78827,37.39276],[-5.78568,37.39322],[-5.78171,37.39391],[-5.7789,37.39441],[-5.77571,37.39497],[-5.77344,37.39536],[-5.7719,37.39563]]}},{"type":"Feature","properties":{"id":"way/829986788","kind":"overhead","voltageClass":"medium","voltageKv":132,"name":null,"circuits":2,"cables":"6","source":"osm"},"geometry":{"type":"LineString","coordinates":[[-5.80411,37.33579],[-5.80457,37.33583],[-5.80584,37.33589],[-5.80889,37.33608],[-5.81252,37.3363],[-5.81643,37.33653],[-5.81973,37.33673],[-5.82173,37.33685]]}},{"type":"Feature","properties":{"id":"way/829986789","kind":"overhead","voltageClass":"medium","voltageKv":132,"name":null,"circuits":1,"cables":"3","source":"osm"},"geometry":{"type":"LineString","coordinates":[[-5.82173,37.33685],[-5.82302,37.33697],[-5.82312,37.33707]]}},{"type":"Feature","properties":{"id":"way/829986790","kind":"overhead","voltageClass":"medium","voltageKv":132,"name":null,"circuits":1,"cables":"3","source":"osm"},"geometry":{"type":"LineString","coordinates":[[-5.82173,37.33685],[-5.82294,37.33704],[-5.82304,37.33714]]}},{"type":"Feature","properties":{"id":"way/913550244","kind":"overhead","voltageClass":"high","voltageKv":220,"name":null,"circuits":null,"cables":null,"source":"osm"},"geometry":{"type":"LineString","coordinates":[[-5.85974,37.24648],[-5.85927,37.24647],[-5.85586,37.24568],[-5.85231,37.24489],[-5.8496,37.24388],[-5.84846,37.24345],[-5.84705,37.24294],[-5.8468,37.24271]]}},{"type":"Feature","properties":{"id":"way/977168029","kind":"overhead","voltageClass":"low","voltageKv":66,"name":"Línea de alta tensión Aljarafe - Bollullos","circuits":1,"cables":"3","source":"osm"},"geometry":{"type":"LineString","coordinates":[[-6.09422,37.34369],[-6.09446,37.34415]]}},{"type":"Feature","properties":{"id":"way/977168030","kind":"overhead","voltageClass":"low","voltageKv":66,"name":"Línea de alta tensión Aljarafe - Laminilla","circuits":1,"cables":"3","source":"osm"},"geometry":{"type":"LineString","coordinates":[[-6.09422,37.34369],[-6.09431,37.34418]]}},{"type":"Feature","properties":{"id":"way/977168031","kind":"overhead","voltageClass":"low","voltageKv":66,"name":"Línea de alta tensión Aljarafe - Bormujos","circuits":1,"cables":"3","source":"osm"},"geometry":{"type":"LineString","coordinates":[[-6.09408,37.34373],[-6.09425,37.34419]]}},{"type":"Feature","properties":{"id":"way/977168032","kind":"overhead","voltageClass":"low","voltageKv":66,"name":"Línea de alta tensión Aljarafe - Zaudín","circuits":1,"cables":"3","source":"osm"},"geometry":{"type":"LineString","coordinates":[[-6.09408,37.34373],[-6.09415,37.3442]]}},{"type":"Feature","properties":{"id":"way/996050557","kind":"overhead","voltageClass":"medium","voltageKv":132,"name":null,"circuits":1,"cables":"3","source":"osm"},"geometry":{"type":"LineString","coordinates":[[-6.08151,37.51504],[-6.08126,37.51508]]}},{"type":"Feature","properties":{"id":"way/996050562","kind":"overhead","voltageClass":"medium","voltageKv":132,"name":"Línea de alta tensión Fundiciones Caetano - Ruta de la Plata y Guillena - Ruta de la Plata","circuits":2,"cables":"6","source":"osm"},"geometry":{"type":"LineString","coordinates":[[-6.09073,37.55192],[-6.08795,37.5522]]}},{"type":"Feature","properties":{"id":"way/996050564","kind":"overhead","voltageClass":"high","voltageKv":220,"name":"Línea de alta tensión Las Cruces - Salteras","circuits":1,"cables":"3","source":"osm"},"geometry":{"type":"LineString","coordinates":[[-6.10117,37.49582],[-6.10072,37.49561],[-6.10055,37.49554],[-6.09749,37.49433],[-6.09384,37.49288],[-6.09108,37.49063],[-6.08818,37.48825],[-6.08573,37.48625],[-6.08203,37.48512],[-6.07856,37.48405],[-6.07561,37.48314],[-6.07178,37.48197],[-6.07073,37.48165],[-6.07022,37.48158]]}},{"type":"Feature","properties":{"id":"way/996056804","kind":"overhead","voltageClass":"medium","voltageKv":132,"name":"Línea de alta tensión Aznalcóllar - Guillena","circuits":1,"cables":"3","source":"osm"},"geometry":{"type":"LineString","coordinates":[[-6.09884,37.63461],[-6.0985,37.63425],[-6.0986,37.63281],[-6.09877,37.63028],[-6.09967,37.62873],[-6.10081,37.62676],[-6.102,37.62472],[-6.10336,37.62238],[-6.10494,37.61964],[-6.10629,37.61731],[-6.10771,37.61562],[-6.10926,37.61376],[-6.1113,37.61132],[-6.11307,37.60921],[-6.11585,37.60589],[-6.12052,37.6003],[-6.12293,37.59795],[-6.12493,37.59601],[-6.12827,37.59278],[-6.13035,37.59074],[-6.13276,37.58841],[-6.13505,37.58619],[-6.13742,37.5839],[-6.14067,37.58074],[-6.14281,37.57865],[-6.14762,37.57398],[-6.1493,37.57233],[-6.152,37.57029],[-6.15432,37.56854],[-6.15875,37.56521],[-6.16225,37.56256],[-6.16564,37.55998],[-6.16848,37.55784],[-6.17133,37.55568],[-6.17513,37.55281],[-6.17752,37.55101],[-6.17935,37.54964],[-6.18224,37.54746],[-6.18511,37.54528],[-6.18768,37.54335],[-6.1899,37.54167],[-6.19191,37.54014],[-6.1939,37.53863],[-6.19557,37.53737],[-6.19722,37.53612],[-6.20143,37.53293],[-6.20475,37.53042],[-6.20744,37.52837],[-6.21105,37.52564],[-6.21448,37.52304],[-6.21769,37.52063]]}},{"type":"Feature","properties":{"id":"way/997896780","kind":"overhead","voltageClass":"low","voltageKv":66,"name":"Línea de alta tensión Alcolea del Río - Lora del Río","circuits":1,"cables":"3","source":"osm"},"geometry":{"type":"LineString","coordinates":[[-5.28535,37.7438],[-5.28721,37.74289],[-5.28988,37.74159],[-5.29219,37.74047],[-5.29623,37.73798],[-5.30058,37.7353],[-5.30188,37.73451],[-5.3029,37.73384],[-5.30422,37.73301],[-5.30573,37.73207],[-5.30695,37.73131],[-5.30872,37.73021],[-5.31017,37.72931],[-5.31195,37.72819],[-5.31339,37.72729],[-5.31475,37.72694],[-5.31728,37.72627],[-5.31962,37.7256],[-5.32138,37.72513],[-5.32818,37.72325],[-5.33791,37.72052],[-5.34579,37.71833],[-5.34779,37.71777],[-5.3532,37.71642],[-5.35789,37.71498],[-5.36268,37.71363],[-5.37562,37.70998],[-5.38001,37.70881],[-5.38249,37.70812],[-5.39269,37.70525],[-5.3952,37.70459],[-5.39697,37.70407],[-5.40274,37.70245],[-5.4046,37.70192],[-5.40586,37.70157],[-5.41007,37.70039],[-5.41216,37.6998],[-5.41443,37.69921],[-5.4165,37.6986],[-5.41862,37.698],[-5.42078,37.69739],[-5.42299,37.69677],[-5.42484,37.69625],[-5.4288,37.69514],[-5.43133,37.69439],[-5.43408,37.69369],[-5.43643,37.69303],[-5.43843,37.69248],[-5.44099,37.69178],[-5.44206,37.69148],[-5.44513,37.69059],[-5.44744,37.69003],[-5.44939,37.68952],[-5.45127,37.68903],[-5.45345,37.68845],[-5.46135,37.68637],[-5.46758,37.68471],[-5.47439,37.68288],[-5.47899,37.68166],[-5.48285,37.68084],[-5.48532,37.68021],[-5.49486,37.67775],[-5.49972,37.67649],[-5.50646,37.67474],[-5.50804,37.67431],[-5.51168,37.67333],[-5.51564,37.6723],[-5.5176,37.67176],[-5.51925,37.67133],[-5.52037,37.67103],[-5.52136,37.67048],[-5.52501,37.66846],[-5.52737,37.6669],[-5.52961,37.66522],[-5.53098,37.66444],[-5.53226,37.66424],[-5.53326,37.66398],[-5.53458,37.66317],[-5.53577,37.66254],[-5.53639,37.66218],[-5.53832,37.66111],[-5.53964,37.6603],[-5.53974,37.66026],[-5.54369,37.65815],[-5.54551,37.65716],[-5.54741,37.65612],[-5.54851,37.65551],[-5.54922,37.65517],[-5.55104,37.65412],[-5.55299,37.65305],[-5.55472,37.65211],[-5.5565,37.65113],[-5.55851,37.65003],[-5.56216,37.64803],[-5.5638,37.64714],[-5.5654,37.64628],[-5.56755,37.64508],[-5.56993,37.6438],[-5.57193,37.6427],[-5.57395,37.64161],[-5.57692,37.64014],[-5.57975,37.63847],[-5.58387,37.63625],[-5.58569,37.63524],[-5.58682,37.63464],[-5.58904,37.63344],[-5.59183,37.63195],[-5.59423,37.63067],[-5.5983,37.62845],[-5.60075,37.62714],[-5.60251,37.6262],[-5.60529,37.62472],[-5.60992,37.62226],[-5.6131,37.6205],[-5.61636,37.61979],[-5.62029,37.61999],[-5.6224,37.62009],[-5.62475,37.6202],[-5.62753,37.62033],[-5.6332,37.62058],[-5.63798,37.62085],[-5.64028,37.62096],[-5.64494,37.62125],[-5.64983,37.62154],[-5.65566,37.62179],[-5.65825,37.62194],[-5.6613,37.62217],[-5.66373,37.6223],[-5.66616,37.62237],[-5.66836,37.6241],[-5.67013,37.62542],[-5.67096,37.62388],[-5.67088,37.62207],[-5.67066,37.62198]]}},{"type":"Feature","properties":{"id":"way/998002096","kind":"overhead","voltageClass":"low","voltageKv":66,"name":"Línea de alta tensión Alcolea del Río - Cantillana","circuits":1,"cables":"3","source":"osm"},"geometry":{"type":"LineString","coordinates":[[-5.80923,37.58061],[-5.80811,37.58091],[-5.80621,37.58141],[-5.80355,37.5821],[-5.80148,37.58265],[-5.79921,37.58324],[-5.79697,37.5839],[-5.79408,37.58475],[-5.79113,37.58559],[-5.78654,37.58694],[-5.78451,37.58753],[-5.78125,37.5885],[-5.77816,37.58941],[-5.77515,37.59032],[-5.77297,37.59095],[-5.77063,37.59165],[-5.76749,37.59258],[-5.76498,37.59333],[-5.76234,37.59411],[-5.75939,37.59498],[-5.75658,37.59581],[-5.75385,37.59662],[-5.75046,37.59763],[-5.74774,37.59844],[-5.74442,37.59942],[-5.74128,37.60035],[-5.7383,37.60123],[-5.7355,37.60207],[-5.73282,37.60286],[-5.73081,37.60346],[-5.72755,37.60443],[-5.72488,37.60522],[-5.72265,37.60589],[-5.71992,37.60671],[-5.71722,37.60749],[-5.71446,37.6083],[-5.71151,37.60914],[-5.70939,37.60976],[-5.70673,37.61054],[-5.70413,37.6113],[-5.70165,37.61203],[-5.69925,37.61272],[-5.69633,37.61358],[-5.694,37.61425],[-5.69162,37.61496],[-5.68894,37.61573],[-5.68617,37.61655],[-5.68329,37.61738],[-5.68074,37.61812],[-5.67751,37.61907],[-5.67498,37.62021],[-5.67324,37.62098],[-5.6711,37.62194],[-5.67077,37.62184]]}},{"type":"Feature","properties":{"id":"way/998004423","kind":"overhead","voltageClass":"low","voltageKv":15,"name":null,"circuits":1,"cables":"3","source":"osm"},"geometry":{"type":"LineString","coordinates":[[-5.75104,37.59648],[-5.75384,37.59569],[-5.75669,37.59491],[-5.75943,37.59412],[-5.76195,37.59343],[-5.76461,37.59267],[-5.7675,37.59187],[-5.7703,37.59109],[-5.77296,37.59034],[-5.77586,37.58951],[-5.77848,37.58876],[-5.78099,37.58807],[-5.7839,37.58725],[-5.78673,37.58629],[-5.78868,37.58564],[-5.79112,37.58483]]}},{"type":"Feature","properties":{"id":"way/998006508","kind":"overhead","voltageClass":"low","voltageKv":66,"name":"Línea de alta tensión Agribética - Alcalá del Río","circuits":1,"cables":"3","source":"osm"},"geometry":{"type":"LineString","coordinates":[[-5.97472,37.51763],[-5.9745,37.51812],[-5.97414,37.51852],[-5.96875,37.51927],[-5.9675,37.51945],[-5.96519,37.51954],[-5.96312,37.51941],[-5.95914,37.51916],[-5.9569,37.51898],[-5.95463,37.51883],[-5.95239,37.51868],[-5.95013,37.51853],[-5.94786,37.51838],[-5.94592,37.51826],[-5.94366,37.5181],[-5.94149,37.51796],[-5.93924,37.51781],[-5.93699,37.51766],[-5.93472,37.51751],[-5.9327,37.51738],[-5.93056,37.51723],[-5.92605,37.51689],[-5.92451,37.51678],[-5.92248,37.51825],[-5.92053,37.51968],[-5.91871,37.521],[-5.91701,37.52223],[-5.91524,37.52352],[-5.91328,37.52495],[-5.911,37.52662],[-5.90894,37.52813],[-5.90663,37.5298],[-5.90474,37.53118],[-5.90248,37.53191],[-5.89991,37.5335],[-5.89508,37.53629],[-5.89286,37.5375],[-5.89029,37.53888],[-5.8878,37.54023],[-5.88568,37.54152],[-5.88518,37.54095]]}},{"type":"Feature","properties":{"id":"way/998116009","kind":"overhead","voltageClass":"low","voltageKv":66,"name":"Línea de alta tensión Alcalá del Río - Empalme - FASA_REN - RENFEACR","circuits":1,"cables":"3","source":"osm"},"geometry":{"type":"LineString","coordinates":[[-5.97465,37.51762],[-5.9745,37.51812],[-5.97429,37.5168],[-5.97443,37.51489],[-5.97456,37.51302],[-5.9747,37.51114],[-5.97483,37.50926],[-5.97497,37.50739],[-5.97512,37.50534],[-5.97525,37.50347],[-5.97538,37.50161],[-5.97552,37.49975],[-5.97566,37.49791],[-5.9758,37.49606],[-5.97592,37.4942],[-5.97606,37.49235],[-5.97625,37.48975],[-5.975,37.4893],[-5.97532,37.48822],[-5.97573,37.48678],[-5.97592,37.48588],[-5.97621,37.48401],[-5.97627,37.48197],[-5.97562,37.48023],[-5.977,37.47942],[-5.97709,37.47795],[-5.97721,37.47637],[-5.97782,37.47444],[-5.9783,37.47293],[-5.97925,37.46991],[-5.97981,37.46814],[-5.98038,37.46636],[-5.98094,37.46461]]}},{"type":"Feature","properties":{"id":"way/998120896","kind":"overhead","voltageClass":"low","voltageKv":66,"name":"Línea de alta tensión Alcolea del Río - Romeral","circuits":1,"cables":"3","source":"osm"},"geometry":{"type":"LineString","coordinates":[[-5.64964,37.5085],[-5.64972,37.51063],[-5.64983,37.51288],[-5.65014,37.51511],[-5.65046,37.51726],[-5.65079,37.51945],[-5.65111,37.52167],[-5.65144,37.52389],[-5.65173,37.52587],[-5.65206,37.5281],[-5.65238,37.53031],[-5.65269,37.53237],[-5.653,37.53454],[-5.65332,37.5367],[-5.65364,37.53886],[-5.65396,37.54099],[-5.65427,37.54311],[-5.65458,37.54523],[-5.65491,37.54738],[-5.65515,37.54907],[-5.65512,37.55107],[-5.65509,37.55301],[-5.65507,37.55495],[-5.65504,37.557],[-5.65502,37.55905],[-5.65499,37.561],[-5.65496,37.56313],[-5.65494,37.56568],[-5.65491,37.56794],[-5.65489,37.57031],[-5.65486,37.57264],[-5.65482,37.57496],[-5.6548,37.57702],[-5.65478,37.57934],[-5.65475,37.58174],[-5.65472,37.58356],[-5.65469,37.5856],[-5.65466,37.58773],[-5.65463,37.59007],[-5.6546,37.59218],[-5.65457,37.59438],[-5.65455,37.59649],[-5.65451,37.59867],[-5.65449,37.6005],[-5.65447,37.60261],[-5.65443,37.60476],[-5.65441,37.60686],[-5.65439,37.60862],[-5.65502,37.61196],[-5.65635,37.61353],[-5.65793,37.61543],[-5.65922,37.61698],[-5.66065,37.61868],[-5.66204,37.62034],[-5.66334,37.62189],[-5.66537,37.62211],[-5.66634,37.62235],[-5.66821,37.62301],[-5.66989,37.6236],[-5.67046,37.62308],[-5.67053,37.62243],[-5.6704,37.6223]]}},{"type":"Feature","properties":{"id":"way/998120901","kind":"overhead","voltageClass":"medium","voltageKv":132,"name":"Línea de alta tensión San José - Setefilla","circuits":1,"cables":"3","source":"osm"},"geometry":{"type":"LineString","coordinates":[[-5.66846,37.6207],[-5.67138,37.61984]]}},{"type":"Feature","properties":{"id":"way/998120902","kind":"overhead","voltageClass":"medium","voltageKv":132,"name":"Línea de alta tensión Alcolea del Río - Valle Inferior del Guadalquivir y San José - Setefilla","circuits":2,"cables":"6","source":"osm"},"geometry":{"type":"LineString","coordinates":[[-5.67138,37.61984],[-5.6741,37.61908],[-5.6798,37.61746],[-5.68273,37.61662],[-5.68567,37.61577],[-5.68841,37.61501],[-5.69095,37.61426],[-5.69374,37.61349],[-5.69691,37.61258],[-5.70007,37.61167],[-5.70298,37.61083],[-5.70636,37.60988],[-5.70993,37.60885],[-5.71176,37.60769],[-5.71336,37.60672],[-5.71604,37.60503],[-5.71867,37.60344],[-5.72166,37.60265],[-5.72458,37.60188],[-5.72759,37.60108],[-5.73016,37.60041],[-5.73338,37.59955],[-5.7363,37.59876],[-5.73925,37.59798],[-5.74203,37.59724],[-5.74505,37.59642],[-5.74806,37.59561],[-5.75098,37.59484],[-5.75436,37.59394],[-5.75758,37.59307],[-5.76086,37.59219],[-5.76414,37.5913],[-5.76724,37.59047],[-5.77055,37.58958],[-5.77383,37.58868],[-5.77676,37.58788],[-5.78003,37.58699],[-5.78328,37.58611],[-5.7865,37.58523],[-5.78953,37.58441],[-5.79283,37.5835],[-5.79611,37.58261],[-5.79946,37.58171],[-5.80276,37.58079],[-5.80616,37.57986],[-5.80952,37.57894],[-5.81291,37.57801],[-5.81445,37.57685],[-5.81663,37.57517],[-5.81905,37.57334],[-5.82143,37.57151],[-5.82298,37.57033],[-5.82548,37.56843],[-5.82797,37.56654],[-5.83052,37.56458],[-5.83289,37.56281],[-5.83496,37.56123],[-5.83752,37.55929],[-5.83999,37.55741],[-5.84238,37.55558],[-5.84485,37.55371],[-5.84634,37.55258]]}},{"type":"Feature","properties":{"id":"way/1002409021","kind":"overhead","voltageClass":"low","voltageKv":66,"name":"Línea de alta tensión Alcores - Cantosal - El Viso del Alcor","circuits":2,"cables":"6","source":"osm"},"geometry":{"type":"LineString","coordinates":[[-5.7719,37.39563],[-5.77102,37.3935],[-5.77008,37.39129],[-5.76799,37.38918],[-5.76751,37.38612],[-5.76646,37.38474],[-5.76588,37.38187]]}},{"type":"Feature","properties":{"id":"way/1002409024","kind":"overhead","voltageClass":"low","voltageKv":66,"name":"Línea de alta tensión Carmona - El Viso del Alcor","circuits":1,"cables":"3","source":"osm"},"geometry":{"type":"LineString","coordinates":[[-5.71595,37.40195],[-5.71629,37.40309],[-5.71732,37.40557],[-5.71825,37.40782],[-5.71956,37.411],[-5.72048,37.41323],[-5.72129,37.41518],[-5.72131,37.41771],[-5.72134,37.42058],[-5.72137,37.42299],[-5.7197,37.4255],[-5.71827,37.4277],[-5.71701,37.42958],[-5.71565,37.43163],[-5.71405,37.43406],[-5.71185,37.43576],[-5.7098,37.43736],[-5.7077,37.43899],[-5.70524,37.44089],[-5.70259,37.44295],[-5.70061,37.44447],[-5.69799,37.44647],[-5.69609,37.44792],[-5.69344,37.44995],[-5.69109,37.45175],[-5.68864,37.45362],[-5.68611,37.45556],[-5.68365,37.45743],[-5.68131,37.4592],[-5.67927,37.46077],[-5.67704,37.46248],[-5.67456,37.46438],[-5.67223,37.46615],[-5.66959,37.46817],[-5.66731,37.46991],[-5.66433,37.47218],[-5.66119,37.47309],[-5.65788,37.47392],[-5.65512,37.47466],[-5.65383,37.47552],[-5.65246,37.4758],[-5.65114,37.47582],[-5.64866,37.47559],[-5.64785,37.47613]]}},{"type":"Feature","properties":{"id":"way/1002409025","kind":"overhead","voltageClass":"low","voltageKv":66,"name":"Línea de alta tensión Carmona - Romeral","circuits":1,"cables":"3","source":"osm"},"geometry":{"type":"LineString","coordinates":[[-5.64785,37.47619],[-5.64854,37.47639],[-5.64826,37.47761],[-5.64748,37.47847],[-5.64672,37.47996],[-5.64601,37.48138],[-5.64695,37.4825],[-5.64726,37.48284],[-5.64854,37.48432],[-5.6486,37.48552],[-5.64869,37.48759],[-5.64879,37.48983],[-5.64889,37.49187],[-5.64899,37.49394],[-5.64908,37.49618],[-5.64917,37.49825],[-5.64928,37.50059],[-5.64937,37.50263],[-5.64945,37.50455],[-5.64954,37.50652],[-5.64964,37.5085]]}},{"type":"Feature","properties":{"id":"way/1002409026","kind":"overhead","voltageClass":"low","voltageKv":66,"name":"Línea de alta tensión Carmona - Marchena","circuits":1,"cables":"3","source":"osm"},"geometry":{"type":"LineString","coordinates":[[-5.64692,37.47819],[-5.64677,37.47845],[-5.64476,37.47979],[-5.6428,37.48111],[-5.64137,37.48207],[-5.63954,37.48225],[-5.63679,37.48251],[-5.63282,37.48289],[-5.62922,37.48049],[-5.62745,37.47932],[-5.62449,37.47735],[-5.62128,37.47521],[-5.61893,37.47364],[-5.61616,37.47179],[-5.61329,37.46988],[-5.61069,37.46814],[-5.60781,37.46622],[-5.60496,37.46432],[-5.6024,37.46262],[-5.60018,37.46033],[-5.59801,37.45812],[-5.5957,37.45709],[-5.59338,37.45605],[-5.59105,37.45503],[-5.58857,37.45337],[-5.58589,37.45158],[-5.58327,37.44984],[-5.58035,37.44788],[-5.57791,37.44626],[-5.57559,37.4447],[-5.57281,37.44285],[-5.57001,37.44097],[-5.56732,37.43918],[-5.56473,37.43727],[-5.56209,37.43533],[-5.55941,37.43336],[-5.5568,37.43143],[-5.55415,37.42948],[-5.55143,37.42748],[-5.54881,37.42556],[-5.54625,37.42367],[-5.54351,37.42166],[-5.54098,37.4198],[-5.53844,37.41792],[-5.53562,37.41585],[-5.53292,37.41387],[-5.5301,37.41179],[-5.52754,37.4099],[-5.52495,37.40799],[-5.52218,37.40596],[-5.51938,37.40389],[-5.51676,37.40195],[-5.51411,37.39999],[-5.51151,37.3981],[-5.50904,37.39629],[-5.5064,37.39434],[-5.50374,37.39238],[-5.50102,37.39037],[-5.4984,37.38844],[-5.49581,37.38654],[-5.49321,37.38463],[-5.49055,37.38266],[-5.48796,37.38074],[-5.48571,37.3787],[-5.48368,37.37681],[-5.48162,37.37493],[-5.47953,37.373],[-5.47691,37.37061],[-5.47443,37.36832],[-5.46987,37.36412],[-5.46723,37.36168],[-5.46509,37.35971],[-5.46307,37.35784],[-5.46013,37.35512],[-5.45864,37.35375],[-5.45686,37.35169],[-5.45455,37.34902],[-5.45265,37.34684],[-5.45058,37.34442],[-5.44864,37.34218],[-5.44659,37.33983],[-5.44472,37.33766],[-5.44272,37.33537],[-5.44102,37.33339],[-5.43904,37.3311],[-5.43752,37.32933],[-5.43584,37.32716],[-5.43442,37.32534],[-5.43304,37.3236],[-5.43292,37.32308]]}},{"type":"Feature","properties":{"id":"way/1002409037","kind":"overhead","voltageClass":"low","voltageKv":66,"name":"Línea de alta tensión Arahal I - Base Aérea de Morón","circuits":1,"cables":"3","source":"osm"},"geometry":{"type":"LineString","coordinates":[[-5.57755,37.25236],[-5.57723,37.24976],[-5.57786,37.24761],[-5.57869,37.24469],[-5.57935,37.24237],[-5.58019,37.23937],[-5.58071,37.23756],[-5.58119,37.23591],[-5.58181,37.23371],[-5.58251,37.23122],[-5.58322,37.22871],[-5.58387,37.2264],[-5.58438,37.22455],[-5.58499,37.22237],[-5.58551,37.22057],[-5.58624,37.21797],[-5.58697,37.21536],[-5.58796,37.21184],[-5.58851,37.20994],[-5.58935,37.20692],[-5.59014,37.20411],[-5.59089,37.20144],[-5.59161,37.19887],[-5.59251,37.19564],[-5.59319,37.19322],[-5.59369,37.19142],[-5.59428,37.18935],[-5.60091,37.18995],[-5.60117,37.18993]]}},{"type":"Feature","properties":{"id":"way/1002409039","kind":"overhead","voltageClass":"low","voltageKv":66,"name":"Línea de alta tensión Exolum Arahal 1 - Exolum Arahal 2","circuits":2,"cables":"6","source":"osm"},"geometry":{"type":"LineString","coordinates":[[-5.57755,37.25236],[-5.57789,37.25284],[-5.57989,37.25356],[-5.58193,37.25304],[-5.58355,37.25264],[-5.58594,37.25203],[-5.58793,37.25153],[-5.59036,37.25091],[-5.59279,37.2503],[-5.59441,37.24988],[-5.59609,37.24824],[-5.59752,37.24683],[-5.59882,37.24558],[-5.60002,37.24439],[-5.60143,37.243],[-5.60259,37.24187],[-5.60417,37.2403],[-5.60324,37.2395]]}},{"type":"Feature","properties":{"id":"way/1002409040","kind":"overhead","voltageClass":"low","voltageKv":66,"name":"Línea de alta tensión Exolum Arahal 2 - Don Rodrigo 1","circuits":2,"cables":"6","source":"osm"},"geometry":{"type":"LineString","coordinates":[[-5.84262,37.24412],[-5.84137,37.24414],[-5.84038,37.24446],[-5.83947,37.24477],[-5.8374,37.24547],[-5.83493,37.24684],[-5.8316,37.24573],[-5.82858,37.24577],[-5.82563,37.2458],[-5.82244,37.24584],[-5.81909,37.24588],[-5.81626,37.24591],[-5.81389,37.24594],[-5.81043,37.24743],[-5.80706,37.24671],[-5.80397,37.24605],[-5.80064,37.24609],[-5.79789,37.24612],[-5.79498,37.24616],[-5.79197,37.24619],[-5.78865,37.24623],[-5.78625,37.24626],[-5.78405,37.24628],[-5.78108,37.24632],[-5.77804,37.24635],[-5.77574,37.24638],[-5.77241,37.24642],[-5.76894,37.24646],[-5.76555,37.24649],[-5.7626,37.24653],[-5.7597,37.24656],[-5.75716,37.24659],[-5.75468,37.24662],[-5.75206,37.24665],[-5.74846,37.24737],[-5.74537,37.24799],[-5.74237,37.24859],[-5.73911,37.24925],[-5.73554,37.24996],[-5.73306,37.25045],[-5.7297,37.25113],[-5.72659,37.25175],[-5.72345,37.25238],[-5.7206,37.25295],[-5.71778,37.25351],[-5.71475,37.25412],[-5.71317,37.25443],[-5.71012,37.25411],[-5.70705,37.25378],[-5.70379,37.25344],[-5.70022,37.25306],[-5.69702,37.25272],[-5.69405,37.2524],[-5.691,37.25208],[-5.68799,37.25175],[-5.68484,37.25142],[-5.68176,37.25109],[-5.67868,37.25076],[-5.67525,37.2504],[-5.6715,37.25],[-5.66848,37.24968],[-5.66514,37.24932],[-5.66203,37.24899],[-5.65963,37.24873],[-5.65693,37.24844],[-5.65471,37.24821],[-5.65182,37.2479],[-5.64986,37.24769],[-5.64696,37.24738],[-5.64424,37.24709],[-5.6413,37.24677],[-5.63741,37.24662],[-5.63579,37.24656],[-5.6334,37.24587],[-5.62968,37.2449],[-5.62655,37.24425],[-5.62385,37.24368],[-5.62152,37.24319],[-5.61891,37.24264],[-5.61581,37.24199],[-5.61288,37.24137],[-5.60965,37.24069],[-5.60764,37.24027],[-5.60478,37.23966],[-5.60335,37.23943]]}},{"type":"Feature","properties":{"id":"way/1002409041","kind":"overhead","voltageClass":"low","voltageKv":66,"name":"Línea de alta tensión Don Rodrigo - Torrejón 1 y Don Rodrigo - Torrejón 2","circuits":2,"cables":"6","source":"osm"},"geometry":{"type":"LineString","coordinates":[[-5.84267,37.24401],[-5.84084,37.24335],[-5.84053,37.2412],[-5.84019,37.23881],[-5.83997,37.23478],[-5.83956,37.23148],[-5.83909,37.22771],[-5.83877,37.2252],[-5.83834,37.22168],[-5.83787,37.21782],[-5.83757,37.21549],[-5.83709,37.21158],[-5.83676,37.20887],[-5.83605,37.20586],[-5.83626,37.2034],[-5.83557,37.19967],[-5.83522,37.19689],[-5.83487,37.19409],[-5.83395,37.19338],[-5.83164,37.19202],[-5.82824,37.19002],[-5.82542,37.18836],[-5.82502,37.18545],[-5.82462,37.18252],[-5.82412,37.17887],[-5.82368,37.17576],[-5.8232,37.17221],[-5.82278,37.16908],[-5.82242,37.16645],[-5.82194,37.16298],[-5.82151,37.15986],[-5.82104,37.15643],[-5.82063,37.15346],[-5.81827,37.15237],[-5.81512,37.15093],[-5.8114,37.14922],[-5.80711,37.14725],[-5.80365,37.14566],[-5.80038,37.14416],[-5.79728,37.14274],[-5.79383,37.14116],[-5.7904,37.13958],[-5.78713,37.13807],[-5.78395,37.13729],[-5.78018,37.13775],[-5.77625,37.13751],[-5.77221,37.13591],[-5.76835,37.13439],[-5.76484,37.133],[-5.76121,37.13158],[-5.75793,37.13029],[-5.75439,37.12889],[-5.75138,37.12771],[-5.74765,37.12624],[-5.74472,37.12509],[-5.74032,37.12335],[-5.73654,37.12186],[-5.73294,37.12045],[-5.72841,37.11866],[-5.72477,37.11723],[-5.72046,37.11552],[-5.71729,37.11428],[-5.71358,37.11281],[-5.70926,37.11111],[-5.70556,37.10965],[-5.7022,37.10832],[-5.6978,37.10659],[-5.6945,37.10529],[-5.69125,37.104],[-5.68707,37.10235],[-5.68348,37.102],[-5.67863,37.10152],[-5.67512,37.10118],[-5.67141,37.10082],[-5.66511,37.1002],[-5.66082,37.09978],[-5.65666,37.09938],[-5.65303,37.09901],[-5.64932,37.09866],[-5.64565,37.09829],[-5.64184,37.09791],[-5.63848,37.10026],[-5.63413,37.10196],[-5.63044,37.10144],[-5.6261,37.10173],[-5.62173,37.10202],[-5.61802,37.10225],[-5.61331,37.10254],[-5.6094,37.10278],[-5.60556,37.10122],[-5.60108,37.10189],[-5.5962,37.10262],[-5.59214,37.10369],[-5.58802,37.10477],[-5.58432,37.10575],[-5.58192,37.10638],[-5.57789,37.10744],[-5.57344,37.10861],[-5.57006,37.10748]]}},{"type":"Feature","properties":{"id":"way/1002409042","kind":"overhead","voltageClass":"low","voltageKv":66,"name":"Línea de alta tensión Don Rodrigo - Morera y Morera - Utrera","circuits":2,"cables":"6","source":"osm"},"geometry":{"type":"LineString","coordinates":[[-5.80121,37.20604],[-5.80325,37.20501]]}},{"type":"Feature","properties":{"id":"way/1002409043","kind":"overhead","voltageClass":"low","voltageKv":66,"name":"Línea de alta tensión Don Rodrigo - Morera y Don Rodrigo - Utrera 2","circuits":2,"cables":"6","source":"osm"},"geometry":{"type":"LineString","coordinates":[[-5.84271,37.24383],[-5.84246,37.2436],[-5.84072,37.24202],[-5.83911,37.24054],[-5.83728,37.23887],[-5.83556,37.23731],[-5.83372,37.23564],[-5.83181,37.23391],[-5.8302,37.23245],[-5.8284,37.23083],[-5.82664,37.22922],[-5.82484,37.22759],[-5.8231,37.22601],[-5.82126,37.22432],[-5.81941,37.22266],[-5.81773,37.22111],[-5.81611,37.21963],[-5.81433,37.218],[-5.81244,37.21628],[-5.81132,37.21504],[-5.81008,37.21367],[-5.80666,37.21213],[-5.80483,37.21225],[-5.8036,37.21014],[-5.80287,37.20888],[-5.80201,37.20741],[-5.80121,37.20604]]}},{"type":"Feature","properties":{"id":"way/1002409044","kind":"overhead","voltageClass":"low","voltageKv":66,"name":"Línea de alta tensión Don Rodrigo - Utrera y Morera - Utrera","circuits":2,"cables":"6","source":"osm"},"geometry":{"type":"LineString","coordinates":[[-5.80121,37.20604],[-5.79916,37.20458],[-5.79727,37.20322],[-5.79542,37.20188],[-5.79137,37.19897],[-5.78939,37.19754],[-5.78727,37.19608],[-5.78567,37.19488],[-5.7838,37.19345]]}},{"type":"Feature","properties":{"id":"way/1002409047","kind":"overhead","voltageClass":"low","voltageKv":66,"name":"Línea de alta tensión Coronil - Don Rodrigo y Don Rodrigo - Los Palacios","circuits":2,"cables":"6","source":"osm"},"geometry":{"type":"LineString","coordinates":[[-5.8428,37.2438],[-5.84243,37.24335],[-5.84086,37.24187],[-5.8404,37.23883],[-5.84044,37.23538],[-5.84049,37.23209],[-5.84053,37.22962],[-5.84056,37.22723],[-5.83995,37.22404],[-5.83937,37.22099],[-5.8388,37.21797],[-5.83823,37.21495],[-5.83766,37.212],[-5.83713,37.20921],[-5.83652,37.20598],[-5.83588,37.20268],[-5.83509,37.20087],[-5.83445,37.20016],[-5.8327,37.19792],[-5.83099,37.19567],[-5.82878,37.19422],[-5.82656,37.19277],[-5.82518,37.19131],[-5.82219,37.18813],[-5.81974,37.18553],[-5.81632,37.18294],[-5.81587,37.18121],[-5.81542,37.17953],[-5.81192,37.17808],[-5.80926,37.1762],[-5.80683,37.17449],[-5.80361,37.17222],[-5.80075,37.17021],[-5.79801,37.16828],[-5.79762,37.16589],[-5.79717,37.16314]]}},{"type":"Feature","properties":{"id":"way/1002409057","kind":"overhead","voltageClass":"low","voltageKv":66,"name":"Línea de alta tensión Los Palacios - Utrera 2","circuits":1,"cables":"3","source":"osm"},"geometry":{"type":"LineString","coordinates":[[-5.77197,37.1773],[-5.77154,37.17873],[-5.77105,37.18041],[-5.77055,37.18208],[-5.77074,37.18324],[-5.77075,37.18369],[-5.77115,37.18413],[-5.77184,37.18452]]}},{"type":"Feature","properties":{"id":"way/1002409062","kind":"overhead","voltageClass":"low","voltageKv":66,"name":"Línea de alta tensión Los Palacios - Utrera 1","circuits":2,"cables":"6","source":"osm"},"geometry":{"type":"LineString","coordinates":[[-5.77003,37.17622],[-5.76936,37.17658],[-5.76771,37.17869],[-5.76865,37.18106],[-5.76931,37.1828],[-5.77115,37.18413],[-5.77179,37.18456]]}},{"type":"Feature","properties":{"id":"way/1002409064","kind":"overhead","voltageClass":"low","voltageKv":66,"name":"Línea de alta tensión Torrejón - Utrera","circuits":1,"cables":"3","source":"osm"},"geometry":{"type":"LineString","coordinates":[[-5.77168,37.18463],[-5.77092,37.18413],[-5.76948,37.18393],[-5.7674,37.18322],[-5.76541,37.18254],[-5.76321,37.18179],[-5.76109,37.18107],[-5.75882,37.18029],[-5.75657,37.1795],[-5.75433,37.17872],[-5.75212,37.17795],[-5.74994,37.17719],[-5.74795,37.17651],[-5.74596,37.17582],[-5.7438,37.17507],[-5.74129,37.17421],[-5.73873,37.17334],[-5.73634,37.17253],[-5.73393,37.17155],[-5.73134,37.17066],[-5.72905,37.16988],[-5.72678,37.1691],[-5.7246,37.16836],[-5.72202,37.16748],[-5.71951,37.16662],[-5.71698,37.16574],[-5.7146,37.16492],[-5.71214,37.16407],[-5.70983,37.16327],[-5.70744,37.16245],[-5.70478,37.16152],[-5.7021,37.16059],[-5.69952,37.1597],[-5.69677,37.15874],[-5.69411,37.15783],[-5.69148,37.15692],[-5.68884,37.156],[-5.68619,37.15509],[-5.68375,37.15425],[-5.68102,37.1533],[-5.67878,37.15254],[-5.67655,37.15176],[-5.67438,37.15102],[-5.67185,37.15014],[-5.66938,37.14928],[-5.66692,37.14844],[-5.66515,37.14694],[-5.66343,37.14548],[-5.66172,37.14402],[-5.65997,37.14253],[-5.65823,37.14106],[-5.65651,37.13959],[-5.65477,37.13812],[-5.65304,37.13664],[-5.65142,37.13526],[-5.64973,37.13383],[-5.64779,37.13218],[-5.64607,37.13071],[-5.64452,37.12939],[-5.64315,37.12822],[-5.64147,37.1268],[-5.63914,37.12584],[-5.63685,37.12491],[-5.63471,37.12405],[-5.63284,37.12413],[-5.62992,37.12425],[-5.62822,37.12433],[-5.62543,37.12445],[-5.62265,37.12457],[-5.61983,37.12469],[-5.61706,37.12481],[-5.61426,37.12493],[-5.61154,37.12505],[-5.60894,37.12475],[-5.60638,37.12446],[-5.60368,37.12415],[-5.6011,37.12385],[-5.59855,37.12356],[-5.59598,37.12326],[-5.59355,37.12294],[-5.59093,37.12259],[-5.5881,37.1222],[-5.58541,37.12185],[-5.58294,37.12152],[-5.58012,37.12114],[-5.57734,37.12077],[-5.57451,37.12039],[-5.57209,37.12006],[-5.57149,37.11785],[-5.57037,37.11579],[-5.56959,37.11427],[-5.56893,37.11233]]}},{"type":"Feature","properties":{"id":"way/1003975865","kind":"overhead","voltageClass":"low","voltageKv":66,"name":"Línea de alta tensión Alcolea del Río - Romeral y Carmona - Romeral","circuits":2,"cables":"6","source":"osm"},"geometry":{"type":"LineString","coordinates":[[-5.65297,37.50742],[-5.65165,37.50785],[-5.64964,37.5085]]}},{"type":"Feature","properties":{"id":"way/1004034321","kind":"overhead","voltageClass":"low","voltageKv":66,"name":null,"circuits":2,"cables":"6","source":"osm"},"geometry":{"type":"LineString","coordinates":[[-6.0086,37.34184],[-6.0069,37.34664],[-6.00637,37.34817],[-6.00312,37.35014],[-6.00301,37.35259],[-6.00291,37.35507],[-6.0028,37.35751],[-6.00272,37.35933],[-6.00209,37.36187],[-6.00161,37.36269],[-6.00011,37.36434],[-5.99993,37.36601]]}},{"type":"Feature","properties":{"id":"way/1004034324","kind":"overhead","voltageClass":"low","voltageKv":66,"name":null,"circuits":2,"cables":"6","source":"osm"},"geometry":{"type":"LineString","coordinates":[[-6.00335,37.33716],[-6.00207,37.33565]]}},{"type":"Feature","properties":{"id":"way/1004034325","kind":"overhead","voltageClass":"low","voltageKv":66,"name":null,"circuits":1,"cables":"3","source":"osm"},"geometry":{"type":"LineString","coordinates":[[-6.00164,37.33585],[-6.00207,37.33565]]}},{"type":"Feature","properties":{"id":"way/1004034326","kind":"overhead","voltageClass":"low","voltageKv":66,"name":null,"circuits":1,"cables":"3","source":"osm"},"geometry":{"type":"LineString","coordinates":[[-6.00379,37.33711],[-6.00335,37.33716]]}},{"type":"Feature","properties":{"id":"way/1004034327","kind":"overhead","voltageClass":"low","voltageKv":66,"name":null,"circuits":2,"cables":"6","source":"osm"},"geometry":{"type":"LineString","coordinates":[[-6.0086,37.34184],[-6.00678,37.33908],[-6.00594,37.33838],[-6.00379,37.33711],[-6.00247,37.33553],[-6.0009,37.33364],[-5.99925,37.33171],[-5.99665,37.33109]]}},{"type":"Feature","properties":{"id":"way/1004034328","kind":"overhead","voltageClass":"low","voltageKv":66,"name":"Línea de alta tensión Guadaíra - Torrecuéllar y Palomares - Torrecuéllar","circuits":2,"cables":"6","source":"osm"},"geometry":{"type":"LineString","coordinates":[[-6.00207,37.33565],[-6.00042,37.33373],[-5.99897,37.33199]]}},{"type":"Feature","properties":{"id":"way/1004034330","kind":"overhead","voltageClass":"low","voltageKv":66,"name":"Línea de alta tensión Guadaíra - Palomares y Palomares - Torrecuéllar","circuits":1,"cables":"3","source":"osm"},"geometry":{"type":"LineString","coordinates":[[-6.03791,37.31374],[-6.03424,37.31556],[-6.03241,37.31603],[-6.03063,37.31652],[-6.02883,37.31698],[-6.0255,37.31784],[-6.02212,37.3187],[-6.01815,37.31972],[-6.0159,37.3212]]}},{"type":"Feature","properties":{"id":"way/1004034331","kind":"overhead","voltageClass":"low","voltageKv":66,"name":null,"circuits":4,"cables":"12","source":"osm"},"geometry":{"type":"LineString","coordinates":[[-5.9952,37.33132],[-5.99665,37.33109]]}},{"type":"Feature","properties":{"id":"way/1004034332","kind":"overhead","voltageClass":"low","voltageKv":66,"name":null,"circuits":2,"cables":"6","source":"osm"},"geometry":{"type":"LineString","coordinates":[[-5.9937,37.33188],[-5.9952,37.33132]]}},{"type":"Feature","properties":{"id":"way/1004034333","kind":"overhead","voltageClass":"low","voltageKv":66,"name":null,"circuits":3,"cables":"9","source":"osm"},"geometry":{"type":"LineString","coordinates":[[-5.9937,37.33188],[-5.99121,37.33267]]}},{"type":"Feature","properties":{"id":"way/1004034334","kind":"overhead","voltageClass":"low","voltageKv":66,"name":null,"circuits":3,"cables":"9","source":"osm"},"geometry":{"type":"LineString","coordinates":[[-5.99111,37.33234],[-5.99354,37.33169]]}},{"type":"Feature","properties":{"id":"way/1004034337","kind":"overhead","voltageClass":"low","voltageKv":66,"name":null,"circuits":1,"cables":"3","source":"osm"},"geometry":{"type":"LineString","coordinates":[[-5.99121,37.33267],[-5.9901,37.33318]]}},{"type":"Feature","properties":{"id":"way/1004034339","kind":"overhead","voltageClass":"low","voltageKv":66,"name":null,"circuits":2,"cables":"6","source":"osm"},"geometry":{"type":"LineString","coordinates":[[-5.99095,37.33739],[-5.98972,37.33641],[-5.9894,37.33538],[-5.99,37.33311],[-5.99121,37.33267]]}},{"type":"Feature","properties":{"id":"way/1004034340","kind":"overhead","voltageClass":"low","voltageKv":66,"name":null,"circuits":2,"cables":"6","source":"osm"},"geometry":{"type":"LineString","coordinates":[[-5.99093,37.33756],[-5.98953,37.3368],[-5.98903,37.33539],[-5.99,37.33271],[-5.99111,37.33234]]}},{"type":"Feature","properties":{"id":"way/1004034343","kind":"overhead","voltageClass":"low","voltageKv":66,"name":null,"circuits":2,"cables":"6","source":"osm"},"geometry":{"type":"LineString","coordinates":[[-6.0223,37.38119],[-6.01993,37.37865],[-6.01775,37.3766],[-6.0161,37.37503],[-6.01557,37.37447],[-6.01436,37.37275],[-6.01345,37.37146],[-6.01141,37.37059],[-6.00913,37.37007],[-6.00676,37.36958],[-6.00472,37.36918]]}},{"type":"Feature","properties":{"id":"way/1004034344","kind":"overhead","voltageClass":"low","voltageKv":66,"name":null,"circuits":2,"cables":"6","source":"osm"},"geometry":{"type":"LineString","coordinates":[[-6.02457,37.38072],[-6.02301,37.38084],[-6.0223,37.38119]]}},{"type":"Feature","properties":{"id":"way/1004041473","kind":"overhead","voltageClass":"low","voltageKv":66,"name":"Línea de alta tensión Aljarafe - Bollullos de la Mitación","circuits":1,"cables":"3","source":"osm"},"geometry":{"type":"LineString","coordinates":[[-6.13468,37.34554],[-6.13316,37.34535],[-6.12978,37.34494],[-6.12602,37.34449],[-6.1217,37.34393],[-6.1175,37.34339],[-6.1151,37.34211],[-6.11271,37.34083],[-6.11113,37.34],[-6.10902,37.33887],[-6.10782,37.33823],[-6.10512,37.3368]]}},{"type":"Feature","properties":{"id":"way/1004041474","kind":"overhead","voltageClass":"low","voltageKv":66,"name":"Línea de alta tensión Aljarafe - Bollullos y Aljarafe - Laminilla","circuits":2,"cables":"6","source":"osm"},"geometry":{"type":"LineString","coordinates":[[-6.09422,37.34369],[-6.0938,37.34339],[-6.09478,37.34192],[-6.09722,37.34026],[-6.0993,37.33883],[-6.1015,37.33807],[-6.10512,37.3368]]}},{"type":"Feature","properties":{"id":"way/1004041476","kind":"overhead","voltageClass":"low","voltageKv":66,"name":"Línea de alta tensión Alcalá de Guadaira - Palomares","circuits":2,"cables":"6","source":"osm"},"geometry":{"type":"LineString","coordinates":[[-6.03791,37.31374],[-6.04054,37.31356],[-6.04419,37.31329],[-6.04747,37.31306]]}},{"type":"Feature","properties":{"id":"way/1030712516","kind":"overhead","voltageClass":"unknown","voltageKv":null,"name":null,"circuits":null,"cables":null,"source":"osm"},"geometry":{"type":"LineString","coordinates":[[-6.10177,37.40741],[-6.10157,37.40772]]}},{"type":"Feature","properties":{"id":"way/1032009167","kind":"overhead","voltageClass":"medium","voltageKv":132,"name":null,"circuits":1,"cables":"3","source":"osm"},"geometry":{"type":"LineString","coordinates":[[-5.79647,37.42361],[-5.79669,37.42361],[-5.7994,37.42353],[-5.80258,37.42345],[-5.80477,37.4234],[-5.80647,37.42337],[-5.81038,37.4227],[-5.8141,37.42209],[-5.81842,37.42133],[-5.81942,37.41824],[-5.82036,37.4152],[-5.8212,37.41268],[-5.82204,37.41008],[-5.82287,37.40728],[-5.82392,37.40411],[-5.82489,37.40114],[-5.82573,37.39824],[-5.82621,37.39439],[-5.82669,37.39068],[-5.82682,37.38958],[-5.82819,37.38801],[-5.83272,37.38723],[-5.83641,37.38661],[-5.84052,37.3859],[-5.84382,37.38648],[-5.84715,37.38705],[-5.84939,37.38673],[-5.85161,37.38641],[-5.85431,37.38515],[-5.85701,37.38387],[-5.85752,37.3852],[-5.85718,37.3854]]}},{"type":"Feature","properties":{"id":"way/1032009174","kind":"overhead","voltageClass":"medium","voltageKv":132,"name":null,"circuits":null,"cables":null,"source":"osm"},"geometry":{"type":"LineString","coordinates":[[-5.79652,37.42858],[-5.79721,37.42677],[-5.79934,37.42531],[-5.80117,37.42423],[-5.80406,37.42407],[-5.80428,37.42392]]}},{"type":"Feature","properties":{"id":"way/1032906162","kind":"overhead","voltageClass":"low","voltageKv":66,"name":null,"circuits":2,"cables":"6","source":"osm"},"geometry":{"type":"LineString","coordinates":[[-6.00335,37.33716],[-6.00362,37.33837],[-6.00356,37.34008],[-6.00347,37.34188],[-6.00338,37.34379],[-6.0033,37.34558],[-6.00326,37.34704]]}},{"type":"Feature","properties":{"id":"way/1032906163","kind":"overhead","voltageClass":"low","voltageKv":66,"name":null,"circuits":1,"cables":"3","source":"osm"},"geometry":{"type":"LineString","coordinates":[[-6.04814,37.31315],[-6.04893,37.31305]]}},{"type":"Feature","properties":{"id":"way/1032906164","kind":"overhead","voltageClass":"low","voltageKv":66,"name":null,"circuits":1,"cables":"3","source":"osm"},"geometry":{"type":"LineString","coordinates":[[-6.04814,37.31315],[-6.04894,37.3131]]}},{"type":"Feature","properties":{"id":"way/1032906165","kind":"overhead","voltageClass":"low","voltageKv":66,"name":null,"circuits":1,"cables":"3","source":"osm"},"geometry":{"type":"LineString","coordinates":[[-6.04747,37.31306],[-6.04871,37.31295],[-6.04891,37.31294]]}},{"type":"Feature","properties":{"id":"way/1032906168","kind":"overhead","voltageClass":"low","voltageKv":66,"name":null,"circuits":1,"cables":"3","source":"osm"},"geometry":{"type":"LineString","coordinates":[[-6.04747,37.31306],[-6.04892,37.31299]]}},{"type":"Feature","properties":{"id":"way/1036502157","kind":"underground","voltageClass":"medium","voltageKv":132,"name":null,"circuits":2,"cables":"6","source":"osm"},"geometry":{"type":"LineString","coordinates":[[-5.87552,37.41239],[-5.88353,37.40716]]}},{"type":"Feature","properties":{"id":"way/1036775501","kind":"overhead","voltageClass":"medium","voltageKv":132,"name":null,"circuits":1,"cables":"3","source":"osm"},"geometry":{"type":"LineString","coordinates":[[-5.85769,37.38564],[-5.8573,37.38566]]}},{"type":"Feature","properties":{"id":"way/1036775502","kind":"overhead","voltageClass":"medium","voltageKv":132,"name":null,"circuits":1,"cables":"3","source":"osm"},"geometry":{"type":"LineString","coordinates":[[-5.85769,37.38564],[-5.85734,37.38575]]}},{"type":"Feature","properties":{"id":"way/1036775503","kind":"overhead","voltageClass":"medium","voltageKv":132,"name":"Línea de alta tensión Alcores - Parque Aeronáutico y Alcores - Santa Elvira 1","circuits":2,"cables":"6","source":"osm"},"geometry":{"type":"LineString","coordinates":[[-5.8581,37.38705],[-5.85769,37.38564]]}},{"type":"Feature","properties":{"id":"way/1036775507","kind":"overhead","voltageClass":"low","voltageKv":66,"name":null,"circuits":1,"cables":"3","source":"osm"},"geometry":{"type":"LineString","coordinates":[[-5.8642,37.35668],[-5.86452,37.35653],[-5.86446,37.35664]]}},{"type":"Feature","properties":{"id":"way/1036775508","kind":"overhead","voltageClass":"low","voltageKv":66,"name":null,"circuits":1,"cables":"3","source":"osm"},"geometry":{"type":"LineString","coordinates":[[-5.8642,37.35668],[-5.86459,37.35656],[-5.86453,37.35666]]}},{"type":"Feature","properties":{"id":"way/1036775510","kind":"overhead","voltageClass":"low","voltageKv":66,"name":null,"circuits":1,"cables":"3","source":"osm"},"geometry":{"type":"LineString","coordinates":[[-5.866,37.35506],[-5.86581,37.35644],[-5.86445,37.3565],[-5.86439,37.35661]]}},{"type":"Feature","properties":{"id":"way/1036775511","kind":"overhead","voltageClass":"low","voltageKv":66,"name":null,"circuits":1,"cables":"3","source":"osm"},"geometry":{"type":"LineString","coordinates":[[-5.86439,37.35675],[-5.86595,37.35652],[-5.86634,37.35407]]}},{"type":"Feature","properties":{"id":"way/1036775512","kind":"overhead","voltageClass":"low","voltageKv":66,"name":null,"circuits":1,"cables":"3","source":"osm"},"geometry":{"type":"LineString","coordinates":[[-5.86439,37.35675],[-5.86591,37.3565],[-5.86634,37.35407]]}},{"type":"Feature","properties":{"id":"way/1036775513","kind":"overhead","voltageClass":"low","voltageKv":66,"name":null,"circuits":1,"cables":"3","source":"osm"},"geometry":{"type":"LineString","coordinates":[[-5.866,37.35506],[-5.86577,37.35641],[-5.86438,37.35647],[-5.86432,37.35658]]}},{"type":"Feature","properties":{"id":"way/1036775514","kind":"overhead","voltageClass":"low","voltageKv":66,"name":null,"circuits":2,"cables":"6","source":"osm"},"geometry":{"type":"LineString","coordinates":[[-5.86634,37.35407],[-5.86682,37.35362],[-5.86824,37.35317],[-5.87016,37.35029],[-5.8725,37.35016],[-5.87393,37.35043]]}},{"type":"Feature","properties":{"id":"way/1036775515","kind":"overhead","voltageClass":"low","voltageKv":66,"name":null,"circuits":1,"cables":"3","source":"osm"},"geometry":{"type":"LineString","coordinates":[[-5.87393,37.35043],[-5.87384,37.35124],[-5.87366,37.35291],[-5.87361,37.35297]]}},{"type":"Feature","properties":{"id":"way/1036775517","kind":"overhead","voltageClass":"low","voltageKv":66,"name":null,"circuits":1,"cables":"3","source":"osm"},"geometry":{"type":"LineString","coordinates":[[-5.8735,37.35291],[-5.87347,37.35282],[-5.87357,37.35],[-5.87138,37.34879]]}},{"type":"Feature","properties":{"id":"way/1036775518","kind":"overhead","voltageClass":"medium","voltageKv":132,"name":null,"circuits":1,"cables":"3","source":"osm"},"geometry":{"type":"LineString","coordinates":[[-5.87294,37.35705],[-5.87268,37.35705]]}},{"type":"Feature","properties":{"id":"way/1036775520","kind":"overhead","voltageClass":"high","voltageKv":220,"name":null,"circuits":1,"cables":"3","source":"osm"},"geometry":{"type":"LineString","coordinates":[[-6.06913,37.48154],[-6.06964,37.4817]]}},{"type":"Feature","properties":{"id":"way/1036775521","kind":"overhead","voltageClass":"high","voltageKv":220,"name":null,"circuits":1,"cables":"3","source":"osm"},"geometry":{"type":"LineString","coordinates":[[-6.06913,37.48154],[-6.06968,37.48158]]}},{"type":"Feature","properties":{"id":"way/1036775524","kind":"overhead","voltageClass":"medium","voltageKv":132,"name":null,"circuits":1,"cables":"3","source":"osm"},"geometry":{"type":"LineString","coordinates":[[-5.93858,37.47955],[-5.9387,37.47957]]}},{"type":"Feature","properties":{"id":"way/1036775525","kind":"overhead","voltageClass":"medium","voltageKv":132,"name":null,"circuits":1,"cables":"3","source":"osm"},"geometry":{"type":"LineString","coordinates":[[-5.93858,37.47955],[-5.93863,37.47963]]}},{"type":"Feature","properties":{"id":"way/1036775527","kind":"overhead","voltageClass":"medium","voltageKv":132,"name":null,"circuits":2,"cables":"6","source":"osm"},"geometry":{"type":"LineString","coordinates":[[-5.93749,37.47892],[-5.93858,37.47955]]}},{"type":"Feature","properties":{"id":"way/1036775528","kind":"overhead","voltageClass":"medium","voltageKv":132,"name":null,"circuits":2,"cables":"6","source":"osm"},"geometry":{"type":"LineString","coordinates":[[-5.93749,37.47892],[-5.93571,37.48069],[-5.9334,37.48222],[-5.93118,37.48368],[-5.92926,37.48496],[-5.9273,37.48623],[-5.92508,37.48771],[-5.92176,37.49137],[-5.91904,37.49465],[-5.91707,37.49694],[-5.91499,37.49933],[-5.91297,37.50163],[-5.9105,37.5035],[-5.90805,37.50539],[-5.90561,37.50727],[-5.90322,37.50902],[-5.90068,37.51096],[-5.89836,37.51271],[-5.89577,37.51466],[-5.89324,37.51659],[-5.89068,37.51854],[-5.88819,37.52042],[-5.88568,37.52236],[-5.88311,37.52431],[-5.88073,37.52622],[-5.87848,37.52795],[-5.87617,37.52968],[-5.87379,37.53151],[-5.87131,37.53338],[-5.86901,37.53514],[-5.86655,37.53703],[-5.86403,37.53901],[-5.86158,37.54093],[-5.85916,37.54281],[-5.85682,37.54461],[-5.85427,37.54654],[-5.8522,37.54812],[-5.84981,37.54996],[-5.84731,37.55185],[-5.84634,37.55258]]}},{"type":"Feature","properties":{"id":"way/1036775529","kind":"overhead","voltageClass":"medium","voltageKv":132,"name":null,"circuits":1,"cables":"3","source":"osm"},"geometry":{"type":"LineString","coordinates":[[-5.84634,37.55258],[-5.84651,37.55282]]}},{"type":"Feature","properties":{"id":"way/1036775530","kind":"overhead","voltageClass":"medium","voltageKv":132,"name":null,"circuits":1,"cables":"3","source":"osm"},"geometry":{"type":"LineString","coordinates":[[-5.84634,37.55258],[-5.84661,37.55274]]}},{"type":"Feature","properties":{"id":"way/1036775532","kind":"underground","voltageClass":"unknown","voltageKv":null,"name":null,"circuits":2,"cables":"6","source":"osm"},"geometry":{"type":"LineString","coordinates":[[-5.84629,37.55204],[-5.84684,37.55273]]}},{"type":"Feature","properties":{"id":"way/1038373177","kind":"underground","voltageClass":"low","voltageKv":66,"name":null,"circuits":2,"cables":"6","source":"osm"},"geometry":{"type":"LineString","coordinates":[[-5.93092,37.39076],[-5.93156,37.39027],[-5.93149,37.38985],[-5.93067,37.39004],[-5.93062,37.38992]]}},{"type":"Feature","properties":{"id":"way/1038373178","kind":"overhead","voltageClass":"high","voltageKv":220,"name":"Línea de alta tensión Alcores - Santa Elvira 1","circuits":1,"cables":"3","source":"osm"},"geometry":{"type":"LineString","coordinates":[[-5.85379,37.38633],[-5.85382,37.3868]]}},{"type":"Feature","properties":{"id":"way/1038373179","kind":"overhead","voltageClass":"high","voltageKv":220,"name":"Línea de alta tensión Alcores - Santa Elvira 2","circuits":1,"cables":"3","source":"osm"},"geometry":{"type":"LineString","coordinates":[[-5.85379,37.38633],[-5.85515,37.38623]]}},{"type":"Feature","properties":{"id":"way/1038373180","kind":"overhead","voltageClass":"high","voltageKv":220,"name":"Línea de alta tensión Alcores - Santa Elvira 1 y Alcores - Santa Elvira 2","circuits":2,"cables":"6","source":"osm"},"geometry":{"type":"LineString","coordinates":[[-5.86977,37.37835],[-5.86756,37.37996],[-5.86319,37.38315],[-5.85737,37.3839],[-5.85379,37.38633]]}},{"type":"Feature","properties":{"id":"way/1038373181","kind":"underground","voltageClass":"high","voltageKv":220,"name":"Línea de alta tensión Alcores - Santa Elvira","circuits":2,"cables":"6","source":"osm"},"geometry":{"type":"LineString","coordinates":[[-5.93118,37.39033],[-5.93129,37.39061],[-5.93076,37.39075],[-5.93038,37.39108],[-5.93027,37.39115],[-5.93001,37.39126],[-5.92793,37.39171],[-5.92778,37.39173],[-5.92763,37.3917],[-5.92757,37.39164],[-5.9272,37.39104],[-5.92704,37.39082],[-5.92668,37.39021],[-5.92653,37.38999],[-5.92647,37.38993],[-5.92636,37.38993],[-5.92627,37.38994],[-5.9261,37.39005],[-5.92604,37.39016],[-5.92595,37.39026],[-5.92586,37.39034],[-5.92574,37.39041],[-5.9256,37.39046],[-5.92547,37.39049],[-5.92531,37.3905],[-5.92515,37.39048],[-5.92502,37.39045],[-5.92462,37.3903],[-5.92442,37.39023],[-5.9242,37.39017],[-5.92394,37.39011],[-5.92361,37.39004],[-5.92324,37.38998],[-5.92283,37.38993],[-5.92182,37.3899],[-5.92104,37.3899],[-5.91944,37.38983],[-5.91749,37.38983],[-5.91476,37.38983],[-5.91466,37.38981],[-5.9145,37.38963],[-5.9145,37.3895],[-5.91453,37.3894],[-5.91462,37.38929],[-5.91642,37.38748],[-5.91666,37.38728],[-5.91646,37.38714],[-5.91483,37.38662],[-5.9146,37.38643],[-5.91393,37.38638],[-5.9128,37.38636],[-5.91273,37.38629],[-5.9127,37.38594],[-5.91258,37.38588],[-5.91149,37.38589],[-5.9102,37.38588],[-5.9101,37.38563],[-5.9097,37.38547],[-5.91024,37.38443],[-5.91024,37.38429],[-5.90819,37.38357],[-5.90429,37.38219],[-5.90083,37.38098],[-5.89883,37.38031],[-5.89863,37.38029],[-5.89846,37.38036],[-5.89647,37.38194],[-5.8948,37.38284],[-5.89319,37.38383],[-5.89289,37.38396],[-5.89257,37.38405],[-5.89222,37.38409],[-5.88985,37.38393],[-5.88904,37.38378],[-5.88797,37.38369],[-5.88685,37.38347],[-5.88606,37.38332],[-5.88444,37.38291],[-5.88283,37.38247],[-5.88042,37.38169],[-5.87414,37.38003],[-5.87244,37.37959],[-5.87232,37.37949],[-5.87212,37.37944],[-5.87196,37.37946],[-5.87186,37.37954],[-5.87172,37.37956],[-5.87076,37.37931],[-5.87007,37.37911],[-5.86964,37.37896],[-5.86966,37.37875],[-5.86988,37.37834],[-5.86986,37.3783],[-5.86982,37.37829],[-5.86977,37.37835]]}},{"type":"Feature","properties":{"id":"way/1043690159","kind":"overhead","voltageClass":"low","voltageKv":66,"name":"Línea de alta tensión Laminillas - Palomares del Río","circuits":1,"cables":"3","source":"osm"},"geometry":{"type":"LineString","coordinates":[[-6.06147,37.32938],[-6.06118,37.32966]]}},{"type":"Feature","properties":{"id":"way/1043690160","kind":"overhead","voltageClass":"low","voltageKv":66,"name":"Línea de alta tensión Aljarafe - Laminillas","circuits":1,"cables":"3","source":"osm"},"geometry":{"type":"LineString","coordinates":[[-6.06147,37.32938],[-6.06127,37.32965]]}},{"type":"Feature","properties":{"id":"way/1043690161","kind":"overhead","voltageClass":"low","voltageKv":66,"name":"Línea de alta tensión Laminillas - Palomares del Río","circuits":1,"cables":"3","source":"osm"},"geometry":{"type":"LineString","coordinates":[[-6.06147,37.32938],[-6.05575,37.32878],[-6.05358,37.32643],[-6.0519,37.32463],[-6.05055,37.32146],[-6.04958,37.31917],[-6.04847,37.31651],[-6.04744,37.3141],[-6.04798,37.3134],[-6.04897,37.31331]]}},{"type":"Feature","properties":{"id":"way/1143842303","kind":"underground","voltageClass":"low","voltageKv":15,"name":null,"circuits":2,"cables":"6","source":"osm"},"geometry":{"type":"LineString","coordinates":[[-6.08048,37.39644],[-6.08046,37.39647]]}},{"type":"Feature","properties":{"id":"way/1202853388","kind":"overhead","voltageClass":"low","voltageKv":66,"name":"Línea de alta tensión Agribética - Cantillana","circuits":1,"cables":"3","source":"osm"},"geometry":{"type":"LineString","coordinates":[[-5.80923,37.58061],[-5.81026,37.58034],[-5.81244,37.57977],[-5.8152,37.57904],[-5.81735,37.57846],[-5.81995,37.57778],[-5.82267,37.57706],[-5.82568,37.57627],[-5.82805,37.57564],[-5.83051,37.57498],[-5.83273,37.57439],[-5.83514,37.57376],[-5.83755,37.57311],[-5.84058,37.5723],[-5.84341,37.57153],[-5.84606,37.57084],[-5.84879,37.57009],[-5.85164,37.56932],[-5.8544,37.56858],[-5.85673,37.56795],[-5.86145,37.56664],[-5.86297,37.56513],[-5.86459,37.56346],[-5.86626,37.56173],[-5.86797,37.55996],[-5.86958,37.55829],[-5.87118,37.55662],[-5.87271,37.55503],[-5.87446,37.55323],[-5.87646,37.55115],[-5.8779,37.54965],[-5.87966,37.54783],[-5.88137,37.54606],[-5.88287,37.5445],[-5.88458,37.54274],[-5.88568,37.54152],[-5.88512,37.54098]]}},{"type":"Feature","properties":{"id":"way/1202853389","kind":"overhead","voltageClass":"low","voltageKv":66,"name":"Línea de alta tensión Alcolea del Río - Cantillana y Agribética - Cantillana","circuits":2,"cables":"6","source":"osm"},"geometry":{"type":"LineString","coordinates":[[-5.80923,37.58061],[-5.81043,37.58215],[-5.81168,37.58377],[-5.8129,37.58536],[-5.81415,37.58697],[-5.81355,37.58818],[-5.8128,37.58967],[-5.81206,37.59114]]}},{"type":"Feature","properties":{"id":"way/1202853390","kind":"overhead","voltageClass":"low","voltageKv":66,"name":null,"circuits":1,"cables":"3","source":"osm"},"geometry":{"type":"LineString","coordinates":[[-5.81206,37.59114],[-5.81167,37.59111]]}},{"type":"Feature","properties":{"id":"way/1202853391","kind":"overhead","voltageClass":"low","voltageKv":66,"name":null,"circuits":1,"cables":"3","source":"osm"},"geometry":{"type":"LineString","coordinates":[[-5.81206,37.59114],[-5.81159,37.59121]]}},{"type":"Feature","properties":{"id":"way/1215621848","kind":"underground","voltageClass":"unknown","voltageKv":null,"name":null,"circuits":null,"cables":null,"source":"osm"},"geometry":{"type":"LineString","coordinates":[[-5.97022,37.58539],[-5.97002,37.58548],[-5.96979,37.58559],[-5.96952,37.58572],[-5.96923,37.58586]]}},{"type":"Feature","properties":{"id":"way/1227203717","kind":"overhead","voltageClass":"low","voltageKv":66,"name":"Línea de alta tensión Salteras - Santiponce","circuits":1,"cables":"3","source":"osm"},"geometry":{"type":"LineString","coordinates":[[-6.04567,37.4268],[-6.04722,37.42653],[-6.04908,37.42621],[-6.05137,37.42614],[-6.05514,37.4274],[-6.05824,37.42843],[-6.06128,37.42944],[-6.06361,37.43037],[-6.06614,37.43128],[-6.06834,37.43205],[-6.07199,37.43335],[-6.07448,37.43423],[-6.07639,37.43491],[-6.07917,37.4359],[-6.08234,37.43703],[-6.08614,37.43838],[-6.08935,37.43951],[-6.0926,37.44067],[-6.09607,37.44191],[-6.09879,37.44287],[-6.10198,37.444],[-6.10456,37.44492],[-6.10717,37.44584],[-6.11077,37.44712],[-6.11424,37.44835],[-6.11672,37.44923],[-6.11942,37.45018],[-6.12142,37.45111],[-6.12261,37.45145]]}},{"type":"Feature","properties":{"id":"way/1227203719","kind":"overhead","voltageClass":"low","voltageKv":66,"name":"Línea de alta tensión Salteras - Santiponce y Sanlúcar la Mayor - Santiponce","circuits":2,"cables":"6","source":"osm"},"geometry":{"type":"LineString","coordinates":[[-6.04567,37.4268],[-6.04253,37.4266],[-6.03943,37.42641]]}},{"type":"Feature","properties":{"id":"way/1227203720","kind":"overhead","voltageClass":"low","voltageKv":66,"name":"Línea de alta tensión Sanlúcar la Mayor - Santiponce","circuits":1,"cables":"3","source":"osm"},"geometry":{"type":"LineString","coordinates":[[-6.04567,37.4268],[-6.04756,37.42862],[-6.04994,37.43089],[-6.05106,37.43198]]}},{"type":"Feature","properties":{"id":"way/1227203721","kind":"overhead","voltageClass":"low","voltageKv":66,"name":null,"circuits":2,"cables":"6","source":"osm"},"geometry":{"type":"LineString","coordinates":[[-6.04934,37.44646],[-6.04944,37.44442],[-6.05018,37.44088],[-6.05056,37.43895],[-6.0511,37.43635],[-6.05049,37.43358],[-6.05037,37.43311],[-6.05022,37.43152],[-6.04783,37.42954],[-6.04528,37.42742],[-6.04244,37.42695],[-6.03944,37.42647]]}},{"type":"Feature","properties":{"id":"way/1230277260","kind":"overhead","voltageClass":"low","voltageKv":66,"name":"Línea de alta tensión Exolum Arahal 2 - Don Rodrigo 1","circuits":1,"cables":"3","source":"osm"},"geometry":{"type":"LineString","coordinates":[[-5.60335,37.23943],[-5.60327,37.23928]]}},{"type":"Feature","properties":{"id":"way/1230277261","kind":"overhead","voltageClass":"low","voltageKv":66,"name":"Línea de alta tensión Exolum Arahal 2 - Don Rodrigo 1","circuits":1,"cables":"3","source":"osm"},"geometry":{"type":"LineString","coordinates":[[-5.60335,37.23943],[-5.6032,37.23932]]}},{"type":"Feature","properties":{"id":"way/1230277262","kind":"overhead","voltageClass":"low","voltageKv":66,"name":"Línea de alta tensión Exolum Arahal 1 - Exolum Arahal 2","circuits":1,"cables":"3","source":"osm"},"geometry":{"type":"LineString","coordinates":[[-5.60324,37.2395],[-5.60308,37.23941]]}},{"type":"Feature","properties":{"id":"way/1230277263","kind":"overhead","voltageClass":"low","voltageKv":66,"name":"Línea de alta tensión Exolum Arahal 1 - Exolum Arahal 2","circuits":1,"cables":"3","source":"osm"},"geometry":{"type":"LineString","coordinates":[[-5.60324,37.2395],[-5.60314,37.23937]]}},{"type":"Feature","properties":{"id":"way/1240131332","kind":"overhead","voltageClass":"medium","voltageKv":132,"name":"Línea de alta tensión Guillena - Ruta de la Plata","circuits":1,"cables":"3","source":"osm"},"geometry":{"type":"LineString","coordinates":[[-6.11399,37.61353],[-6.11199,37.61175],[-6.10998,37.60999],[-6.10914,37.60745],[-6.10797,37.60396],[-6.10732,37.60206],[-6.10659,37.59991],[-6.10548,37.59658],[-6.10485,37.59475],[-6.10359,37.5908],[-6.10209,37.58613],[-6.10098,37.58271],[-6.09963,37.57849],[-6.09881,37.57593],[-6.09791,37.57308],[-6.09712,37.57071],[-6.09684,37.56986],[-6.09597,37.56814],[-6.09536,37.56551],[-6.09485,37.56399],[-6.09421,37.56212],[-6.09331,37.5595],[-6.09224,37.55634],[-6.09117,37.55319],[-6.09073,37.55192]]}},{"type":"Feature","properties":{"id":"way/1240131337","kind":"overhead","voltageClass":"medium","voltageKv":132,"name":null,"circuits":1,"cables":"3","source":"osm"},"geometry":{"type":"LineString","coordinates":[[-6.08795,37.5522],[-6.08751,37.55229]]}},{"type":"Feature","properties":{"id":"way/1240131338","kind":"overhead","voltageClass":"medium","voltageKv":132,"name":null,"circuits":1,"cables":"3","source":"osm"},"geometry":{"type":"LineString","coordinates":[[-6.08795,37.5522],[-6.08749,37.5522]]}},{"type":"Feature","properties":{"id":"way/1240131340","kind":"overhead","voltageClass":"medium","voltageKv":132,"name":"Línea de alta tensión Fundiciones Caetano - Ruta de la Plata","circuits":1,"cables":"3","source":"osm"},"geometry":{"type":"LineString","coordinates":[[-6.09073,37.55192],[-6.0903,37.55064],[-6.0899,37.54777],[-6.08966,37.54605],[-6.0892,37.54272],[-6.08884,37.54008],[-6.08823,37.53564],[-6.08786,37.5331],[-6.08762,37.53117],[-6.08719,37.52808],[-6.08681,37.52526],[-6.08565,37.52302],[-6.08385,37.51956],[-6.08264,37.51723],[-6.08151,37.51504]]}},{"type":"Feature","properties":{"id":"way/1240131345","kind":"overhead","voltageClass":"medium","voltageKv":132,"name":null,"circuits":1,"cables":"3","source":"osm"},"geometry":{"type":"LineString","coordinates":[[-6.08151,37.51504],[-6.08131,37.51516]]}},{"type":"Feature","properties":{"id":"way/1240131348","kind":"overhead","voltageClass":"medium","voltageKv":132,"name":"Línea de alta tensión Fundiciones Caetano - Itálica","circuits":1,"cables":"3","source":"osm"},"geometry":{"type":"LineString","coordinates":[[-6.08151,37.51504],[-6.07958,37.51132],[-6.07826,37.50879],[-6.07691,37.50619],[-6.07557,37.50358],[-6.07499,37.50075],[-6.07447,37.49817],[-6.07379,37.49489],[-6.07312,37.4916],[-6.07246,37.48831],[-6.07182,37.48519],[-6.07125,37.48236],[-6.07037,37.47924],[-6.06945,37.47593],[-6.06859,37.47286],[-6.06784,37.47023],[-6.06708,37.4675],[-6.06618,37.46426],[-6.06549,37.46186]]}},{"type":"Feature","properties":{"id":"way/1240131349","kind":"overhead","voltageClass":"medium","voltageKv":132,"name":"Línea de alta tensión Fundiciones Caetano - Itálica e Itálica - Santiponce","circuits":2,"cables":"6","source":"osm"},"geometry":{"type":"LineString","coordinates":[[-6.06549,37.46186],[-6.06217,37.46298]]}},{"type":"Feature","properties":{"id":"way/1240131350","kind":"overhead","voltageClass":"medium","voltageKv":132,"name":"Línea de alta tensión Fundiciones Caetano - Itálica","circuits":1,"cables":"3","source":"osm"},"geometry":{"type":"LineString","coordinates":[[-6.06217,37.46298],[-6.0595,37.46387],[-6.05965,37.46407]]}},{"type":"Feature","properties":{"id":"way/1240131351","kind":"overhead","voltageClass":"medium","voltageKv":132,"name":"Línea de alta tensión Itálica - Santiponce","circuits":1,"cables":"3","source":"osm"},"geometry":{"type":"LineString","coordinates":[[-6.06217,37.46298],[-6.05932,37.46387],[-6.05955,37.46411]]}},{"type":"Feature","properties":{"id":"way/1273630511","kind":"overhead","voltageClass":"low","voltageKv":66,"name":"Línea de alta tensión Sanlúcar la Mayor - Santiponce","circuits":1,"cables":"3","source":"osm"},"geometry":{"type":"LineString","coordinates":[[-6.16441,37.43176],[-6.16085,37.43196],[-6.15872,37.43208],[-6.15445,37.43231],[-6.15076,37.43251],[-6.14704,37.43272],[-6.14364,37.43343],[-6.13997,37.4342],[-6.13683,37.43487],[-6.13319,37.43564],[-6.13032,37.43623],[-6.12627,37.43707],[-6.12158,37.43802],[-6.11757,37.43884],[-6.1146,37.43946],[-6.11071,37.44027],[-6.10775,37.44088],[-6.10508,37.44143],[-6.10437,37.44157],[-6.10243,37.44197],[-6.09952,37.44257],[-6.09506,37.44349],[-6.09142,37.44424],[-6.08802,37.44494],[-6.08525,37.4455],[-6.08157,37.44626],[-6.07829,37.44694],[-6.07581,37.44744],[-6.07263,37.44811],[-6.07006,37.44863],[-6.06732,37.44919],[-6.06529,37.44961],[-6.0619,37.45029],[-6.05912,37.45087],[-6.05617,37.45147],[-6.05313,37.4521],[-6.05114,37.45194]]}},{"type":"Feature","properties":{"id":"way/1273637041","kind":"underground","voltageClass":"low","voltageKv":66,"name":"Línea de alta tensión Sanlúcar la Mayor - Santiponce","circuits":1,"cables":"3","source":"osm"},"geometry":{"type":"LineString","coordinates":[[-6.05106,37.43198],[-6.05104,37.43219],[-6.05111,37.43324],[-6.05142,37.43332]]}},{"type":"Feature","properties":{"id":"way/1273637042","kind":"overhead","voltageClass":"low","voltageKv":66,"name":"Línea de alta tensión Sanlúcar la Mayor - Santiponce","circuits":2,"cables":"6","source":"osm"},"geometry":{"type":"LineString","coordinates":[[-6.05118,37.44544],[-6.05169,37.44364],[-6.05205,37.44232],[-6.05287,37.43938],[-6.05229,37.43743],[-6.0515,37.43473],[-6.05142,37.43332]]}},{"type":"Feature","properties":{"id":"way/1273637043","kind":"overhead","voltageClass":"low","voltageKv":66,"name":null,"circuits":null,"cables":null,"source":"osm"},"geometry":{"type":"LineString","coordinates":[[-6.04722,37.45154],[-6.04905,37.45172],[-6.04916,37.45033],[-6.04924,37.44885],[-6.04934,37.44646]]}},{"type":"Feature","properties":{"id":"way/1273637045","kind":"overhead","voltageClass":"low","voltageKv":66,"name":null,"circuits":2,"cables":"6","source":"osm"},"geometry":{"type":"LineString","coordinates":[[-6.04722,37.45154],[-6.049,37.45169],[-6.04903,37.4503],[-6.04914,37.44886],[-6.04934,37.44646]]}},{"type":"Feature","properties":{"id":"way/1273637046","kind":"underground","voltageClass":"low","voltageKv":66,"name":null,"circuits":null,"cables":null,"source":"osm"},"geometry":{"type":"LineString","coordinates":[[-6.04605,37.45145],[-6.04601,37.45139],[-6.04307,37.45119],[-6.04295,37.45124]]}},{"type":"Feature","properties":{"id":"way/1273637049","kind":"overhead","voltageClass":"low","voltageKv":66,"name":null,"circuits":2,"cables":"6","source":"osm"},"geometry":{"type":"LineString","coordinates":[[-6.04605,37.45145],[-6.04722,37.45154]]}},{"type":"Feature","properties":{"id":"way/1273637051","kind":"overhead","voltageClass":"low","voltageKv":66,"name":"Línea de alta tensión Sanlúcar la Mayor - Santiponce","circuits":1,"cables":"3","source":"osm"},"geometry":{"type":"LineString","coordinates":[[-6.05114,37.45194],[-6.0506,37.45011],[-6.05021,37.44878],[-6.05118,37.44544]]}},{"type":"Feature","properties":{"id":"way/1273637052","kind":"overhead","voltageClass":"low","voltageKv":66,"name":"Línea de alta tensión Sanlúcar la Mayor - Santiponce","circuits":1,"cables":"3","source":"osm"},"geometry":{"type":"LineString","coordinates":[[-6.05114,37.45194],[-6.0507,37.45009],[-6.05032,37.44878],[-6.05118,37.44544]]}},{"type":"Feature","properties":{"id":"way/1273637053","kind":"overhead","voltageClass":"low","voltageKv":66,"name":null,"circuits":1,"cables":"3","source":"osm"},"geometry":{"type":"LineString","coordinates":[[-6.03878,37.42642],[-6.03944,37.42647]]}},{"type":"Feature","properties":{"id":"way/1273637054","kind":"overhead","voltageClass":"low","voltageKv":66,"name":"Línea de alta tensión Sanlúcar la Mayor - Santiponce","circuits":1,"cables":"3","source":"osm"},"geometry":{"type":"LineString","coordinates":[[-6.03876,37.42626],[-6.03943,37.42641]]}},{"type":"Feature","properties":{"id":"way/1273642255","kind":"overhead","voltageClass":"low","voltageKv":66,"name":"Línea de alta tensión Salteras - Sanlúcar la Mayor","circuits":1,"cables":"3","source":"osm"},"geometry":{"type":"LineString","coordinates":[[-6.16441,37.43176],[-6.16068,37.43306],[-6.15862,37.43377],[-6.15457,37.43518],[-6.15299,37.43616],[-6.15074,37.43651],[-6.14816,37.43739],[-6.14456,37.43864],[-6.14206,37.43952],[-6.13907,37.44054],[-6.13563,37.44174],[-6.13285,37.44271],[-6.13184,37.44345],[-6.1297,37.44504],[-6.12812,37.4462],[-6.12599,37.44778],[-6.12353,37.4496],[-6.12222,37.45057],[-6.12142,37.45111],[-6.1226,37.4514]]}},{"type":"Feature","properties":{"id":"way/1273651094","kind":"overhead","voltageClass":"low","voltageKv":66,"name":"Línea de alta tensión Aljarafe - Bollullos de la Mitación y Bollullos de la Mitación - Huévar del Aljarafe","circuits":2,"cables":"6","source":"osm"},"geometry":{"type":"LineString","coordinates":[[-6.15168,37.34887],[-6.15058,37.35064],[-6.14754,37.35168],[-6.14446,37.35276],[-6.14437,37.35291]]}},{"type":"Feature","properties":{"id":"way/1273651095","kind":"overhead","voltageClass":"low","voltageKv":66,"name":"Línea de alta tensión Aljarafe - Bollullos de la Mitación","circuits":1,"cables":"3","source":"osm"},"geometry":{"type":"LineString","coordinates":[[-6.15168,37.34887],[-6.14793,37.34804],[-6.14389,37.34712]]}},{"type":"Feature","properties":{"id":"way/1273651096","kind":"underground","voltageClass":"low","voltageKv":66,"name":"Línea de alta tensión Aljarafe - Bollullos de la Mitación","circuits":1,"cables":"3","source":"osm"},"geometry":{"type":"LineString","coordinates":[[-6.14389,37.34712],[-6.1433,37.34704],[-6.14302,37.347],[-6.14279,37.34716],[-6.14242,37.3472],[-6.14219,37.34724],[-6.13884,37.34623],[-6.13811,37.34624],[-6.13801,37.34581],[-6.13799,37.34574],[-6.13734,37.34581],[-6.13704,37.34589],[-6.13697,37.34574],[-6.13694,37.34546],[-6.13647,37.34549],[-6.13557,37.34562],[-6.13477,37.34563],[-6.13468,37.34554]]}},{"type":"Feature","properties":{"id":"way/1296934690","kind":"overhead","voltageClass":"low","voltageKv":66,"name":"Línea de alta tensión Guadaíra - Palomares y Palomares - Torrecuéllar","circuits":2,"cables":"6","source":"osm"},"geometry":{"type":"LineString","coordinates":[[-6.0159,37.3212],[-6.01265,37.32261],[-6.00978,37.32417],[-6.00659,37.32586],[-6.00413,37.32733],[-6.00194,37.32864],[-5.99981,37.32992]]}},{"type":"Feature","properties":{"id":"way/1296934691","kind":"overhead","voltageClass":"low","voltageKv":66,"name":"Línea de alta tensión Guadaíra - Palomares","circuits":1,"cables":"3","source":"osm"},"geometry":{"type":"LineString","coordinates":[[-5.99981,37.32992],[-5.99799,37.33058],[-5.99665,37.33109]]}},{"type":"Feature","properties":{"id":"way/1296934692","kind":"overhead","voltageClass":"low","voltageKv":66,"name":"Línea de alta tensión Palomares - Torrecuéllar","circuits":1,"cables":"3","source":"osm"},"geometry":{"type":"LineString","coordinates":[[-5.99981,37.32992],[-5.99916,37.33141],[-5.99897,37.33199]]}},{"type":"Feature","properties":{"id":"way/1296934693","kind":"overhead","voltageClass":"low","voltageKv":66,"name":"Línea de alta tensión Guadaíra - Torrecuéllar","circuits":1,"cables":"3","source":"osm"},"geometry":{"type":"LineString","coordinates":[[-5.99897,37.33199],[-5.99665,37.33109]]}},{"type":"Feature","properties":{"id":"way/1296934694","kind":"overhead","voltageClass":"low","voltageKv":66,"name":null,"circuits":1,"cables":"3","source":"osm"},"geometry":{"type":"LineString","coordinates":[[-6.00168,37.33589],[-6.00207,37.33565]]}},{"type":"Feature","properties":{"id":"way/1296934699","kind":"overhead","voltageClass":"low","voltageKv":66,"name":null,"circuits":2,"cables":"6","source":"osm"},"geometry":{"type":"LineString","coordinates":[[-5.99507,37.33148],[-5.99581,37.33197],[-5.9965,37.33248]]}},{"type":"Feature","properties":{"id":"way/1296934700","kind":"overhead","voltageClass":"low","voltageKv":66,"name":null,"circuits":2,"cables":"6","source":"osm"},"geometry":{"type":"LineString","coordinates":[[-5.99354,37.33169],[-5.9952,37.33132]]}},{"type":"Feature","properties":{"id":"way/1296934701","kind":"overhead","voltageClass":"low","voltageKv":66,"name":null,"circuits":1,"cables":"3","source":"osm"},"geometry":{"type":"LineString","coordinates":[[-5.99507,37.33148],[-5.9937,37.33188]]}},{"type":"Feature","properties":{"id":"way/1296934702","kind":"overhead","voltageClass":"low","voltageKv":66,"name":null,"circuits":1,"cables":"3","source":"osm"},"geometry":{"type":"LineString","coordinates":[[-5.99354,37.33169],[-5.99502,37.33122],[-5.99507,37.33148]]}},{"type":"Feature","properties":{"id":"way/1296934706","kind":"underground","voltageClass":"low","voltageKv":15,"name":null,"circuits":1,"cables":"3","source":"osm"},"geometry":{"type":"LineString","coordinates":[[-5.99014,37.33308],[-5.99018,37.33384]]}},{"type":"Feature","properties":{"id":"way/1296934708","kind":"overhead","voltageClass":"low","voltageKv":66,"name":null,"circuits":1,"cables":"3","source":"osm"},"geometry":{"type":"LineString","coordinates":[[-5.98979,37.33257],[-5.99111,37.33234]]}},{"type":"Feature","properties":{"id":"way/1296934710","kind":"underground","voltageClass":"low","voltageKv":15,"name":null,"circuits":2,"cables":"6","source":"osm"},"geometry":{"type":"LineString","coordinates":[[-5.98981,37.33587],[-5.99108,37.33703]]}},{"type":"Feature","properties":{"id":"way/1296934711","kind":"underground","voltageClass":"low","voltageKv":66,"name":null,"circuits":2,"cables":"6","source":"osm"},"geometry":{"type":"LineString","coordinates":[[-5.99093,37.33756],[-5.99107,37.3371]]}},{"type":"Feature","properties":{"id":"way/1296934712","kind":"underground","voltageClass":"low","voltageKv":66,"name":null,"circuits":2,"cables":"6","source":"osm"},"geometry":{"type":"LineString","coordinates":[[-5.99095,37.33739],[-5.99107,37.3371]]}},{"type":"Feature","properties":{"id":"way/1296934714","kind":"underground","voltageClass":"low","voltageKv":15,"name":null,"circuits":2,"cables":"6","source":"osm"},"geometry":{"type":"LineString","coordinates":[[-5.98923,37.33665],[-5.99108,37.33703]]}},{"type":"Feature","properties":{"id":"way/1308895545","kind":"overhead","voltageClass":"high","voltageKv":220,"name":null,"circuits":1,"cables":"3","source":"osm"},"geometry":{"type":"LineString","coordinates":[[-6.06978,37.48133],[-6.06917,37.4812],[-6.06777,37.4817],[-6.06638,37.4831],[-6.06477,37.48472],[-6.065,37.4863],[-6.06524,37.48813],[-6.06573,37.49146],[-6.06614,37.49447],[-6.06655,37.4973],[-6.06732,37.5029],[-6.06768,37.5054],[-6.06798,37.50755],[-6.0685,37.50971],[-6.06901,37.5119],[-6.06953,37.51408],[-6.07044,37.51801],[-6.07124,37.52119],[-6.07202,37.52451],[-6.07269,37.52731],[-6.07336,37.53013],[-6.07387,37.53241],[-6.0745,37.5349],[-6.07524,37.53804],[-6.07603,37.54129],[-6.07667,37.54409],[-6.07738,37.54696],[-6.07796,37.54948],[-6.07836,37.55132],[-6.07619,37.55585],[-6.0731,37.56226],[-6.07278,37.56591],[-6.07289,37.5663]]}},{"type":"Feature","properties":{"id":"way/1309968075","kind":"overhead","voltageClass":"low","voltageKv":66,"name":null,"circuits":1,"cables":"3","source":"osm"},"geometry":{"type":"LineString","coordinates":[[-5.90704,37.29827],[-5.9073,37.29847],[-5.90963,37.30018],[-5.91281,37.29852],[-5.91297,37.29714],[-5.91435,37.29678]]}},{"type":"Feature","properties":{"id":"way/1309968076","kind":"overhead","voltageClass":"low","voltageKv":66,"name":null,"circuits":null,"cables":null,"source":"osm"},"geometry":{"type":"LineString","coordinates":[[-5.90657,37.29823],[-5.90677,37.2985],[-5.90748,37.29949],[-5.90766,37.30233],[-5.90781,37.30413],[-5.90795,37.30646],[-5.90807,37.30868],[-5.90611,37.31138],[-5.90466,37.31335],[-5.90275,37.31596],[-5.90044,37.31948],[-5.89865,37.32186],[-5.89763,37.32293]]}},{"type":"Feature","properties":{"id":"way/1309968077","kind":"overhead","voltageClass":"low","voltageKv":66,"name":null,"circuits":null,"cables":null,"source":"osm"},"geometry":{"type":"LineString","coordinates":[[-5.90691,37.29843],[-5.90798,37.29935],[-5.90983,37.30067],[-5.9114,37.30179],[-5.91381,37.3035],[-5.91529,37.30456],[-5.91712,37.30587],[-5.91816,37.30659],[-5.91946,37.30753],[-5.92031,37.30813]]}},{"type":"Feature","properties":{"id":"way/1316855583","kind":"overhead","voltageClass":"high","voltageKv":220,"name":"Línea de alta tensión Dos Hermanas - Entrenúcleos y Entrenúcleos - Quintos","circuits":2,"cables":"6","source":"osm"},"geometry":{"type":"LineString","coordinates":[[-5.94192,37.31412],[-5.94441,37.31547]]}},{"type":"Feature","properties":{"id":"way/1316855584","kind":"overhead","voltageClass":"high","voltageKv":220,"name":"Línea de alta tensión Don Rodrigo - Quintos y Dos Hermanas - Entrenúcleos","circuits":null,"cables":"6","source":"osm"},"geometry":{"type":"LineString","coordinates":[[-5.93943,37.29624],[-5.94083,37.29853],[-5.94224,37.30084],[-5.94479,37.30335],[-5.94437,37.30721],[-5.94341,37.30959],[-5.94243,37.31204],[-5.94192,37.31412]]}},{"type":"Feature","properties":{"id":"way/1316855585","kind":"overhead","voltageClass":"high","voltageKv":220,"name":null,"circuits":1,"cables":"3","source":"osm"},"geometry":{"type":"LineString","coordinates":[[-5.94441,37.31547],[-5.9449,37.31507]]}},{"type":"Feature","properties":{"id":"way/1316855586","kind":"overhead","voltageClass":"high","voltageKv":220,"name":null,"circuits":1,"cables":"3","source":"osm"},"geometry":{"type":"LineString","coordinates":[[-5.94441,37.31547],[-5.94477,37.31499]]}},{"type":"Feature","properties":{"id":"way/1324309314","kind":"overhead","voltageClass":"medium","voltageKv":132,"name":"Línea de alta tensión Dos Hermanas - Valme","circuits":1,"cables":"3","source":"osm"},"geometry":{"type":"LineString","coordinates":[[-5.91738,37.25941],[-5.91755,37.25934]]}},{"type":"Feature","properties":{"id":"way/1324309316","kind":"overhead","voltageClass":"medium","voltageKv":132,"name":"Línea de alta tensión Palacios - Valme","circuits":1,"cables":"3","source":"osm"},"geometry":{"type":"LineString","coordinates":[[-5.91738,37.25941],[-5.91747,37.25928]]}},{"type":"Feature","properties":{"id":"way/1324309319","kind":"overhead","voltageClass":"medium","voltageKv":132,"name":"Línea de alta tensión Los Palacios - Valme","circuits":1,"cables":"3","source":"osm"},"geometry":{"type":"LineString","coordinates":[[-5.87587,37.11944],[-5.87505,37.1222],[-5.87418,37.12503],[-5.87334,37.12783],[-5.87275,37.12975],[-5.87192,37.13249],[-5.87104,37.1353],[-5.87024,37.13801],[-5.86941,37.14076],[-5.86867,37.14322],[-5.86786,37.14585],[-5.86709,37.14844],[-5.86636,37.1508],[-5.86559,37.15328],[-5.86494,37.15563],[-5.86421,37.15815],[-5.86341,37.16063],[-5.86476,37.16338],[-5.86593,37.16584],[-5.86731,37.16872],[-5.86869,37.17154],[-5.86993,37.17409],[-5.87098,37.17624],[-5.87228,37.17893],[-5.87285,37.1814],[-5.87348,37.18409],[-5.87414,37.18687],[-5.87472,37.18934],[-5.87529,37.19179],[-5.87586,37.19427],[-5.87697,37.19906],[-5.87755,37.20157],[-5.87809,37.20392],[-5.87894,37.20661],[-5.87984,37.20948],[-5.88067,37.2121],[-5.88154,37.21489],[-5.88237,37.21751],[-5.88327,37.22037],[-5.8841,37.22303],[-5.88496,37.22578],[-5.88569,37.22809],[-5.88656,37.23084],[-5.88748,37.23376],[-5.88831,37.23638],[-5.8892,37.23917],[-5.88872,37.24172],[-5.88823,37.24429],[-5.88766,37.24723],[-5.88721,37.24957],[-5.88671,37.25213]]}},{"type":"Feature","properties":{"id":"way/1326466258","kind":"overhead","voltageClass":"high","voltageKv":220,"name":null,"circuits":1,"cables":"3","source":"osm"},"geometry":{"type":"LineString","coordinates":[[-5.84502,37.2443],[-5.84519,37.24443]]}},{"type":"Feature","properties":{"id":"way/1326466259","kind":"overhead","voltageClass":"high","voltageKv":220,"name":null,"circuits":1,"cables":"3","source":"osm"},"geometry":{"type":"LineString","coordinates":[[-5.84519,37.24443],[-5.84495,37.24442]]}},{"type":"Feature","properties":{"id":"way/1326466260","kind":"overhead","voltageClass":"high","voltageKv":220,"name":null,"circuits":1,"cables":"3","source":"osm"},"geometry":{"type":"LineString","coordinates":[[-5.84515,37.24471],[-5.84481,37.24466]]}},{"type":"Feature","properties":{"id":"way/1326466261","kind":"overhead","voltageClass":"high","voltageKv":220,"name":null,"circuits":1,"cables":"3","source":"osm"},"geometry":{"type":"LineString","coordinates":[[-5.84488,37.24454],[-5.84515,37.24471]]}},{"type":"Feature","properties":{"id":"way/1326466263","kind":"overhead","voltageClass":"high","voltageKv":220,"name":null,"circuits":null,"cables":"3","source":"osm"},"geometry":{"type":"LineString","coordinates":[[-5.84474,37.24479],[-5.84508,37.24491],[-5.84493,37.24531]]}},{"type":"Feature","properties":{"id":"way/1326466264","kind":"overhead","voltageClass":"high","voltageKv":220,"name":null,"circuits":null,"cables":"3","source":"osm"},"geometry":{"type":"LineString","coordinates":[[-5.84467,37.24491],[-5.84488,37.24499],[-5.84493,37.24531]]}},{"type":"Feature","properties":{"id":"way/1326466278","kind":"overhead","voltageClass":"high","voltageKv":400,"name":"Línea de alta tensión Carmona - Don Rodrigo","circuits":1,"cables":"3","source":"osm"},"geometry":{"type":"LineString","coordinates":[[-5.84255,37.24725],[-5.84271,37.24674]]}},{"type":"Feature","properties":{"id":"way/1326466279","kind":"overhead","voltageClass":"high","voltageKv":400,"name":"Línea de alta tensión Don Rodrigo - Guillena","circuits":1,"cables":"3","source":"osm"},"geometry":{"type":"LineString","coordinates":[[-5.84255,37.24725],[-5.84292,37.24681]]}},{"type":"Feature","properties":{"id":"way/1326466303","kind":"overhead","voltageClass":"low","voltageKv":66,"name":"Línea de alta tensión Exolum Arahal 2 - Don Rodrigo 1","circuits":1,"cables":"3","source":"osm"},"geometry":{"type":"LineString","coordinates":[[-5.84262,37.24412],[-5.84285,37.24425]]}},{"type":"Feature","properties":{"id":"way/1326466304","kind":"overhead","voltageClass":"low","voltageKv":66,"name":"Línea de alta tensión Exolum Arahal 2 - Don Rodrigo 1","circuits":1,"cables":"3","source":"osm"},"geometry":{"type":"LineString","coordinates":[[-5.84262,37.24412],[-5.84288,37.2442]]}},{"type":"Feature","properties":{"id":"way/1326466305","kind":"overhead","voltageClass":"low","voltageKv":66,"name":"Línea de alta tensión Don Rodrigo - Torrejón 1","circuits":1,"cables":"3","source":"osm"},"geometry":{"type":"LineString","coordinates":[[-5.84267,37.24401],[-5.84291,37.24415]]}},{"type":"Feature","properties":{"id":"way/1326466306","kind":"overhead","voltageClass":"low","voltageKv":66,"name":"Línea de alta tensión Don Rodrigo - Torrejón 2","circuits":1,"cables":"3","source":"osm"},"geometry":{"type":"LineString","coordinates":[[-5.84267,37.24401],[-5.84294,37.2441]]}},{"type":"Feature","properties":{"id":"way/1326466307","kind":"overhead","voltageClass":"low","voltageKv":66,"name":"Línea de alta tensión Don Rodrigo - Utrera 2","circuits":1,"cables":"3","source":"osm"},"geometry":{"type":"LineString","coordinates":[[-5.84271,37.24383],[-5.84297,37.24405]]}},{"type":"Feature","properties":{"id":"way/1326466308","kind":"overhead","voltageClass":"low","voltageKv":66,"name":"Línea de alta tensión Don Rodrigo - Morera","circuits":1,"cables":"3","source":"osm"},"geometry":{"type":"LineString","coordinates":[[-5.84271,37.24383],[-5.843,37.244]]}},{"type":"Feature","properties":{"id":"way/1326466309","kind":"overhead","voltageClass":"low","voltageKv":66,"name":"Línea de alta tensión Coronil - Don Rodrigo","circuits":1,"cables":"3","source":"osm"},"geometry":{"type":"LineString","coordinates":[[-5.8428,37.2438],[-5.84302,37.24395]]}},{"type":"Feature","properties":{"id":"way/1326466310","kind":"overhead","voltageClass":"low","voltageKv":66,"name":"Línea de alta tensión Don Rodrigo - Palacios","circuits":1,"cables":"3","source":"osm"},"geometry":{"type":"LineString","coordinates":[[-5.8428,37.2438],[-5.84305,37.2439]]}},{"type":"Feature","properties":{"id":"way/1326466311","kind":"overhead","voltageClass":"low","voltageKv":66,"name":null,"circuits":1,"cables":"3","source":"osm"},"geometry":{"type":"LineString","coordinates":[[-5.84285,37.24356],[-5.8432,37.24366]]}},{"type":"Feature","properties":{"id":"way/1326466312","kind":"overhead","voltageClass":"low","voltageKv":66,"name":null,"circuits":1,"cables":"3","source":"osm"},"geometry":{"type":"LineString","coordinates":[[-5.84285,37.24356],[-5.84317,37.24371]]}},{"type":"Feature","properties":{"id":"way/1326466314","kind":"overhead","voltageClass":"low","voltageKv":66,"name":"Línea de alta tensión Dos Hermanas - Don Rodrigo 1","circuits":1,"cables":"3","source":"osm"},"geometry":{"type":"LineString","coordinates":[[-5.90647,37.2977],[-5.90671,37.29784]]}},{"type":"Feature","properties":{"id":"way/1326466315","kind":"overhead","voltageClass":"low","voltageKv":66,"name":"Línea de alta tensión Dos Hermanas - Don Rodrigo 2","circuits":1,"cables":"3","source":"osm"},"geometry":{"type":"LineString","coordinates":[[-5.90647,37.2977],[-5.90665,37.29787]]}},{"type":"Feature","properties":{"id":"way/1326466316","kind":"overhead","voltageClass":"unknown","voltageKv":null,"name":null,"circuits":null,"cables":null,"source":"osm"},"geometry":{"type":"LineString","coordinates":[[-5.84785,37.24721],[-5.84753,37.24686],[-5.84541,37.24517]]}},{"type":"Feature","properties":{"id":"way/1326466317","kind":"overhead","voltageClass":"high","voltageKv":220,"name":null,"circuits":null,"cables":null,"source":"osm"},"geometry":{"type":"LineString","coordinates":[[-5.84668,37.24279],[-5.84676,37.24304],[-5.846,37.244],[-5.84537,37.24412],[-5.84509,37.24417]]}},{"type":"Feature","properties":{"id":"way/1328232554","kind":"overhead","voltageClass":"low","voltageKv":66,"name":"Línea de alta tensión Alcolea del Río - Romeral","circuits":1,"cables":"3","source":"osm"},"geometry":{"type":"LineString","coordinates":[[-5.65297,37.50742],[-5.65316,37.50739]]}},{"type":"Feature","properties":{"id":"way/1328232555","kind":"overhead","voltageClass":"low","voltageKv":66,"name":"Línea de alta tensión Carmona - Romeral","circuits":1,"cables":"3","source":"osm"},"geometry":{"type":"LineString","coordinates":[[-5.65297,37.50742],[-5.65314,37.50735]]}},{"type":"Feature","properties":{"id":"way/1328232558","kind":"underground","voltageClass":"low","voltageKv":66,"name":"Línea de alta tensión Carmona - Marchena","circuits":1,"cables":"3","source":"osm"},"geometry":{"type":"LineString","coordinates":[[-5.64692,37.47819],[-5.64712,37.47821],[-5.64762,37.47718],[-5.648,37.47634],[-5.64805,37.4762],[-5.64806,37.47612],[-5.64778,37.47607]]}},{"type":"Feature","properties":{"id":"way/1328740423","kind":"overhead","voltageClass":"high","voltageKv":220,"name":null,"circuits":1,"cables":"3","source":"osm"},"geometry":{"type":"LineString","coordinates":[[-5.84635,37.24247],[-5.84594,37.24222],[-5.84355,37.24146],[-5.84127,37.24073]]}},{"type":"Feature","properties":{"id":"way/1328740424","kind":"underground","voltageClass":"high","voltageKv":220,"name":null,"circuits":1,"cables":"3","source":"osm"},"geometry":{"type":"LineString","coordinates":[[-5.84127,37.24073],[-5.83891,37.24083]]}},{"type":"Feature","properties":{"id":"way/1328740425","kind":"overhead","voltageClass":"high","voltageKv":220,"name":null,"circuits":1,"cables":"3","source":"osm"},"geometry":{"type":"LineString","coordinates":[[-5.83891,37.24083],[-5.83444,37.23996],[-5.8286,37.2388],[-5.82484,37.24146],[-5.82208,37.24156],[-5.81811,37.24169],[-5.81425,37.24183],[-5.81071,37.24194],[-5.80712,37.24261],[-5.80251,37.24347],[-5.79863,37.24363],[-5.7949,37.24379],[-5.79115,37.24395],[-5.7857,37.24418],[-5.78255,37.245],[-5.7797,37.24683],[-5.77502,37.24688],[-5.77021,37.24693],[-5.76529,37.24699],[-5.76149,37.24703],[-5.75695,37.24673],[-5.75286,37.24621],[-5.74779,37.24685],[-5.74271,37.24787],[-5.73708,37.24899],[-5.73297,37.2498],[-5.72895,37.2506],[-5.72431,37.25152],[-5.72036,37.25231],[-5.71646,37.25308],[-5.71135,37.25409],[-5.70726,37.25633],[-5.70332,37.25459],[-5.70306,37.25447]]}},{"type":"Feature","properties":{"id":"way/1328896656","kind":"underground","voltageClass":"low","voltageKv":66,"name":"Línea de alta tensión Don Rodrigo - Utrera y Morera - Utrera","circuits":2,"cables":"6","source":"osm"},"geometry":{"type":"LineString","coordinates":[[-5.77152,37.18481],[-5.77197,37.18521],[-5.77246,37.18533],[-5.77259,37.18539],[-5.77338,37.18596],[-5.77374,37.18593],[-5.77421,37.18626],[-5.7744,37.18648],[-5.77591,37.18756],[-5.77593,37.18767],[-5.77707,37.18848],[-5.77802,37.18917],[-5.77816,37.1893],[-5.77813,37.18941],[-5.77816,37.18946],[-5.77973,37.19052],[-5.7807,37.1912],[-5.78076,37.19132],[-5.78219,37.19235],[-5.78303,37.19297],[-5.78348,37.19342],[-5.78369,37.19337],[-5.7838,37.19345]]}},{"type":"Feature","properties":{"id":"way/1328896657","kind":"overhead","voltageClass":"low","voltageKv":66,"name":"Línea de alta tensión Don Rodrigo - Morera","circuits":1,"cables":"3","source":"osm"},"geometry":{"type":"LineString","coordinates":[[-5.80325,37.20501],[-5.80348,37.20482]]}},{"type":"Feature","properties":{"id":"way/1328896658","kind":"overhead","voltageClass":"low","voltageKv":66,"name":"Línea de alta tensión Morera - Utrera","circuits":1,"cables":"3","source":"osm"},"geometry":{"type":"LineString","coordinates":[[-5.80325,37.20501],[-5.80346,37.20477]]}},{"type":"Feature","properties":{"id":"way/1329311452","kind":"underground","voltageClass":"low","voltageKv":66,"name":"Línea de alta tensión Alcores - Cantosal - El Viso del Alcor","circuits":2,"cables":"6","source":"osm"},"geometry":{"type":"LineString","coordinates":[[-5.71623,37.40164],[-5.71607,37.40172]]}},{"type":"Feature","properties":{"id":"way/1329311453","kind":"underground","voltageClass":"low","voltageKv":66,"name":"Línea de alta tensión Carmona - El Viso del Alcor","circuits":1,"cables":"3","source":"osm"},"geometry":{"type":"LineString","coordinates":[[-5.71595,37.40195],[-5.71607,37.40172]]}},{"type":"Feature","properties":{"id":"way/1329311454","kind":"underground","voltageClass":"low","voltageKv":66,"name":"Línea de alta tensión Alcores - Cantosal - El Viso del Alcor y Carmona - El Viso del Alcor","circuits":3,"cables":"9","source":"osm"},"geometry":{"type":"LineString","coordinates":[[-5.71607,37.40172],[-5.71597,37.40151],[-5.71568,37.40116],[-5.71447,37.39984],[-5.71432,37.39994]]}},{"type":"Feature","properties":{"id":"way/1329311460","kind":"underground","voltageClass":"low","voltageKv":66,"name":"Línea de alta tensión Alcores - Cantosal - El Viso del Alcor","circuits":null,"cables":null,"source":"osm"},"geometry":{"type":"LineString","coordinates":[[-5.71432,37.39994],[-5.71417,37.39996]]}},{"type":"Feature","properties":{"id":"way/1329311461","kind":"underground","voltageClass":"low","voltageKv":66,"name":"Línea de alta tensión Alcores - Cantosal - El Viso del Alcor","circuits":1,"cables":"3","source":"osm"},"geometry":{"type":"LineString","coordinates":[[-5.71432,37.39994],[-5.71421,37.4]]}},{"type":"Feature","properties":{"id":"way/1329311462","kind":"underground","voltageClass":"low","voltageKv":66,"name":"Línea de alta tensión Carmona - El Viso del Alcor","circuits":1,"cables":"3","source":"osm"},"geometry":{"type":"LineString","coordinates":[[-5.71432,37.39994],[-5.71426,37.40004]]}},{"type":"Feature","properties":{"id":"way/1329311463","kind":"overhead","voltageClass":"low","voltageKv":66,"name":"Línea de alta tensión Alcores - Cantosal - El Viso del Alcor","circuits":2,"cables":"6","source":"osm"},"geometry":{"type":"LineString","coordinates":[[-5.7719,37.39563],[-5.77028,37.39592],[-5.76795,37.39866],[-5.76442,37.39985],[-5.76147,37.40085],[-5.75853,37.40184],[-5.75635,37.40292],[-5.75429,37.40417],[-5.75191,37.40583],[-5.74929,37.40764],[-5.74642,37.40908],[-5.74362,37.41049],[-5.74125,37.41169],[-5.7383,37.41318],[-5.73613,37.41257],[-5.73269,37.41161],[-5.73055,37.41101],[-5.72678,37.4091],[-5.72369,37.40752],[-5.72067,37.40599],[-5.71837,37.40481],[-5.71682,37.40251],[-5.71623,37.40164]]}},{"type":"Feature","properties":{"id":"way/1329311469","kind":"overhead","voltageClass":"low","voltageKv":66,"name":"Línea de alta tensión Alcores - Cantosal - El Viso del Alcor","circuits":1,"cables":"3","source":"osm"},"geometry":{"type":"LineString","coordinates":[[-5.76588,37.38187],[-5.76579,37.38174]]}},{"type":"Feature","properties":{"id":"way/1329311470","kind":"overhead","voltageClass":"low","voltageKv":66,"name":"Línea de alta tensión Alcores - Cantosal - El Viso del Alcor","circuits":1,"cables":"3","source":"osm"},"geometry":{"type":"LineString","coordinates":[[-5.76588,37.38187],[-5.76575,37.38178]]}},{"type":"Feature","properties":{"id":"way/1329311521","kind":"overhead","voltageClass":"low","voltageKv":66,"name":"Línea de alta tensión Alcores - Polo 1","circuits":1,"cables":"3","source":"osm"},"geometry":{"type":"LineString","coordinates":[[-5.85778,37.38618],[-5.85706,37.3864]]}},{"type":"Feature","properties":{"id":"way/1329311522","kind":"overhead","voltageClass":"low","voltageKv":66,"name":"Línea de alta tensión Alcores - Polo 2","circuits":1,"cables":"3","source":"osm"},"geometry":{"type":"LineString","coordinates":[[-5.85778,37.38618],[-5.85704,37.38635]]}},{"type":"Feature","properties":{"id":"way/1329311523","kind":"overhead","voltageClass":"low","voltageKv":66,"name":"Línea de alta tensión Alcores - Argón","circuits":1,"cables":"3","source":"osm"},"geometry":{"type":"LineString","coordinates":[[-5.85792,37.38631],[-5.85711,37.3865]]}},{"type":"Feature","properties":{"id":"way/1329311524","kind":"overhead","voltageClass":"low","voltageKv":66,"name":"Línea de alta tensión Alcores - Espadillas - Giralt Laporta","circuits":1,"cables":"3","source":"osm"},"geometry":{"type":"LineString","coordinates":[[-5.85792,37.38631],[-5.85713,37.38656]]}},{"type":"Feature","properties":{"id":"way/1329311564","kind":"overhead","voltageClass":"high","voltageKv":220,"name":"Línea de alta tensión Alcores - Santa Elvira 1","circuits":1,"cables":"3","source":"osm"},"geometry":{"type":"LineString","coordinates":[[-5.85382,37.3868],[-5.8552,37.38635]]}},{"type":"Feature","properties":{"id":"way/1329311572","kind":"underground","voltageClass":"medium","voltageKv":132,"name":"Línea de alta tensión Alcores - Heineken 1","circuits":1,"cables":"3","source":"osm"},"geometry":{"type":"LineString","coordinates":[[-5.86269,37.38863],[-5.86257,37.38862]]}},{"type":"Feature","properties":{"id":"way/1329311573","kind":"underground","voltageClass":"medium","voltageKv":132,"name":"Línea de alta tensión Alcores - Heineken 2","circuits":1,"cables":"3","source":"osm"},"geometry":{"type":"LineString","coordinates":[[-5.86269,37.38872],[-5.86257,37.38862]]}},{"type":"Feature","properties":{"id":"way/1329311574","kind":"underground","voltageClass":"medium","voltageKv":132,"name":"Línea de alta tensión Alcores - Heineken 1 y Alcores - Heineken 2","circuits":2,"cables":"6","source":"osm"},"geometry":{"type":"LineString","coordinates":[[-5.86257,37.38862],[-5.86184,37.38854],[-5.86156,37.38756],[-5.86007,37.38663],[-5.85962,37.38609],[-5.85763,37.38581]]}},{"type":"Feature","properties":{"id":"way/1329311575","kind":"underground","voltageClass":"medium","voltageKv":132,"name":"Línea de alta tensión Alcores - Heineken 1","circuits":1,"cables":"3","source":"osm"},"geometry":{"type":"LineString","coordinates":[[-5.85763,37.38581],[-5.85737,37.38583]]}},{"type":"Feature","properties":{"id":"way/1329311576","kind":"underground","voltageClass":"medium","voltageKv":132,"name":"Línea de alta tensión Alcores - Heineken 2","circuits":1,"cables":"3","source":"osm"},"geometry":{"type":"LineString","coordinates":[[-5.85763,37.38581],[-5.85741,37.38591]]}},{"type":"Feature","properties":{"id":"way/1329311577","kind":"overhead","voltageClass":"low","voltageKv":66,"name":"Línea de alta tensión Alcores - Palillos 2","circuits":1,"cables":"3","source":"osm"},"geometry":{"type":"LineString","coordinates":[[-5.85806,37.38656],[-5.8575,37.38669]]}},{"type":"Feature","properties":{"id":"way/1329311578","kind":"overhead","voltageClass":"low","voltageKv":66,"name":"Línea de alta tensión Alcores - Palillos 1","circuits":1,"cables":"3","source":"osm"},"geometry":{"type":"LineString","coordinates":[[-5.85806,37.38656],[-5.85752,37.38674]]}},{"type":"Feature","properties":{"id":"way/1329311579","kind":"overhead","voltageClass":"low","voltageKv":66,"name":null,"circuits":1,"cables":"3","source":"osm"},"geometry":{"type":"LineString","coordinates":[[-5.85446,37.39502],[-5.85476,37.39503],[-5.8567,37.39493],[-5.85718,37.39258],[-5.85744,37.39124],[-5.85747,37.39042],[-5.85659,37.38938],[-5.85641,37.3886],[-5.85792,37.3873],[-5.85788,37.3868],[-5.85754,37.38679]]}},{"type":"Feature","properties":{"id":"way/1329311580","kind":"overhead","voltageClass":"low","voltageKv":66,"name":"Línea de alta tensión Alcores - Palillos 1 y Alcores - Palillos 2","circuits":2,"cables":"6","source":"osm"},"geometry":{"type":"LineString","coordinates":[[-5.85806,37.38656],[-5.8603,37.38654],[-5.86125,37.38654],[-5.86124,37.38412],[-5.86427,37.38404],[-5.86727,37.38396],[-5.86786,37.38173],[-5.86846,37.37949],[-5.8695,37.37723],[-5.87051,37.375]]}},{"type":"Feature","properties":{"id":"way/1329311581","kind":"underground","voltageClass":"low","voltageKv":66,"name":"Línea de alta tensión Alcores - Palillos 1 y Alcores - Palillos 2","circuits":2,"cables":"6","source":"osm"},"geometry":{"type":"LineString","coordinates":[[-5.87051,37.375],[-5.87082,37.37509],[-5.87075,37.37525],[-5.871,37.37532],[-5.87109,37.37511]]}},{"type":"Feature","properties":{"id":"way/1329851299","kind":"underground","voltageClass":"low","voltageKv":15,"name":null,"circuits":null,"cables":null,"source":"osm"},"geometry":{"type":"LineString","coordinates":[[-6.07618,37.26099],[-6.07628,37.26096],[-6.07638,37.26093]]}},{"type":"Feature","properties":{"id":"way/1329852932","kind":"overhead","voltageClass":"high","voltageKv":220,"name":null,"circuits":1,"cables":"3","source":"osm"},"geometry":{"type":"LineString","coordinates":[[-6.06729,37.25405],[-6.06361,37.25394]]}},{"type":"Feature","properties":{"id":"way/1373414014","kind":"overhead","voltageClass":"unknown","voltageKv":null,"name":null,"circuits":null,"cables":null,"source":"osm"},"geometry":{"type":"LineString","coordinates":[[-5.9813,37.59511],[-5.98263,37.59615],[-5.98395,37.59718],[-5.98559,37.59847],[-5.9872,37.59973],[-5.98829,37.60059],[-5.98979,37.60176],[-5.99107,37.60278],[-5.99238,37.60279],[-5.9943,37.60279],[-5.99581,37.60377],[-5.99761,37.60493],[-5.99908,37.60587],[-6.0012,37.60724],[-6.00244,37.60805],[-6.00263,37.60796],[-6.00334,37.60738],[-6.0042,37.60668],[-6.005,37.60532],[-6.00543,37.60455],[-6.00601,37.60356],[-6.00656,37.60262],[-6.00712,37.60163],[-6.00788,37.60031],[-6.00803,37.60032]]}},{"type":"Feature","properties":{"id":"way/1373414015","kind":"overhead","voltageClass":"unknown","voltageKv":null,"name":null,"circuits":null,"cables":null,"source":"osm"},"geometry":{"type":"LineString","coordinates":[[-5.99168,37.60414],[-5.99177,37.60459],[-5.99183,37.60491],[-5.99187,37.60513],[-5.99195,37.60553],[-5.99202,37.60585],[-5.99214,37.60649],[-5.99222,37.6069]]}},{"type":"Feature","properties":{"id":"way/1373420849","kind":"overhead","voltageClass":"unknown","voltageKv":null,"name":null,"circuits":null,"cables":null,"source":"osm"},"geometry":{"type":"LineString","coordinates":[[-5.97618,37.61071],[-5.97605,37.61059],[-5.97595,37.60929],[-5.97574,37.6083],[-5.97554,37.60746],[-5.9751,37.60654],[-5.97448,37.60563],[-5.97387,37.60434],[-5.97318,37.60306]]}},{"type":"Feature","properties":{"id":"way/1373420854","kind":"overhead","voltageClass":"unknown","voltageKv":null,"name":null,"circuits":null,"cables":null,"source":"osm"},"geometry":{"type":"LineString","coordinates":[[-5.96333,37.5958],[-5.96271,37.59661],[-5.96218,37.59741],[-5.9615,37.59828],[-5.96105,37.5989],[-5.96018,37.59965],[-5.95928,37.60044],[-5.95865,37.60143],[-5.95805,37.60236],[-5.95743,37.60329],[-5.95681,37.6043],[-5.95621,37.60515],[-5.95563,37.60608],[-5.95503,37.607],[-5.95443,37.60794],[-5.9543,37.60868],[-5.95409,37.6099],[-5.95392,37.61081],[-5.95375,37.61181],[-5.95358,37.61276],[-5.95342,37.61363],[-5.95328,37.61443],[-5.95311,37.61539],[-5.95291,37.6164],[-5.95272,37.61745],[-5.9526,37.61813],[-5.95247,37.61878]]}},{"type":"Feature","properties":{"id":"way/1376978395","kind":"overhead","voltageClass":"unknown","voltageKv":null,"name":null,"circuits":null,"cables":null,"source":"osm"},"geometry":{"type":"LineString","coordinates":[[-5.99263,37.5995],[-5.99217,37.59946],[-5.99196,37.59944]]}},{"type":"Feature","properties":{"id":"way/1376978396","kind":"overhead","voltageClass":"unknown","voltageKv":null,"name":null,"circuits":null,"cables":null,"source":"osm"},"geometry":{"type":"LineString","coordinates":[[-5.99262,37.59965],[-5.99263,37.5995],[-5.99265,37.59933],[-5.9922,37.59931],[-5.99197,37.59929]]}},{"type":"Feature","properties":{"id":"way/1414989747","kind":"overhead","voltageClass":"medium","voltageKv":132,"name":null,"circuits":null,"cables":null,"source":"osm"},"geometry":{"type":"LineString","coordinates":[[-6.01968,37.56219],[-6.01968,37.56181],[-6.02017,37.55889],[-6.02071,37.55576],[-6.02214,37.55159],[-6.02358,37.54739],[-6.02465,37.54429],[-6.02689,37.54096],[-6.0283,37.53887],[-6.03244,37.5368],[-6.03688,37.53518],[-6.0403,37.53467],[-6.04428,37.53411],[-6.04705,37.53114],[-6.04874,37.52852],[-6.05045,37.52591],[-6.05505,37.52527],[-6.05965,37.52464],[-6.06299,37.52382],[-6.0671,37.5228],[-6.06854,37.52244],[-6.07025,37.52139],[-6.07255,37.52043],[-6.07442,37.5195],[-6.07628,37.51855],[-6.07805,37.51767]]}},{"type":"Feature","properties":{"id":"way/1442561566","kind":"overhead","voltageClass":"medium","voltageKv":132,"name":null,"circuits":null,"cables":null,"source":"osm"},"geometry":{"type":"LineString","coordinates":[[-6.0396,37.42486],[-6.03958,37.42474],[-6.03956,37.42462],[-6.03953,37.42438],[-6.03951,37.42427]]}},{"type":"Feature","properties":{"id":"way/1442561567","kind":"overhead","voltageClass":"low","voltageKv":66,"name":"Línea de alta tensión Salteras - Santiponce","circuits":1,"cables":"3","source":"osm"},"geometry":{"type":"LineString","coordinates":[[-6.03876,37.42631],[-6.03943,37.42641]]}},{"type":"Feature","properties":{"id":"way/1442561568","kind":"overhead","voltageClass":"low","voltageKv":66,"name":null,"circuits":1,"cables":"3","source":"osm"},"geometry":{"type":"LineString","coordinates":[[-6.03877,37.42637],[-6.03944,37.42647]]}},{"type":"Feature","properties":{"id":"way/1447179486","kind":"overhead","voltageClass":"medium","voltageKv":132,"name":null,"circuits":null,"cables":null,"source":"osm"},"geometry":{"type":"LineString","coordinates":[[-5.80406,37.42421],[-5.80436,37.424]]}},{"type":"Feature","properties":{"id":"way/1447179487","kind":"overhead","voltageClass":"medium","voltageKv":132,"name":null,"circuits":null,"cables":null,"source":"osm"},"geometry":{"type":"LineString","coordinates":[[-5.80477,37.4234],[-5.80469,37.42379]]}},{"type":"Feature","properties":{"id":"way/1447179488","kind":"overhead","voltageClass":"medium","voltageKv":132,"name":null,"circuits":null,"cables":null,"source":"osm"},"geometry":{"type":"LineString","coordinates":[[-5.80477,37.4234],[-5.8046,37.42371]]}},{"type":"Feature","properties":{"id":"way/1453561013","kind":"overhead","voltageClass":"medium","voltageKv":132,"name":"Línea de alta tensión Aeropuerto de Sevilla - Parque Aeronáutico","circuits":1,"cables":"3","source":"osm"},"geometry":{"type":"LineString","coordinates":[[-5.88541,37.4407],[-5.88498,37.44121]]}},{"type":"Feature","properties":{"id":"way/1453561014","kind":"overhead","voltageClass":"medium","voltageKv":132,"name":"Línea de alta tensión Aeropuerto de Sevilla - Parque Aeronáutico","circuits":1,"cables":"3","source":"osm"},"geometry":{"type":"LineString","coordinates":[[-5.8855,37.44076],[-5.88498,37.44121]]}},{"type":"Feature","properties":{"id":"way/1453561015","kind":"overhead","voltageClass":"medium","voltageKv":132,"name":"Línea de alta tensión Aeropuerto de Sevilla - Cross San Jerónimo y Aeropuerto de Sevilla - Parque Aeronáutico","circuits":2,"cables":"6","source":"osm"},"geometry":{"type":"LineString","coordinates":[[-5.88498,37.44121],[-5.88316,37.44241],[-5.87892,37.4434],[-5.87589,37.44411],[-5.87283,37.44482],[-5.87026,37.44679]]}},{"type":"Feature","properties":{"id":"way/1453561026","kind":"underground","voltageClass":"medium","voltageKv":132,"name":"Línea de alta tensión Aeropuerto de Sevilla - Cross San Jerónimo y Cross San Jerónimo - Empalme","circuits":2,"cables":"6","source":"osm"},"geometry":{"type":"LineString","coordinates":[[-5.97108,37.43884],[-5.97267,37.43683],[-5.97645,37.43108],[-5.97531,37.43061],[-5.97515,37.43056],[-5.97501,37.43053],[-5.97321,37.43029],[-5.97328,37.43002]]}},{"type":"Feature","properties":{"id":"way/1453561027","kind":"overhead","voltageClass":"medium","voltageKv":132,"name":"Línea de alta tensión Águila - Calonge y Cross San Jerónimo - Empalme","circuits":2,"cables":"6","source":"osm"},"geometry":{"type":"LineString","coordinates":[[-5.96857,37.44836],[-5.96604,37.45035],[-5.96321,37.4517]]}},{"type":"Feature","properties":{"id":"way/1453561028","kind":"overhead","voltageClass":"medium","voltageKv":132,"name":"Línea de alta tensión Calonge - Santiponce","circuits":1,"cables":"3","source":"osm"},"geometry":{"type":"LineString","coordinates":[[-5.96104,37.41162],[-5.96085,37.41148]]}},{"type":"Feature","properties":{"id":"way/1453561029","kind":"overhead","voltageClass":"medium","voltageKv":132,"name":"Línea de alta tensión Águila - Calonge","circuits":1,"cables":"3","source":"osm"},"geometry":{"type":"LineString","coordinates":[[-5.96104,37.41162],[-5.96079,37.41157]]}},{"type":"Feature","properties":{"id":"way/1454106887","kind":"underground","voltageClass":"low","voltageKv":15,"name":null,"circuits":1,"cables":"3","source":"osm"},"geometry":{"type":"LineString","coordinates":[[-5.97419,37.51694],[-5.97413,37.51868]]}},{"type":"Feature","properties":{"id":"way/1454106888","kind":"underground","voltageClass":"low","voltageKv":15,"name":null,"circuits":1,"cables":"3","source":"osm"},"geometry":{"type":"LineString","coordinates":[[-5.97454,37.51736],[-5.97413,37.51868]]}},{"type":"Feature","properties":{"id":"way/1487830850","kind":"overhead","voltageClass":"high","voltageKv":400,"name":null,"circuits":1,"cables":"3","source":"osm"},"geometry":{"type":"LineString","coordinates":[[-6.09031,37.63161],[-6.08987,37.63064],[-6.08667,37.6289],[-6.0876,37.62499],[-6.08685,37.62159],[-6.08608,37.61817],[-6.08454,37.61434],[-6.08266,37.60968],[-6.07932,37.60632],[-6.07814,37.60253],[-6.07705,37.59893],[-6.07587,37.59513],[-6.0784,37.59116],[-6.07842,37.58813],[-6.07843,37.58546],[-6.07845,37.58289],[-6.07847,37.58037],[-6.07849,37.57646],[-6.07851,37.57282],[-6.07699,37.57009],[-6.07559,37.56758],[-6.07711,37.56386],[-6.0785,37.56047],[-6.08009,37.55652],[-6.08152,37.55295],[-6.08397,37.55171],[-6.08691,37.54993],[-6.08711,37.5496]]}},{"type":"Feature","properties":{"id":"way/1487835526","kind":"overhead","voltageClass":"unknown","voltageKv":null,"name":null,"circuits":null,"cables":null,"source":"osm"},"geometry":{"type":"LineString","coordinates":[[-6.11808,37.54512],[-6.11828,37.54289],[-6.12017,37.54226],[-6.12197,37.54164],[-6.1227,37.53966],[-6.12184,37.53831],[-6.12023,37.53684],[-6.11831,37.53509],[-6.11751,37.53356],[-6.11722,37.5316],[-6.11695,37.52975],[-6.11498,37.5297],[-6.11321,37.52967],[-6.11209,37.5279],[-6.11001,37.52778],[-6.10783,37.52764],[-6.107,37.52608],[-6.10611,37.52442],[-6.10523,37.52277],[-6.10211,37.52171]]}},{"type":"Feature","properties":{"id":"way/1487835527","kind":"overhead","voltageClass":"medium","voltageKv":132,"name":null,"circuits":1,"cables":"3","source":"osm"},"geometry":{"type":"LineString","coordinates":[[-6.09909,37.63442],[-6.09881,37.63423],[-6.10124,37.63238],[-6.10153,37.62947],[-6.10169,37.62785],[-6.10373,37.62504],[-6.10549,37.62261],[-6.10723,37.6202],[-6.10921,37.61745],[-6.11107,37.61489],[-6.11302,37.61219],[-6.1168,37.61007],[-6.12069,37.60787],[-6.12358,37.60625],[-6.12684,37.60441],[-6.12741,37.6012],[-6.12789,37.59854],[-6.12844,37.59539],[-6.12898,37.59238],[-6.12951,37.5894],[-6.12992,37.58705],[-6.1303,37.58492],[-6.12877,37.58274],[-6.12567,37.58156],[-6.12457,37.57869],[-6.1229,37.57434],[-6.12104,37.57169],[-6.11697,37.56901],[-6.11562,37.56581],[-6.11391,37.56174],[-6.11226,37.55784],[-6.11043,37.55349],[-6.11081,37.54964],[-6.11107,37.54691],[-6.1146,37.54529],[-6.11799,37.54524],[-6.1186,37.54524]]}},{"type":"Feature","properties":{"id":"way/1488040446","kind":"overhead","voltageClass":"high","voltageKv":220,"name":null,"circuits":1,"cables":"3","source":"osm"},"geometry":{"type":"LineString","coordinates":[[-5.73656,37.51795],[-5.73579,37.51744]]}},{"type":"Feature","properties":{"id":"way/1488040447","kind":"overhead","voltageClass":"high","voltageKv":220,"name":null,"circuits":1,"cables":"3","source":"osm"},"geometry":{"type":"LineString","coordinates":[[-5.75606,37.5537],[-5.75573,37.55342]]}},{"type":"Feature","properties":{"id":"way/1488040448","kind":"overhead","voltageClass":"high","voltageKv":220,"name":null,"circuits":1,"cables":"3","source":"osm"},"geometry":{"type":"LineString","coordinates":[[-5.62116,37.54864],[-5.62134,37.54868]]}},{"type":"Feature","properties":{"id":"way/1488040450","kind":"overhead","voltageClass":"high","voltageKv":220,"name":null,"circuits":1,"cables":"3","source":"osm"},"geometry":{"type":"LineString","coordinates":[[-5.62052,37.54797],[-5.62004,37.54792],[-5.61998,37.54722],[-5.61989,37.54559],[-5.62037,37.54403],[-5.62066,37.5425],[-5.62113,37.54],[-5.62167,37.53715],[-5.62214,37.53466],[-5.62253,37.53261],[-5.62296,37.53032],[-5.62273,37.52886],[-5.62361,37.52656],[-5.62429,37.5248],[-5.62427,37.52427]]}},{"type":"Feature","properties":{"id":"way/1488040452","kind":"overhead","voltageClass":"high","voltageKv":220,"name":null,"circuits":1,"cables":"3","source":"osm"},"geometry":{"type":"LineString","coordinates":[[-5.62053,37.54809],[-5.62003,37.5481],[-5.61799,37.54845],[-5.61434,37.55014],[-5.61149,37.55252],[-5.60909,37.55357],[-5.6063,37.55478],[-5.60507,37.55766],[-5.60178,37.55946],[-5.59855,37.56122],[-5.59511,37.56232],[-5.5939,37.56234],[-5.59362,37.56233]]}},{"type":"Feature","properties":{"id":"way/1488040453","kind":"overhead","voltageClass":"high","voltageKv":220,"name":null,"circuits":1,"cables":"3","source":"osm"},"geometry":{"type":"LineString","coordinates":[[-5.62099,37.54808],[-5.62132,37.54808],[-5.62134,37.54868]]}},{"type":"Feature","properties":{"id":"way/1488040456","kind":"overhead","voltageClass":"high","voltageKv":220,"name":null,"circuits":1,"cables":"3","source":"osm"},"geometry":{"type":"LineString","coordinates":[[-5.6206,37.54866],[-5.62026,37.54866],[-5.61944,37.54867],[-5.61638,37.54695],[-5.6142,37.54573],[-5.61117,37.54517],[-5.60798,37.54457],[-5.60363,37.54376],[-5.60087,37.54324],[-5.59756,37.54262],[-5.5948,37.54217],[-5.5947,37.54193]]}},{"type":"Feature","properties":{"id":"way/1488040459","kind":"overhead","voltageClass":"high","voltageKv":220,"name":null,"circuits":1,"cables":"3","source":"osm"},"geometry":{"type":"LineString","coordinates":[[-5.62102,37.55264],[-5.62102,37.55239],[-5.62019,37.54889],[-5.6206,37.5489]]}},{"type":"Feature","properties":{"id":"way/1488040461","kind":"overhead","voltageClass":"high","voltageKv":220,"name":null,"circuits":2,"cables":"6","source":"osm"},"geometry":{"type":"LineString","coordinates":[[-5.75519,37.55693],[-5.75231,37.55905],[-5.75023,37.56089],[-5.74661,37.56215],[-5.74359,37.5632],[-5.73999,37.56446],[-5.73695,37.56551],[-5.73322,37.56681],[-5.72944,37.5668],[-5.72535,37.56679],[-5.7199,37.56705],[-5.71485,37.56715],[-5.7092,37.56725],[-5.70444,37.56734],[-5.69972,37.56742],[-5.69623,37.56801],[-5.69282,37.56835],[-5.68937,37.56874],[-5.68561,37.56947],[-5.68077,37.57041],[-5.67532,37.57108],[-5.67043,37.57168],[-5.66495,37.57234],[-5.66128,37.57279],[-5.65962,37.57017],[-5.65754,37.56645],[-5.65632,37.56428],[-5.65464,37.56125],[-5.65267,37.55774],[-5.65171,37.55604],[-5.65011,37.5532],[-5.64854,37.55039],[-5.64441,37.55014],[-5.64061,37.5499],[-5.63519,37.54956],[-5.63202,37.54936],[-5.62825,37.54912],[-5.62486,37.54891],[-5.62134,37.54868]]}},{"type":"Feature","properties":{"id":"way/1488040462","kind":"overhead","voltageClass":"high","voltageKv":220,"name":null,"circuits":1,"cables":"3","source":"osm"},"geometry":{"type":"LineString","coordinates":[[-5.75816,37.55661],[-5.7581,37.55634],[-5.75542,37.55676],[-5.75519,37.55693]]}},{"type":"Feature","properties":{"id":"way/1488040463","kind":"overhead","voltageClass":"high","voltageKv":220,"name":null,"circuits":1,"cables":"3","source":"osm"},"geometry":{"type":"LineString","coordinates":[[-5.75519,37.55693],[-5.75507,37.5566],[-5.75495,37.55564],[-5.7547,37.5536],[-5.75542,37.55335],[-5.75569,37.55358],[-5.75595,37.55378]]}},{"type":"Feature","properties":{"id":"way/1488040464","kind":"overhead","voltageClass":"high","voltageKv":220,"name":null,"circuits":1,"cables":"3","source":"osm"},"geometry":{"type":"LineString","coordinates":[[-5.74787,37.52605],[-5.74697,37.52489],[-5.74539,37.52471],[-5.74421,37.52378]]}},{"type":"Feature","properties":{"id":"way/1488040465","kind":"overhead","voltageClass":"high","voltageKv":220,"name":null,"circuits":1,"cables":"3","source":"osm"},"geometry":{"type":"LineString","coordinates":[[-5.74787,37.52605],[-5.74687,37.52501],[-5.7453,37.52483],[-5.74421,37.52378]]}},{"type":"Feature","properties":{"id":"way/1488040466","kind":"overhead","voltageClass":"high","voltageKv":220,"name":null,"circuits":1,"cables":"3","source":"osm"},"geometry":{"type":"LineString","coordinates":[[-5.75555,37.54454],[-5.75518,37.54392],[-5.75589,37.54262],[-5.75566,37.54128]]}},{"type":"Feature","properties":{"id":"way/1488040467","kind":"overhead","voltageClass":"high","voltageKv":220,"name":null,"circuits":1,"cables":"3","source":"osm"},"geometry":{"type":"LineString","coordinates":[[-5.75555,37.54454],[-5.75536,37.54392],[-5.75607,37.54263],[-5.75566,37.54128]]}},{"type":"Feature","properties":{"id":"way/1488040469","kind":"overhead","voltageClass":"high","voltageKv":220,"name":null,"circuits":2,"cables":"6","source":"osm"},"geometry":{"type":"LineString","coordinates":[[-5.74421,37.52378],[-5.74151,37.52166],[-5.73903,37.51981],[-5.73656,37.51795]]}},{"type":"Feature","properties":{"id":"way/1488040470","kind":"overhead","voltageClass":"high","voltageKv":220,"name":null,"circuits":2,"cables":"6","source":"osm"},"geometry":{"type":"LineString","coordinates":[[-5.75566,37.54128],[-5.75407,37.53818],[-5.75233,37.5348],[-5.75071,37.53162],[-5.74899,37.52825],[-5.74787,37.52605]]}},{"type":"Feature","properties":{"id":"way/1488040471","kind":"overhead","voltageClass":"high","voltageKv":220,"name":null,"circuits":2,"cables":"6","source":"osm"},"geometry":{"type":"LineString","coordinates":[[-5.75573,37.55342],[-5.75411,37.55207],[-5.75467,37.5491],[-5.75528,37.54589],[-5.75555,37.54454]]}},{"type":"Feature","properties":{"id":"way/1488040472","kind":"overhead","voltageClass":"high","voltageKv":400,"name":null,"circuits":1,"cables":"3","source":"osm"},"geometry":{"type":"LineString","coordinates":[[-5.7568,37.55434],[-5.75712,37.55462],[-5.75721,37.55535],[-5.75739,37.55676],[-5.75778,37.55792],[-5.7584,37.55781]]}},{"type":"Feature","properties":{"id":"way/1488040475","kind":"overhead","voltageClass":"unknown","voltageKv":null,"name":null,"circuits":1,"cables":"3","source":"osm"},"geometry":{"type":"LineString","coordinates":[[-5.86588,37.61675],[-5.86309,37.61292],[-5.86107,37.60943],[-5.85905,37.60598],[-5.85689,37.602],[-5.85471,37.59801],[-5.85037,37.59659],[-5.84566,37.59507],[-5.84124,37.59363],[-5.83638,37.59206],[-5.83157,37.5905],[-5.82658,37.58887],[-5.82186,37.58734],[-5.81799,37.58608],[-5.81424,37.58487],[-5.81165,37.58402],[-5.8085,37.583],[-5.805,37.58187],[-5.80165,37.58078],[-5.79767,37.57949],[-5.79293,37.57794],[-5.78929,37.576],[-5.78565,37.57406],[-5.78186,37.57255],[-5.77804,37.57104],[-5.77608,37.56897],[-5.77293,37.56728],[-5.76991,37.56469],[-5.76574,37.56277],[-5.76163,37.56086],[-5.75751,37.55896],[-5.75409,37.55738],[-5.74873,37.55754],[-5.74366,37.55806],[-5.73881,37.55855],[-5.7339,37.55907],[-5.72903,37.55957],[-5.72457,37.56003],[-5.72011,37.5605],[-5.71537,37.561],[-5.71169,37.56138],[-5.70791,37.56178],[-5.70274,37.56231],[-5.69775,37.56283],[-5.69292,37.56334],[-5.68893,37.56374],[-5.68432,37.56423],[-5.68019,37.56466],[-5.67591,37.56512],[-5.6721,37.56552],[-5.66828,37.56593],[-5.66217,37.56658],[-5.65922,37.56689],[-5.65686,37.56714],[-5.65408,37.56743],[-5.65003,37.56786],[-5.64576,37.56832],[-5.63993,37.56894],[-5.63769,37.56917],[-5.63404,37.57018],[-5.63039,37.57121],[-5.62586,37.57246],[-5.62258,37.57339],[-5.61642,37.57444],[-5.61037,37.57574],[-5.60662,37.57678],[-5.6029,37.57781],[-5.59834,37.57907],[-5.59455,37.58011],[-5.59079,37.58124],[-5.59032,37.5814]]}},{"type":"Feature","properties":{"id":"way/1493949517","kind":"overhead","voltageClass":"high","voltageKv":220,"name":null,"circuits":null,"cables":null,"source":"osm"},"geometry":{"type":"LineString","coordinates":[[-5.75799,37.25054],[-5.75771,37.2507],[-5.75513,37.24894],[-5.75177,37.24711],[-5.75062,37.24602],[-5.74777,37.24328],[-5.74379,37.24051],[-5.74149,37.23922],[-5.73915,37.2382],[-5.73937,37.23518],[-5.73638,37.23286],[-5.73339,37.23051],[-5.73068,37.22839],[-5.72739,37.22588],[-5.72431,37.22353],[-5.72049,37.22062],[-5.71809,37.21879],[-5.71527,37.21663],[-5.71243,37.21455],[-5.70939,37.21255],[-5.70669,37.21079],[-5.70467,37.20877],[-5.70242,37.20567],[-5.69887,37.20448],[-5.69546,37.20204],[-5.69726,37.19868],[-5.69907,37.19534],[-5.69571,37.19277],[-5.69233,37.1902],[-5.68916,37.18778],[-5.68961,37.18755]]}},{"type":"Feature","properties":{"id":"way/1493949518","kind":"overhead","voltageClass":"high","voltageKv":220,"name":null,"circuits":null,"cables":null,"source":"osm"},"geometry":{"type":"LineString","coordinates":[[-5.78172,37.2847],[-5.78115,37.28446],[-5.77935,37.28306],[-5.77994,37.27994],[-5.78054,37.27681],[-5.78113,37.27369],[-5.78235,37.27056],[-5.78357,37.26744],[-5.7829,37.26391],[-5.78224,37.26037],[-5.77857,37.2595],[-5.7749,37.25863],[-5.77103,37.25792],[-5.76691,37.25753],[-5.76408,37.25558],[-5.76112,37.25278],[-5.75949,37.25143],[-5.75821,37.2509],[-5.75815,37.25057]]}},{"type":"Feature","properties":{"id":"way/1493949520","kind":"overhead","voltageClass":"high","voltageKv":400,"name":null,"circuits":null,"cables":null,"source":"osm"},"geometry":{"type":"LineString","coordinates":[[-5.78239,37.28471],[-5.78181,37.28456],[-5.78144,37.2843],[-5.78493,37.28235],[-5.7878,37.28074],[-5.79028,37.27975],[-5.79428,37.27817],[-5.79827,37.27659],[-5.80227,37.27501],[-5.80624,37.27344],[-5.81024,37.27185],[-5.8141,37.27033],[-5.81833,37.26866],[-5.82272,37.26691],[-5.82674,37.26531],[-5.83111,37.26425],[-5.83548,37.26318],[-5.8368,37.26025],[-5.83811,37.25734],[-5.83941,37.25444],[-5.84072,37.25153],[-5.8428,37.24791],[-5.84296,37.24763],[-5.84332,37.24696]]}},{"type":"Feature","properties":{"id":"way/1493949521","kind":"overhead","voltageClass":"high","voltageKv":220,"name":null,"circuits":null,"cables":null,"source":"osm"},"geometry":{"type":"LineString","coordinates":[[-5.65968,37.37871],[-5.66009,37.379],[-5.66479,37.37848],[-5.66932,37.37797],[-5.67393,37.37745],[-5.67821,37.37698],[-5.68233,37.37651],[-5.68617,37.37608],[-5.6902,37.37562],[-5.69252,37.37336],[-5.69552,37.37044],[-5.69858,37.36745],[-5.70151,37.3646],[-5.70438,37.36179],[-5.70731,37.35893],[-5.7103,37.35603],[-5.71346,37.35293],[-5.7163,37.35015],[-5.71899,37.34752],[-5.72188,37.3447],[-5.72475,37.34192],[-5.72747,37.33925],[-5.73023,37.33655],[-5.7332,37.33366],[-5.73558,37.33054],[-5.73804,37.32734],[-5.74048,37.32418],[-5.7429,37.32101],[-5.7455,37.31763],[-5.74793,37.31446],[-5.75044,37.31118],[-5.75254,37.30844],[-5.75675,37.30618],[-5.76094,37.30395],[-5.76392,37.30235],[-5.76625,37.29941],[-5.76859,37.29647],[-5.771,37.29342],[-5.77325,37.29058],[-5.77565,37.28755],[-5.77882,37.28577],[-5.78115,37.28446],[-5.78165,37.28479]]}},{"type":"Feature","properties":{"id":"way/1496988914","kind":"underground","voltageClass":"low","voltageKv":30,"name":null,"circuits":2,"cables":null,"source":"osm"},"geometry":{"type":"LineString","coordinates":[[-5.71851,37.265],[-5.7189,37.26422],[-5.7306,37.26405]]}},{"type":"Feature","properties":{"id":"way/1496995268","kind":"underground","voltageClass":"low","voltageKv":30,"name":null,"circuits":5,"cables":null,"source":"osm"},"geometry":{"type":"LineString","coordinates":[[-5.73604,37.25902],[-5.73928,37.25415],[-5.73907,37.25394],[-5.73954,37.25375],[-5.7437,37.24799],[-5.74591,37.2456],[-5.74585,37.24543],[-5.74615,37.24532],[-5.74736,37.24404],[-5.74993,37.24616],[-5.75015,37.24606],[-5.75139,37.24733],[-5.75176,37.24753],[-5.75316,37.24823],[-5.75374,37.24823],[-5.7543,37.24881],[-5.7567,37.25006],[-5.75801,37.24999]]}},{"type":"Feature","properties":{"id":"way/1496995269","kind":"underground","voltageClass":"low","voltageKv":30,"name":null,"circuits":null,"cables":null,"source":"osm"},"geometry":{"type":"LineString","coordinates":[[-5.73015,37.26429],[-5.7306,37.26405]]}},{"type":"Feature","properties":{"id":"way/1497034381","kind":"underground","voltageClass":"low","voltageKv":30,"name":null,"circuits":3,"cables":null,"source":"osm"},"geometry":{"type":"LineString","coordinates":[[-5.7306,37.26405],[-5.73332,37.26401]]}},{"type":"Feature","properties":{"id":"way/1497034382","kind":"underground","voltageClass":"low","voltageKv":30,"name":null,"circuits":1,"cables":null,"source":"osm"},"geometry":{"type":"LineString","coordinates":[[-5.72824,37.27164],[-5.72878,37.27163],[-5.73332,37.26401]]}},{"type":"Feature","properties":{"id":"way/1497056907","kind":"underground","voltageClass":"low","voltageKv":30,"name":null,"circuits":4,"cables":null,"source":"osm"},"geometry":{"type":"LineString","coordinates":[[-5.73332,37.26401],[-5.73375,37.26359],[-5.73537,37.26003],[-5.73604,37.25902]]}},{"type":"Feature","properties":{"id":"way/1497056908","kind":"underground","voltageClass":"low","voltageKv":30,"name":null,"circuits":1,"cables":null,"source":"osm"},"geometry":{"type":"LineString","coordinates":[[-5.73564,37.25903],[-5.73604,37.25902]]}},{"type":"Feature","properties":{"id":"way/1497059884","kind":"underground","voltageClass":"low","voltageKv":30,"name":null,"circuits":null,"cables":null,"source":"osm"},"geometry":{"type":"LineString","coordinates":[[-5.68515,37.18],[-5.68571,37.1799],[-5.68584,37.18065],[-5.68724,37.18264],[-5.68928,37.18558],[-5.68998,37.18655],[-5.69011,37.18653],[-5.69009,37.18689],[-5.69023,37.18722]]}},{"type":"Feature","properties":{"id":"way/1497483551","kind":"overhead","voltageClass":"unknown","voltageKv":null,"name":null,"circuits":null,"cables":null,"source":"osm"},"geometry":{"type":"LineString","coordinates":[[-6.00295,37.62482],[-6.00263,37.62332],[-6.00217,37.62138],[-6.00165,37.61913],[-6.00084,37.61564],[-6.00035,37.61367],[-5.99965,37.61119],[-5.99865,37.60773],[-5.99768,37.60442],[-5.99693,37.60173],[-5.99387,37.59961],[-5.99297,37.59953],[-5.99263,37.5995]]}},{"type":"Feature","properties":{"id":"way/1497483552","kind":"overhead","voltageClass":"unknown","voltageKv":null,"name":null,"circuits":null,"cables":null,"source":"osm"},"geometry":{"type":"LineString","coordinates":[[-5.86588,37.61675],[-5.87192,37.61749],[-5.87812,37.61721],[-5.88262,37.61694],[-5.88871,37.61669],[-5.89127,37.61656],[-5.89656,37.61632],[-5.9011,37.61607],[-5.90451,37.61593],[-5.90686,37.61583],[-5.91194,37.61556],[-5.91793,37.61528],[-5.92281,37.61501],[-5.92813,37.61477],[-5.93354,37.61543],[-5.93677,37.61581],[-5.94094,37.61633],[-5.94493,37.61683],[-5.94899,37.61734],[-5.9545,37.61801],[-5.9594,37.61858],[-5.96436,37.61919],[-5.96991,37.61987],[-5.97229,37.62019],[-5.97849,37.62096],[-5.98169,37.62134],[-5.9851,37.62172],[-5.99092,37.62246],[-5.99475,37.62292],[-5.99785,37.62362]]}},{"type":"Feature","properties":{"id":"way/1497531391","kind":"underground","voltageClass":"low","voltageKv":30,"name":null,"circuits":null,"cables":null,"source":"osm"},"geometry":{"type":"LineString","coordinates":[[-5.71796,37.26502],[-5.71851,37.265]]}},{"type":"Feature","properties":{"id":"way/1497531392","kind":"underground","voltageClass":"low","voltageKv":30,"name":null,"circuits":null,"cables":null,"source":"osm"},"geometry":{"type":"LineString","coordinates":[[-5.71532,37.2707],[-5.71594,37.27042],[-5.71851,37.265]]}}]}